kata_asli,kata_stemmed
Jakarta,Jakarta
CNN,CNN
Indonesia,Indonesia
Kepergian,Keperg
mendiang,mendiang
Paus,Paus
Fransiskus,Fransiskus
Senin,Senin
21,21
4,4
memunculkan,muncul
penerus,penerus
pemimpin,pemimpin
umat,umat
Katolik,Katolik
dunia,dunia
Sejumlah,Sejum
nama,nama
kardinal,kardinal
mencuat,cuat
dianggap,anggap
calon,calon
kuat,kuat
penerus,penerus
Paus,Paus
Fransiskus,Fransiskus
Beberapa,Beberapa
nama,nama
menorehkan,menoreh
sejarah,sejarah
terpilih,pilih
menggantikan,menggant
Paus,Paus
Fransiskus,Fransiskus
lantaran,lantar
berasal,asal
Kawasan,Kawas
Asia,Asia
Afrika,Afrika
Berikut,Berikut
nama,nama
kardinal,kardinal
digadang,gadang
gadang,gadang
kuat,kuat
penerus,penerus
Paus,Paus
Fransiskus,Fransiskus
pemimpin,pemimpin
umat,umat
Katolik,Katolik
Vatikan,Vat
Luis,Luis
Antonio,Antonio
sang,sang
Fransiskus,Fransiskus
Asia,Asia
Luis,Luis
Antonio,Antonio
Tagle,Tagle
salah,salah
kandidat,kandidat
unggulan,unggul
bursa,bursa
pemilihan,pemilih
penerus,penerus
Paus,Paus
Fransiskus,Fransiskus
Pria,Pria
berasal,asal
Filipina,Filipina
berpotensi,berpotens
paus,paus
Asia,Asia
sejarah,sejarah
Kardinal,Kardinal
berusia,usia
67,67
populer,populer
kalangan,kalang
kaum,kaum
progresif,progresif
Gereja,Gereja
Katolik,Katolik
Ia,Ia
dijuluki,juluk
Fransiskus,Fransiskus
Asia,Asia
pembawaannya,bawa
hangat,hangat
pandangan,pandang
progresif,progresif
mendiang,mendiang
Paus,Paus
Fransiskus,Fransiskus
dianggap,anggap
reformis,reformis
gereja,gereja
Kardinal,Kardinal
Tagle,Tagle
terkenal,kenal
kesederhanaannya,sederhana
mendiang,mendiang
Paus,Paus
Fransiskus,Fransiskus
Ia,Ia
tinggal,tinggal
seminari,seminari
Filipina,Filipina
20,20
menempati,empat
kamar,kamar
AC,AC
televisi,televisi
Bahkan,Bah
diangkat,angkat
uskup,uskup
menolak,olak
mobil,mobil
dinas,dinas
memilih,memilih
bus,bus
jeepney,jeepney
Edward,Edward
Pentin,Pentin
pakar,pakar
Vatikan,Vat
penulis,penulis
buku,buku
The,The
Next,Next
Pope,Pope
The,The
Leading,Leading
Cardinal,Cardinal
Candidates,Candidates
Kardinal,Kardinal
Tagle,Tagle
salah,salah
favorit,favorit
Paus,Paus
Fransiskus,Fransiskus
menggantikannya,menggant
Kardinal,Kardinal
Tagle,Tagle
menjabat,jabat
kepala,kepala
dikasteri,dikaster
evangelisasi,evangelisas
gereja,gereja
Ia,Ia
kandidat,kandidat
kuat,kuat
Dan,D
usianya,usia
tergolong,golong
muda,muda
Pentin,Pentin
dikutip,kutip
The,The
Telegraph,Telegraph
Namun,Namun
usianya,usia
penghalangnya,halang
terpilih,pilih
penerus,penerus
Paus,Paus
Fransiskus,Fransiskus
Sebab,Sebab
kardinal,kardinal
cenderung,cenderung
berhati,berhat
hati,hati
memilih,memilih
paus,paus
relatif,relatif
muda,muda
kepemimpinannya,kepemimpin
puluhan,puluh
Pemilihan,Pemilih
Paus,Paus
relatif,relatif
muda,muda
dianggap,anggap
menghambat,hambat
peluang,peluang
kardinal,kardinal
terpilih,pilih
paus,paus
Peter,Peter
Turkson,Turkson
penasihat,nasihat
Paus,Paus
Seorang,Seorang
penasihat,nasihat
kunci,kunci
Paus,Paus
Fransiskus,Fransiskus
isu,isu
isu,isu
perubahan,rubah
iklim,iklim
keadilan,adil
sosial,sosial
Kardinal,Kardinal
Peter,Peter
Turkson,Turkson
dianggap,anggap
calon,calon
kuat,kuat
pemimpin,pemimpin
umat,umat
Katolik,Katolik
dunia,dunia
Lahir,Lahir
Ghana,Ghana
Turkson,Turkson
menorehkan,menoreh
sejarah,sejarah
paus,paus
kulit,kulit
hitam,hitam
terpilih,pilih
Kardinal,Kardinal
berusia,usia
76,76
tahuun,tahuun
diangkat,angkat
Uskup,Uskup
Agung,Agung
Cape,Cape
Coast,Coast
Paus,Paus
Yohanes,Yohanes
Paulus,Paulus
II,II
1992,1992
Sebelas,Sebelas
Turkson,Turkson
diangkat,angkat
kardinal,kardinal
sejarah,sejarah
negara,negara
Afrika,Afrika
Barat,Barat
Paus,Paus
Benediktus,Benediktus
XVI,XVI
memanggil,memanggil
Turkson,Turkson
Vatikan,Vat
2009,2009
menjadikannya,menjad
kepala,kepala
Dewan,Dew
Kepausan,Kepaus
Keadilan,Keadil
Perdamaian,Perdama
Lembaga,Lembaga
mempromosikan,mempromos
keadilan,adil
sosial,sosial
hak,hak
asasi,asasi
manusia,manusia
perdamaian,perdama
dunia,dunia
Dalam,Dalam
jabatannya,jabat
Turkson,Turkson
salah,salah
penasihat,nasihat
terdekat,dekat
Paus,Paus
isu,isu
isu,isu
perubahan,rubah
iklim,iklim
menarik,arik
perhatian,perhati
luas,luas
kehadirannya,hadir
konferensi,konferensi
internasional,internasional
Forum,Forum
Ekonomi,Ekonom
Davos,Davos
Pada,Pada
2016,2016
Paus,Paus
Fransiskus,Fransiskus
menggabungkan,gabung
departemen,departemen
dipimpin,pimpin
Kardinal,Kardinal
Turkson,Turkson
kantor,kantor
Sebagian,Sebag
menganggap,anggap
langkah,langkah
penggabungan,gabung
departemen,departemen
memicu,memicu
perebutan,rebut
pengaruh,pengaruh
Turkson,Turkson
kardinal,kardinal
Kardinal,Kardinal
Turkson,Turkson
mengundurkan,undur
jabatan,jabat
2021,2021
memimpin,memimpin
akademi,akademi
kepausan,paus
bidang,bidang
ilmu,ilmu
pengetahuan,pengetahu
ilmu,ilmu
sosial,sosial
Pada,Pada
2023,2023
wawancara,wawancara
BBC,BBC
Turkson,Turkson
mengaku,menga
berdoa,doa
terpilih,pilih
paus,paus
Namun,Namun
pengkritiknya,kritik
menilai,nila
Turkson,Turkson
berkampanye,kampanye
jabatan,jabat
tertinggi,tertingg
Gereja,Gereja
Katolik,Katolik
intensitasnya,intensitas
tampil,tampil
media,media
Peter,Peter
Erdo,Erdo
Hungaria,Hungaria
Dari,Dar
kalangan,kalang
konservatif,konservatif
muncul,muncul
nama,nama
Peter,Peter
Erdo,Erdo
kardinal,kardinal
Hungaria,Hungaria
Uskup,Uskup
Agung,Agung
Esztergom,Esztergom
Budapest,Budapest
calon,calon
kuat,kuat
pengganti,penggant
Paus,Paus
Fransiskus,Fransiskus
Menurut,Menurut
Pentin,Pentin
Erdo,Erdo
kandidat,kandidat
kuat,kuat
sayap,sayap
konservatif,konservatif
Gereja,Gereja
Ia,Ia
menilai,nila
menyukai,menyuka
kardinal,kardinal
berusia,usia
72,72
ahli,ahli
hukum,hukum
kanon,kanon
dab,dab
mahir,mahir
hukum,hukum
Gereja,Gereja
Banyak,Banyak
umat,umat
Katolik,Katolik
Gereja,Gereja
dikembalikan,kembal
kondisi,kondisi
hukum,hukum
gerejawi,gerejawi
berkembang,kembang
kepemimpinan,kepemimpin
Paus,Paus
Fransiskus,Fransiskus
Erdo,Erdo
dianggap,anggap
sosok,sosok
aman,aman
dipercaya,percaya
Pentin,Pentin
Secara,Secara
teologis,teologis
Erdo,Erdo
berpandangan,pandang
konservatif,konservatif
Dalam,Dalam
pidatonya,pidato
Eropa,Eropa
menekankan,menek
akar,akar
kekristenan,kristen
benua,benua
Namun,Namun
dinilai,nila
pragmatis,pragmatis
terbuka,buka
berselisih,selisih
Paus,Paus
Fransiskus,Fransiskus
berbeda,beda
rohaniwan,rohaniw
tradisionalis,tradisionalis
Meski,Mesk
menarik,arik
perhatian,perhati
Vatikan,Vat
krisis,krisis
migran,migran
2015,2015
Saat,Saat
Erdo,Erdo
memiliki,milik
pandangan,pandang
berseberangan,seberang
seruan,seru
Paus,Paus
Fransiskus,Fransiskus
gereja,gereja
gereja,gereja
menerima,menerima
pengungsi,pengungs
Erdo,Erdo
dianggap,anggap
bentuk,bentuk
perdagangan,perdagang
manusia,manusia
pernyataan,pernyata
sejalan,sejal
pandangan,pandang
nasionalis,nasionalis
Perdana,Perdana
Menteri,Menter
Hungaria,Hungaria
Viktor,Viktor
Orban,Orb
Pietro,Pietro
Parolin,Parolin
Italia,Italia
Sekretaris,Sekretaris
Negara,Negara
Vatikan,Vat
perdana,perdana
menteri,menteri
de,de
facto,facto
Vatikan,Vat
Pietro,Pietro
Parolin,Parolin
dianggap,anggap
salah,salah
kandidat,kandidat
terkuat,kuat
pengganti,penggant
paus,paus
Namanya,Nama
dikenal,kenal
perang,perang
Ukraina,Ukraina
Vatikan,Vat
mencoba,coba
memosisikan,memosis
penengah,engah
netral,netral
menjembatani,jembatan
dialog,dialog
Kyiv,Kyiv
Moskow,Moskow
konflik,konflik
Thomas,Thomas
Reese,Reese
imam,imam
Katolik,Katolik
Amerika,Amerika
Serikat,Serikat
penulis,penulis
buku,buku
Inside,Inside
the,the
Vatican,Vatic
Parolin,Parolin
diplomat,diplomat
kompeten,kompeten
Parolin,Parolin
dianggap,anggap
otak,otak
diplomasi,diplomasi
internasional,internasional
Paus,Paus
Fransiskus,Fransiskus
kesalahan,salah
Namun,Namun
reputasinya,reputasi
tercoreng,coreng
akibat,akibat
skandal,skandal
properti,properti
menyebabkan,menyebab
Vatikan,Vat
merugi,merug
jutaan,juta
euro,euro
pembelian,bel
gedung,gedung
bekas,bekas
showroom,showroom
Harrods,Harrods
London,London
Inggris,Inggris
Akan,A
kompeten,kompeten
wewenang,wewenang
bawahannya,bawah
Apa,Apa
salah,salah
pemimpinnya,pemimpin
Proses,Proses
persidangan,persidang
membayangi,bayang
peluang,peluang
kepausannya,paus
Pastor,Pastor
Reese,Reese
Kandidat,Kandidat
Selain,Selain
keempat,empat
kardinal,kardinal
menyebut,menyebut
nama,nama
nama,nama
dianggap,anggap
kalah,kalah
cocok,cocok
pemimpin,pemimpin
umat,umat
Katolik,Katolik
Kardinal,Kardinal
Jose,Jose
Tolentino,Tolentino
Calaca,Calaca
de,de
Mendonca,Mendonca
muncul,muncul
kandidat,kandidat
kuat,kuat
mengganti,menggant
Paus,Paus
Fransiskus,Fransiskus
berasal,asal
kaum,kaum
progresif,progresif
Gereja,Gereja
Kardinal,Kardinal
Pulau,Pulau
Madeira,Madeira
Portugal,Portugal
Paus,Paus
Fransiskus,Fransiskus
kepala,kepala
departemen,departemen
budaya,budaya
pendidikan,pendid
Dari,Dar
Italia,Italia
muncul,muncul
nama,nama
Kardinal,Kardinal
Matteo,Matteo
Zuppi,Zupp
Uskup,Uskup
Agung,Agung
Bologna,Bologna
calon,calon
kuat,kuat
penerus,penerus
Paus,Paus
Fransiskus,Fransiskus
Ia,Ia
dianggap,anggap
sosok,sosok
progresif,progresif
Paus,Paus
Fransiskus,Fransiskus
Masih,Masih
kawasan,kawasan
Eropa,Eropa
Kardinal,Kardinal
Mario,Mario
Grech,Grech
Malta,Malta
menjabat,jabat
Sekretaris,Sekretaris
Jenderal,Jenderal
Sinode,Sinode
Uskup,Uskup
dianggap,anggap
memiliki,milik
peluang,peluang
menduduki,duduk
posisi,posisi
tertinggi,tertingg
Gereja,Gereja
Katolik,Katolik
Grech,Grech
dikenal,kenal
Paus,Paus
Fransiskus,Fransiskus
memiliki,milik
kecenderungan,cenderung
konservatif,konservatif
menjadikannya,menjad
kandidat,kandidat
kompromi,kompromi
diterima,terima
kalangan,kalang
Dari,Dar
Afrika,Afrika
nama,nama
Kardinal,Kardinal
Robert,Robert
Sarah,Sarah
Guinea,Guinea
digadang,gadang
gadang,gadang
kandidat,kandidat
kuat,kuat
pengganti,penggant
Paus,Paus
Fransiskus,Fransiskus
Ia,Ia
dikenal,kenal
kritiknya,kritik
ideologi,ideologi
gender,gender
penolakannya,penola
radikalisme,radikalisme
Islam,Islam
rds,rds
Jakarta,Jakarta
CNBC,CNBC
Indonesia,Indonesia
Penggunaan,Pengguna
sistem,sistem
pembayaran,bayar
Indonesia,Indonesia
seper,per
Quick,Quick
Responese,Responese
Indonesian,Indones
Standard,Standard
QRIS,QRIS
Gerbang,Gerbang
Pembayaran,Pembayar
Nasional,Nasional
salah,salah
pembahasan,bahas
negosiasi,negosiasi
perdagangan,perdagang
pemerintah,pemerintah
Amerika,Amerika
Serikat,Serikat
AS,AS
Menteri,Menter
Koordinator,Koordinator
Bidang,Bidang
Perekonomian,Perekonom
Airlangga,Airlangga
Hartarto,Hartarto
pemerintah,pemerintah
berkoordinasi,berkoordinas
Bank,Bank
Indonesia,Indonesia
BI,BI
Otoritas,Otoritas
Jasa,Jasa
Keuangan,Keuang
OJK,OJK
terkait,kait
masukan,masu
AS,AS
Kami,Kam
berkoordinasi,berkoordinas
OJK,OJK
BI,BI
terkait,kait
payment,payment
Amerika,Amerika
Airlangga,Airlangga
konferensi,konferensi
pers,pers
daring,daring
diku,d
p,p
Minggu,Minggu
20,20
4,4
2025,2025
Sayangnya,Sayang
Airlangga,Airlangga
dak,dak
pemerintah,pemerintah
Indonesia,Indonesia
BI,BI
OJK,OJK
menghadapi,hadap
tarif,tarif
AS,AS
Sebagai,Sebaga
catatan,catat
provider,provider
kartu,kartu
kenamaan,nama
AS,AS
melobi,lob
pemerintah,pemerintah
Bank,Bank
Indonesia,Indonesia
perihal,perihal
penggunaan,guna
GPN,GPN
2019,2019
Namun,Namun
BI,BI
dak,dak
melonggarkan,longgar
aturan,atur
wajib,wajib
GPN,GPN
Pada,Pada
2019,2019
silam,silam
setahun,tahun
diluncurkannya,luncur
GPN,GPN
Indonesia,Indonesia
menghapus,hapus
kewajiban,wajib
menggandeng,gandeng
perusahaan,perusaha
switching,switching
lokal,lokal
bisnis,bisnis
sistem,sistem
pembayaran,bayar
domes,domes
k,k
perusahaan,perusaha
AS,AS
Mastercard,Mastercard
Visa,Visa
Perubahan,Perubah
mengizinkan,izin
perusahaan,perusaha
AS,AS
memproses,proses
transaksi,transaksi
kartu,kartu
kredit,kredit
rekanan,rekan
lokal,lokal
sumber,sumber
Reuters,Reuters
Jumat,Jumat
4,4
10,10
2019,2019
Ini,In
kemenangan,menang
lobi,lobi
pemerintah,pemerintah
AS,AS
tekanan,tekan
negara,negara
Asia,Asia
mengeluarkan,mengeluar
aturan,atur
khusus,khusus
menggenjot,genjot
alat,alat
pembayaran,bayar
lokal,lokal
tulis,tulis
media,media
Reuters,Reuters
salinan,salin
email,email
pejabat,jabat
AS,AS
ekseku,ekse
f,f
perusahaan,perusaha
kartu,kartu
Detail,Detail
email,email
200,200
halaman,halaman
aturan,atur
Kebebasan,Kebebas
Informasi,Informas
AS,AS
Komunikasi,Komunikas
via,via
surat,surat
elektronik,elektronik
April,April
2018,2018
Agustus,Agustus
2019,2019
Dalam,Dalam
email,email
salah,salah
perusahaan,perusaha
Mastercard,Mastercard
melobi,lob
perwakilan,perwakil
Dagang,Dagang
AS,AS
USTR,USTR
India,India
Vietnam,Vietnam
Laos,Laos
Ukraina,Ukraina
Gana,Gana
Saat,Saat
diterbitkannya,terbit
GPN,GPN
pemrosesan,pemroses
transaksi,transaksi
negeri,negeri
perusahaan,perusaha
switching,switching
mayoritas,mayoritas
sahamnya,saham
dimiliki,milik
investor,investor
negeri,negeri
Dengan,Deng
aturan,atur
Visa,Visa
Mastercard,Mastercard
dak,dak
langsung,langsung
memproses,proses
transaksi,transaksi
pembayaran,bayar
Mereka,Mereka
menggandeng,gandeng
partner,partner
lokal,lokal
Sebelumnya,Sebelum
Visa,Visa
Mastercard,Mastercard
langsung,langsung
memproses,proses
transaksi,transaksi
nasabah,nasabah
Indonesia,Indonesia
Singapura,Singapura
GPN,GPN
diprediksi,diprediks
menekan,mene
laba,laba
Mastercard,Mastercard
Visa,Visa
Terutama,Terutama
fee,fee
kartu,kartu
kredit,kredit
keuntungannya,untung
Indonesia,Indonesia
Permintaan,Perminta
pengecualian,pengecual
GPN,GPN
salah,salah
permintaan,perminta
AS,AS
Indonesia,Indonesia
fasilitas,fasilitas
generalized,generalized
system,system
of,of
preferences,preferences
GSP,GSP
Ini,In
fasilitas,fasilitas
tarif,tarif
bea,bea
masuk,masuk
rendah,rendah
produk,produk
ekspor,ekspor
Indonesia,Indonesia
AS,AS
Fasilitas,Fasilitas
ditangguhkan,tangguh
2022,2022
TEMPO,TEMPO
CO,CO
Jakarta,Jakarta
Ekonom,Ekonom
Ins,Ins
tute,tute
for,for
Development,Development
of,of
Economics,Economics
and,and
Finance,Finance
Indef,Indef
Fadhil,Fadhil
Hasan,Has
menilai,nila
dampak,dampak
kebijakan,kebija
tarif,tarif
resiprokal,resiprokal
Amerika,Amerika
Serikat,Serikat
Indonesia,Indonesia
rela,rela
f,f
moderat,moderat
Menurut,Menurut
pendapat,dapat
sisi,sisi
perdagangan,perdagang
impact,impact
mbulkan,mbul
kebijakan,kebija
Trump,Trump
resiprocal,resiprocal
tariff,tariff
perdagangan,perdagang
Indonesia,Indonesia
moderat,moderat
Diskusi,Diskus
Publik,Publik
Waspada,Waspada
Genderang,Genderang
Perang,Perang
Dagang,Dagang
diadakan,ada
Indef,Indef
Jakarta,Jakarta
Jumat,Jumat
4,4
April,April
2025,2025
Secara,Secara
Fadhil,Fadhil
menyebut,menyebut
10,10
komoditas,komoditas
ekspor,ekspor
Indonesia,Indonesia
terdampak,dampak
tarif,tarif
resiprokal,resiprokal
AS,AS
Dilansir,Dilansir
Antara,Antara
produk,produk
ekspor,ekspor
Indonesia,Indonesia
seper,per
teks,teks
l,l
garmen,garmen
alas,alas
kaki,kaki
minyak,minyak
sawit,sawit
terkena,kena
dampak,dampak
kebijakan,kebija
terkhusus,khusus
industri,industri
teks,teks
l,l
Indonesia,Indonesia
dikhawa,dikhawa
rkan,r
kian,kian
merosot,merosot
Asosiasi,Asosias
Produsen,Produsen
Serat,Serat
Benang,Benang
Filament,Filament
Indonesia,Indonesia
mencatat,catat
60,60
perusahaan,perusaha
teks,teks
l,l
tutu,tutu
Di,D
sisi,sisi
Kementerian,Kementer
Ketenagakerjaan,Ketenagakerja
mencatat,catat
24,24
ribu,ribu
buruh,buruh
teks,teks
l,l
terkena,kena
pemutusan,utus
hubungan,hubung
kerja,kerja
PHK,PHK
2024,2024
Ikatan,Ikat
Pengusaha,Pengusaha
Konveksi,Konveks
Bekarya,Bekarya
memrediksi,memrediks
penutuan,penutu
pabrik,pabrik
PHK,PHK
terungkap,ungkap
perusahaan,perusaha
menengah,engah
Lebih,Lebih
PHK,PHK
industri,industri
menengah,engah
IKM,IKM
diperkiran,diperkir
mencapai,capa
1,1
000,000
unit,unit
tenaga,tenaga
kerja,kerja
kehilangan,hilang
mata,mata
pencaharian,cahar
ratusan,ratus
ribu,ribu
orang,orang
Namun,Namun
kebijakan,kebija
diterapkan,terap
negara,negara
pesaing,saing
Indonesia,Indonesia
seper,per
Vietnam,Vietnam
Malaysia,Malaysia
Thailand,Thailand
menilai,nila
dampaknya,dampak
Indonesia,Indonesia
cenderung,cenderung
ringan,ringan
Bahkan,Bah
Vietnam,Vietnam
Malaysia,Malaysia
menghadapi,hadap
level,level
tarif,tarif
nggi,ngg
dibandingkan,banding
Indonesia,Indonesia
Amerika,Amerika
Serikat,Serikat
menempa,menempa
posisi,posisi
mitra,mitra
dagang,dagang
terbesar,besar
Indonesia,Indonesia
Tiongkok,Tiongkok
Sekitar,Sekitar
10,10
5,5
persen,persen
total,total
ekspor,ekspor
Indonesia,Indonesia
pasar,pasar
Amerika,Amerika
menjadikan,menjad
negara,negara
salah,salah
tujuan,tuju
utama,utama
produk,produk
unggulan,unggul
Tanah,Tanah
Air,Air
Selain,Selain
Indonesia,Indonesia
berhasil,hasil
mencatatkan,catat
surplus,surplus
perdagangan,perdagang
signifikan,signifikan
AS,AS
16,16
8,8
miliar,miliar
dolar,dolar
AS,AS
Surplus,Surplus
nilai,nilai
ekspor,ekspor
Indonesia,Indonesia
AS,AS
melebihi,lebih
nilai,nilai
impornya,impor
negara,negara
mencerminkan,cermin
hubungan,hubung
perdagangan,perdagang
cenderung,cenderung
menguntungkan,untung
Indonesia,Indonesia
Namun,Namun
kondisi,kondisi
berpotensi,berpotens
berubah,ubah
Presiden,Presiden
Amerika,Amerika
Serikat,Serikat
Donald,Donald
Trump,Trump
mengumumkan,umum
kebijakan,kebija
terkait,kait
tarif,tarif
impor,impor
Rabu,Rabu
2,2
April,April
2025,2025
Dalam,Dalam
pernyataannya,pernyata
Trump,Trump
menetapkan,menetap
kenaikan,kena
tarif,tarif
impor,impor
angka,angka
minimum,minimum
10,10
persen,persen
berlaku,berla
negara,negara
dunia,dunia
Indonesia,Indonesia
Kebijakan,Kebija
langkah,langkah
diklaim,klaim
bertujuan,tuju
melindungi,lindung
industri,industri
domes,domes
k,k
AS,AS
mengurangi,mengurang
ketergantungan,ketergantung
produk,produk
negeri,negeri
Dalam,Dalam
da,da
ar,ar
negara,negara
negara,negara
terkena,kena
dampak,dampak
kebijakan,kebija
Indonesia,Indonesia
menempa,menempa
urutan,urut
kedelapan,delap
tarif,tarif
dikenakan,kena
mencapai,capa
32,32
persen,persen
Jumlah,Jum
tergolong,golong
nggi,ngg
dibandingkan,banding
negara,negara
berpotensi,berpotens
menekan,mene
daya,daya
saing,saing
produk,produk
ekspor,ekspor
Indonesia,Indonesia
pasar,pasar
Amerika,Amerika
Secara,Secara
60,60
negara,negara
tercantum,cantum
da,da
ar,ar
penerima,penerima
kebijakan,kebija
tarif,tarif
Mereka,Mereka
dikenai,kena
tarif,tarif
mbal,mbal
besarnya,besar
ditentukan,tentu
berdasarkan,dasar
tarif,tarif
kenakan,kena
produk,produk
ekspor,ekspor
AS,AS
Kebijakan,Kebija
dianggap,anggap
bentuk,bentuk
respons,respons
prak,prak
k,k
perdagangan,perdagang
pemerintah,pemerintah
AS,AS
dinilai,nila
dak,dak
adil,adil
merugikan,merug
kepen,pen
ngan,ng
ekonomi,ekonomi
domes,domes
k,k
Dalam,Dalam
da,da
ar,ar
Indonesia,Indonesia
satunya,satu
negara,negara
Asia,Asia
Tenggara,Tenggara
terdampak,dampak
Negara,Negara
seper,per
Malaysia,Malaysia
Kamboja,Kamboja
Vietnam,Vietnam
Thailand,Thailand
mengalami,alam
kenaikan,kena
tarif,tarif
24,24
persen,persen
49,49
persen,persen
46,46
persen,persen
36,36
persen,persen
Trump,Trump
kebijakan,kebija
tarif,tarif
bertujuan,tuju
menciptakan,cipta
lapangan,lapang
kerja,kerja
negeri,negeri
Ia,Ia
pejabat,jabat
pemerintahannya,pemerintah
beranggapan,anggap
AS,AS
dirugikan,dirug
negara,negara
prak,prak
k,k
perdagangan,perdagang
dianggap,anggap
dak,dak
adil,adil
Tarif,Tarif
tarif,tarif
diancamkan,ancam
Trump,Trump
diumumkan,umum
acara,acara
bertajuk,tajuk
Make,Make
America,America
Wealthy,Wealthy
Again,Again
digelar,gelar
Rose,Rose
Garden,Garden
Gedung,Gedung
Pu,Pu
h,h
Beredarnya,Beredar
narasi,narasi
operasi,operasi
caesar,caesar
ditanggung,tanggung
Badan,Bad
Penyelenggara,Penyelenggara
Jaminan,Jamin
Sosial,Sosial
Kesehatan,Kesehat
BPJS,BPJS
hamil,hamil
memeriksakan,memeriksa
BPJS,BPJS
kehamilan,hamil
memunculkan,muncul
kekhawatiran,khawatir
kalangan,kalang
calon,calon
Sebagai,Sebaga
dokter,dokter
peneliti,penelit
kesehatan,sehat
maternal,maternal
penulis,penulis
menilai,nila
isu,isu
kebingungan,bingung
publik,publik
memanfaatkan,manfaat
jaminan,jamin
kesehatan,sehat
Sejak,Sejak
BPJS,BPJS
meluncurkan,luncur
Jaminan,Jamin
Kesehatan,Kesehat
Nasional,Nasional
JKN,JKN
2014,2014
akses,akses
masyarakat,masyarakat
pelayanan,layan
kesehatan,sehat
persalinan,persalin
meningkat,meningkat
drastis,drastis
Banyak,Banyak
studi,studi
pertumbuhan,pertumbuh
signifikan,signifikan
persalinan,persalin
ditangani,tangan
tenaga,tenaga
kesehatan,sehat
fasilitas,fasilitas
pelayanan,layan
penyempitan,penyempit
kesenjangan,senjang
akses,akses
antarkelompok,antarkelompok
sosioekonomi,sosioekonom
Bagi,Bag
hamil,hamil
perdesaan,perdesa
wilayah,wilayah
kebijakan,kebija
penyelamat,penyelamat
memperoleh,memperoleh
pertolongan,pertolong
medis,medis
Namun,Namun
luasnya,luas
cakupan,cakup
JKN,JKN
memunculkan,muncul
konsekuensi,konsekuensi
terduga,duga
Masyarakat,Masyarakat
kali,kali
menganggap,anggap
BPJS,BPJS
berlaku,berla
otomatis,otomatis
tindakan,tinda
memperhatikan,memperhat
ketentuan,tentu
indikasi,indikasi
Ada,Ada
fenomena,fenomena
media,media
sosial,sosial
hamil,hamil
memilih,memilih
kontrol,kontrol
kehamilan,hamil
biaya,biaya
mandiri,mandiri
klinik,klinik
dokter,dokter
pilihan,pilih
persalinan,persalin
caesar,caesar
mengandalkan,andal
BPJS,BPJS
Dari,Dar
perspektif,perspektif
hak,hak
pasien,pasien
berhak,hak
menentukan,menentu
persalinan,persalin
dirasa,rasa
terbaik,baik
Namun,Namun
perspektif,perspektif
sistem,sistem
kesehatan,sehat
pembiayaan,biaya
dana,dana
publik,publik
semestinya,semest
mempertimbangkan,mempertimbang
efisiensi,efisiensi
indikasi,indikasi
medis,medis
Secara,Secara
medis,medis
operasi,operasi
caesar,caesar
menyelamatkan,menyelamat
nyawa,nyawa
komplikasi,komplikasi
serius,serius
kelainan,lain
letak,letak
janin,janin
plasenta,plasenta
previa,previa
preeklamsia,preeklamsia
berat,berat
ketuban,ketuban
pecah,pecah
Namun,Namun
overuse,overuse
penggunaan,guna
indikasi,indikasi
medis,medis
WHO,WHO
merekomendasikan,merekomendas
idealnya,ideal
angka,angka
persalinan,persalin
caesar,caesar
berkisar,kisar
10,10
15,15
persen,persen
total,total
persalinan,persalin
Melebihi,Melebih
batas,batas
menurunkan,urun
angka,angka
kematian,kemat
bayi,bayi
signifikan,signifikan
Di,D
Indonesia,Indonesia
tren,tren
operasi,operasi
caesar,caesar
meningkat,meningkat
signifikan,signifikan
menyentuh,menyentuh
18,18
5,5
persen,persen
2017,2017
Jakarta,Jakarta
mencapai,capa
31,31
1,1
persen,persen
Survei,Surve
Demografi,Demograf
Kesehatan,Kesehat
Indonesia,Indonesia
angka,angka
caesar,caesar
cenderung,cenderung
kalangan,kalang
berpendidikan,berpendid
berstatus,status
ekonomi,ekonomi
tinggal,tinggal
perkotaan,perkota
Padahal,Padahal
operasi,operasi
caesar,caesar
memiliki,milik
risiko,risiko
indikasi,indikasi
membahayakan,bahaya
keselamatan,selamat
bayi,bayi
Pada,Pada
dasarnya,dasar
kebijakan,kebija
diterapkan,terap
negara,negara
Di,D
Thailand,Thailand
Universal,Universal
Coverage,Coverage
Scheme,Scheme
UCS,UCS
menanggung,anggung
biaya,biaya
caesar,caesar
terindikasi,terindikas
medis,medis
Begitu,Begitu
Singapura,Singapura
MediShield,MediShield
Life,Life
menanggung,anggung
caesar,caesar
kecuali,kecuali
Penulis,Penulis
menyebut,menyebut
peraturan,peratur
adil,adil
Namun,Namun
definisi,definisi
indikasi,indikasi
medis,medis
kerap,kerap
area,area
abu,abu
abu,abu
Di,D
dokter,dokter
tenaga,tenaga
kesehatan,sehat
risiko,risiko
manfaat,manfaat
metode,metode
persalinan,persalin
transparan,transparan
hamil,hamil
memahami,memaham
hak,hak
kewajibannya,wajib
peserta,serta
BPJS,BPJS
Dari,Dar
sudut,sudut
pandang,pandang
sistem,sistem
kesehatan,sehat
operasi,operasi
caesar,caesar
tergolong,golong
mahal,mahal
menyita,menyita
sumber,sumber
daya,daya
Berdasarkan,Berdasar
data,data
BPJS,BPJS
tindakan,tinda
salah,salah
pos,pos
pengeluaran,pengeluar
terbesar,besar
meningkat,meningkat
Pada,Pada
2019,2019
36,36
persen,persen
persalinan,persalin
ditanggung,tanggung
BPJS,BPJS
caesar,caesar
Fenomena,Fenomena
melonjaknya,lonjak
angka,angka
caesar,caesar
indikasi,indikasi
menggambarkan,gambar
tantangan,tantang
moral,moral
hazard,hazard
peserta,serta
bebas,bebas
prosedur,prosedur
berbiaya,biaya
dianggap,anggap
gratis,gratis
Padahal,Padahal
dana,dana
JKN,JKN
berasal,asal
kontribusi,kontribusi
idealnya,ideal
dimanfaatkan,manfaat
optimal,optimal
Jika,Jika
pembuat,buat
kebijakan,kebija
menegakkan,menegak
standar,standar
indikasi,indikasi
medis,medis
ketat,ketat
angka,angka
caesar,caesar
ditanggung,tanggung
BPJS,BPJS
membengkak,bengkak
BPJS,BPJS
terancam,ancam
defisit,defisit
berdampak,dampak
kualitas,kualitas
layanan,layan
Sebagai,Sebaga
penulis,penulis
memahami,memaham
keputusan,putus
persalinan,persalin
perkara,perkara
medis,medis
aman,aman
kenyamanan,nyaman
keyakinan,yakin
pribadi,pribadi
Namun,Namun
ditempatkan,tempat
konteks,konteks
kepentingan,penting
publik,publik
memperhatikan,memperhat
keberlanjutan,keberlanjut
program,program
JKN,JKN
Jika,Jika
anggaran,anggar
habis,habis
tersedot,sedot
pos,pos
sepenuhnya,sepenuh
akses,akses
layanan,layan
hamil,hamil
berisiko,risiko
daerah,daerah
tertinggal,tinggal
terganggu,ganggu
Kebijakan,Kebija
dirumuskan,rumus
memenuhi,memenuh
hak,hak
individual,individual
menjaga,jaga
asas,asas
gotong,gotong
royong,royong
Penulis,Penulis
menyarankan,menyar
Pertama,Pertama
mengubah,ubah
narasi,narasi
terkait,kait
persalinan,persalin
Tanpa,Tanpa
edukasi,edukasi
memadai,ada
masyarakat,masyarakat
menganggap,anggap
caesar,caesar
pilihan,pilih
risiko,risiko
Promosi,Promos
kesehatan,sehat
menumbuhkan,menumbuh
pemahaman,pemaham
persalinan,persalin
normal,normal
kali,kali
aman,aman
murah,murah
pemulihannya,pemulih
cepat,cepat
komplikasi,komplikasi
Kedua,Kedua
fasilitas,fasilitas
kesehatan,sehat
tingkat,tingkat
FKTP,FKTP
garda,garda
terdepan,terdep
hamil,hamil
Namun,Namun
FKTP,FKTP
beroperasi,beroperas
24,24
jam,jam
kekurangan,kurang
alat,alat
tenaga,tenaga
medis,medis
siaga,siaga
Akibatnya,Akibat
masyarakat,masyarakat
cenderung,cenderung
merujuk,rujuk
rumah,rumah
sakit,sakit
opsi,opsi
caesar,caesar
mudah,mudah
diambil,ambil
peserta,serta
BPJS,BPJS
Penguatan,Penguat
infrastruktur,infrastruktur
kualitas,kualitas
FKTP,FKTP
Ketiga,Ketiga
transparansi,transparansi
biaya,biaya
prosedur,prosedur
BPJS,BPJS
pasien,pasien
ditingkatkan,tingkat
Masyarakat,Masyarakat
memahami,memaham
konsekuensi,konsekuensi
finansial,finansial
kesehatan,sehat
pilihan,pilih
Masih,Masih
memahami,memaham
prosedur,prosedur
rujukan,ruju
JKN,JKN
Pemeriksaan,Pemeriksa
rutin,rutin
FKTP,FKTP
formalitas,formalitas
sarana,sarana
deteksi,deteksi
komplikasi,komplikasi
Tanpa,Tanpa
pemeriksaan,pemeriksa
data,data
indikasi,indikasi
medis,medis
terpantau,pantau
memicu,memicu
kesimpangsiuran,kesimpangsiur
ditanggung,tanggung
tidaknya,tidak
operasi,operasi
caesar,caesar
Komunikasi,Komunikas
efektif,efektif
BPJS,BPJS
tenaga,tenaga
medis,medis
kunci,kunci
Dengan,Deng
edukasi,edukasi
komprehensif,komprehensif
calon,calon
kontrol,kontrol
kehamilan,hamil
bijak,bijak
caesar,caesar
sesuai,sesuai
indikasi,indikasi
medis,medis
sah,sah
Jika,Jika
tren,tren
penggunaan,guna
caesar,caesar
indikasi,indikasi
medis,medis
dibiarkan,biar
keseimbangan,keseimbang
dana,dana
jaminan,jamin
kesehatan,sehat
melindungi,lindung
masyarakat,masyarakat
terganggu,ganggu
Semua,Semua
pemangku,mang
kepentingan,penting
pemerintah,pemerintah
penyedia,penyedia
layanan,layan
peserta,serta
bersinergi,bersinerg
keberlangsungan,keberlangsung
JKN,JKN
kesehatan,sehat
anak,anak
Indonesia,Indonesia
Komisi,Komis
III,III
DPR,DPR
mengundang,undang
mantan,mantan
pemain,ain
sirkus,sirkus
Oriental,Oriental
Circus,Circus
Indonesia,Indonesia
OCI,OCI
audiensi,audiensi
rapat,rapat
dengar,dengar
pendapat,dapat
RDPU,RDPU
Mantan,Mant
pekerja,kerja
sirkus,sirkus
mengaku,menga
dieksploitasi,dieksploitas
mengalami,alam
pelanggaran,langgar
hak,hak
asasi,asasi
manusia,manusia
pengelola,pengelola
OCI,OCI
Taman,Tam
Safari,Safar
1970,1970
an,
Menurut,Menurut
anggota,anggota
Komisi,Komis
III,III
DPR,DPR
Abdullah,Abdul
audiensi,audiensi
digelar,gelar
siang,siang
Jam,Jam
14,14
00,00
WIB,WIB
rencananya,rencana
Abdullah,Abdul
dihubungi,hubung
Senin,Senin
21,21
April,April
2025,2025
Abdullah,Abdul
RDPU,RDPU
digelar,gelar
terbuka,buka
tertutup,tutup
Terbuka,Terbuka
tertutup,tutup
tergantung,gantung
kesepakatan,sepakat
forum,forum
rapat,rapat
Politikus,Politikus
Partai,Parta
Kebangkitan,Kebangkit
Bangsa,Bangsa
PKB,PKB
menyebut,menyebut
audiensi,audiensi
dihadiri,hadir
pengelola,pengelola
OCI,OCI
aktif,aktif
Adapula,Adapula
aparat,aparat
penegak,penegak
hukum,hukum
berpartisipasi,berpartisipas
audiensi,audiensi
Direktur,Direktur
Kriminal,Kriminal
Umum,Umum
Polda,Polda
Jawa,Jawa
Barat,Barat
panggil,panggil
Gus,Gus
Abduh,Abduh
sapaan,sapa
Abdullah,Abdul
Rencana,Rencana
RDPU,RDPU
eks,eks
pekerja,kerja
sirkus,sirkus
Ketua,Ketua
Komisi,Komis
III,III
Habiburokhman,Habiburokhm
Habiburokhman,Habiburokhm
berkomunikasi,berkomunikas
langsung,langsung
kuasa,kuasa
hukum,hukum
pemain,ain
sirkus,sirkus
bernama,nama
Muhammad,Muhammad
Sholeh,Sholeh
Hari,Har
Senin,Senin
panggil,panggil
RDPU,RDPU
Habiburokhman,Habiburokhm
Kompleks,Kompleks
Parlemen,Parlemen
Jakarta,Jakarta
Kamis,Kamis
17,17
April,April
2025,2025
Kala,Kala
Habiburokhman,Habiburokhm
kehadiran,hadir
korban,korban
mengaku,menga
dieksploitasi,dieksploitas
prioritas,prioritas
didengarkan,dengar
Ia,Ia
mendorong,dorong
ditindaklanjuti,ditindaklanjut
Segala,Segala
jenis,jenis
pelanggaran,langgar
hukum,hukum
orang,orang
diselesaikan,selesa
Siapa,Siapa
bertanggung,tanggung
dikenakan,kena
hukuman,hukum
berat,berat
politikus,politikus
Partai,Parta
Gerindra,Gerindra
Sejumlah,Sejum
mantan,mantan
pekerja,kerja
sirkus,sirkus
Oriental,Oriental
Circus,Circus
Indonesia,Indonesia
OCI,OCI
mengadukan,adu
dugaan,duga
eksploitasi,eksploitasi
pelanggaran,langgar
hak,hak
asasi,asasi
manusia,manusia
Kementerian,Kementer
Hak,Hak
Asasi,Asas
Manusia,Manusia
HAM,HAM
Jakarta,Jakarta
Selatan,Selat
Selasa,Selasa
15,15
April,April
2025,2025
Tindak,Tindak
kekerasan,keras
perbudakan,perbuda
eksploitasi,eksploitasi
anak,anak
mantan,mantan
pekerja,kerja
diduga,duga
1970,1970
an,
pemilik,milik
OCI,OCI
Taman,Tam
Safari,Safar
Indonesia,Indonesia
Delapan,Delap
orang,orang
perwakilan,perwakil
korban,korban
hadir,hadir
perempuan,perempuan
paruh,paruh
baya,baya
menceritakan,cerita
kronologi,kronologi
dipekerjakan,dipekerja
anak,anak
anak,anak
pemain,ain
sirkus,sirkus
OCI,OCI
Mereka,Mereka
mengaku,menga
mengalami,alam
bentuk,bentuk
penyiksaan,penyiksa
dipukul,pukul
disetrum,setrum
dipaksa,paksa
kondisi,kondisi
sakit,sakit
dipisahkan,pisah
anaknya,anak
dipaksa,paksa
makan,makan
kotoran,kotor
hewan,hewan
Wakil,Wakil
Menteri,Menter
HAM,HAM
Mugiyanto,Mugiyanto
pelanggaran,langgar
HAM,HAM
cerita,cerita
korban,korban
Ada,Ada
perbudakan,perbuda
penyiksaan,penyiksa
pelanggaran,langgar
hak,hak
aman,aman
hak,hak
pendidikan,pendid
hak,hak
identitas,identitas
hadapan,hadap
korban,korban
pendamping,damping
korban,korban
wartawan,wartaw
Ia,Ia
Kementerian,Kementer
HAM,HAM
mengambil,ambil
langkah,langkah
kejadian,kejad
kejadian,kejad
terulang,ulang
Selain,Selain
Mugiyanto,Mugiyanto
kementeriannya,kementer
berkoordinasi,berkoordinas
kementerian,kementer
lembaga,lembaga
menindaklanjuti,menindaklanjut
Komisaris,Komisaris
Taman,Tam
Safari,Safar
Indonesia,Indonesia
pelatih,latih
satwa,satwa
Oriental,Oriental
Circus,Circus
Indonesia,Indonesia
OCI,OCI
Tony,Tony
Sumampouw,Sumampouw
membantah,bantah
perusahaannya,perusaha
mengeksploitasi,mengeksploitas
pekerja,kerja
sirkus,sirkus
OCI,OCI
Apa,Apa
mengada,ada
Tony,Tony
dihubungi,hubung
pesan,pesan
WhatsApp,WhatsApp
Selasa,Selasa
15,15
April,April
2025,2025
Berbicara,Berbicara
media,media
arus,arus
utama,utama
mainstream,mainstream
perhatian,perhati
mesti,mesti
beralih,alih
media,media
konvensional,konvensional
televisi,televisi
koran,koran
majalah,majalah
radio,radio
Dengan,Deng
mempertimbangkan,mempertimbang
kekuatan,kuat
ekonomi,ekonomi
pengaruh,pengaruh
masyarakat,masyarakat
media,media
arus,arus
utama,utama
media,media
medsos,medsos
mesin,mesin
pencari,pencar
e,e
commerce,commerce
Dalam,Dalam
konteks,konteks
studi,studi
ekonomi,ekonomi
politik,politik
media,media
kian,kian
memperhitungkan,memperhitung
keberadaan,keberada
raksasa,raksasa
digital,digital
Google,Google
Facebook,Facebook
Amazon,Amazon
Microsoft,Microsoft
Merekalah,Mereka
kekuatan,kuat
utama,utama
kontestasi,kontestas
media,media
global,global
Mereka,Mereka
mengambil,ambil
keuntungan,untung
proses,proses
revolusi,revolusi
digital,digital
Penetrasi,Penetras
bisnisnya,bisnis
melampaui,lampau
batas,batas
geografis,geografis
cepat,cepat
mengubah,ubah
konstelasi,konstelasi
media,media
global,global
regional,regional
nasional,nasional
Perkembangan,Perkembang
pesat,pesat
media,media
guncangan,guncang
serius,serius
daya,daya
hidup,hidup
media,media
Indikasi,Indikas
penurunan,urun
performa,performa
industri,industri
surat,surat
kabar,kabar
jatuhnya,jatuh
harga,harga
saham,saham
perusahaan,perusaha
surat,surat
kabar,kabar
menurunnya,urun
pembaca,baca
merosotnya,merosot
pendapatan,dapat
iklan,iklan
surutnya,surut
sirkulasi,sirkulasi
menerus,menerus
Berita,Berita
surat,surat
kabar,kabar
terpaksa,paksa
gulung,gulung
tikar,tikar
perampingan,ramping
mengurangi,mengurang
frekuensi,frekuensi
volume,volume
terbitan,terbit
terdengar,dengar
penjuru,penjuru
dunia,dunia
Dari,Dar
sisi,sisi
pendapatan,dapat
iklan,iklan
khalayak,khalayak
radio,radio
TV,TV
mengalami,alam
tren,tren
penurunan,urun
Indonesia,Indonesia
terlepas,lepas
tren,tren
global,global
Tiga,Tiga
mendasar,dasar
Ada,Ada
mendasar,dasar
Pertama,Pertama
media,media
konvensional,konvensional
surut,surut
perkembangan,perkembang
media,media
digital,digital
Namun,Namun
digarisbawahi,digarisbawah
media,media
digital,digital
berkembang,kembang
pesat,pesat
mengambil,ambil
surplus,surplus
ekonomi,ekonomi
dinikmati,nikmat
media,media
konvensional,konvensional
media,media
digital,digital
global,global
Mereka,Mereka
media,media
jurnalistik,jurnalistik
web,web
mesin,mesin
pencari,pencar
medsos,medsos
e,e
commerce,commerce
Yang,Yang
aras,aras
pengambilalihan,pengambilalih
surplus,surplus
ekonomi,ekonomi
media,media
konvensional,konvensional
nasional,nasional
media,media
digital,digital
global,global
berciri,cir
nonjurnalistik,nonjurnalistik
Kedua,Kedua
perubahan,rubah
lanskap,lanskap
komunikasi,komunikasi
informasi,informasi
menciptakan,cipta
iklim,iklim
persaingan,persaing
media,media
timpang,timpang
Google,Google
Facebook,Facebook
Twitter,Twitter
Baidu,Baidu
Yahoo,Yahoo
sesungguhnya,sungguh
perusahaan,perusaha
media,media
Meski,Mesk
teknologi,teknologi
model,model
hubungan,hubung
khalayak,khalayak
dikembangkan,kembang
berbeda,beda
posisi,posisi
media,media
sesungguhnya,sungguh
media,media
dualitas,dualitas
institusi,institusi
sosial,sosial
melayani,layan
masyarakat,masyarakat
informasi,informasi
komunikasi,komunikasi
institusi,institusi
bisnis,bisnis
motif,motif
utamanya,utama
keuntungan,untung
ekonomi,ekonomi
Mereka,Mereka
perusahaan,perusaha
media,media
proses,proses
komodifikasi,komodifikas
informasi,informasi
meraih,raih
keuntungan,untung
pendapatan,dapat
iklan,iklan
Namun,Namun
praktiknya,praktik
media,media
sepenuhnya,sepenuh
diperlakukan,diperlaku
subyek,subyek
hukum,hukum
perusahaan,perusaha
media,media
Mereka,Mereka
hadir,hadir
kekuatan,kuat
pengaruh,pengaruh
langsung,langsung
memengaruhi,memengaruh
daya,daya
hidup,hidup
media,media
mengalami,alam
pelembagaan,lembaga
rupa,rupa
Dalam,Dalam
konteks,konteks
tercipta,cipta
iklim,iklim
persaingan,persaing
timpang,timpang
Media,Media
bergerak,gerak
aturan,atur
batasan,batas
larangan,larang
media,media
beroperasi,beroperas
aturan,atur
batasan,batas
Ketiga,Ketiga
media,media
menggantikan,menggant
kedudukan,kedudu
fungsi,fungsi
media,media
ruang,ruang
publik,publik
beradab,adab
Tanpa,Tanpa
mengesampingkan,mengesamping
peranan,peran
demokratisnya,demokratis
medsos,medsos
berkembang,kembang
forum,forum
diskusi,diskusi
mengesampingkan,mengesamping
kepantasan,pantas
ruang,ruang
publik,publik
etika,etika
komunikasi,komunikasi
Medsos,Medsos
berkembang,kembang
sarana,sarana
artikulasi,artikulasi
kebebasan,bebas
sarana,sarana
menuangkan,uang
sikap,sikap
acuh,acuh
acuh,acuh
prasangka,prasangka
buruk,buruk
kebencian,kebenc
Dalam,Dalam
perwujudan,perwujud
ruang,ruang
publik,publik
beretika,etika
beradab,adab
kedudukan,kedudu
media,media
konvensional,konvensional
tergantikan,tergant
Bukan,Bu
arti,arti
media,media
konvensional,konvensional
kelemahan,lemah
kelemahan,lemah
kelemahan,lemah
dikontrol,kontrol
sistem,sistem
terlembaga,lembaga
Ada,Ada
sistem,sistem
hukum,hukum
etika,etika
mengantisipasi,mengantisipas
mengendalikan,endal
praktik,praktik
kebebasan,bebas
media,media
konvensional,konvensional
Sementara,Sementara
antisipasi,antisipasi
pengendalian,endal
penerapan,penerap
etika,etika
komunikasi,komunikasi
medsos,medsos
sulit,sulit
terbentur,bentur
anonimitas,anonimitas
ambiguitas,ambiguitas
posisi,posisi
ruang,ruang
publik,publik
ruang,ruang
privat,privat
ambivalensi,ambivalensi
komunikasi,komunikasi
massa,massa
komunikasi,komunikasi
interpersonal,interpersonal
sifat,sifat
media,media
berbasis,basis
internet,internet
berkarakter,karakter
transnasional,transnasional
borderless,borderless
Fungsi,Fungs
medsos,medsos
ruang,ruang
komunikasi,komunikasi
mengalami,alam
pelembagaan,lembaga
tuntas,tuntas
Hal,Hal
pajak,pajak
pengelola,pengelola
medsos,medsos
diterapkan,terap
sepenuhnya,sepenuh
pengelola,pengelola
medsos,medsos
imunitas,imunitas
sengketa,sengketa
penyebaran,penyebar
hoaks,hoaks
medsos,medsos
Proteksi,Proteks
negara,negara
Bertolak,Bertolak
kenyataan,nyata
mempertahankan,mempertah
eksistensi,eksistensi
media,media
konvensional,konvensional
media,media
jurnalistik,jurnalistik
semestinya,semest
prioritas,prioritas
Keberadaan,Keberada
pers,pers
kekuatan,kuat
keempat,empat
demokrasi,demokrasi
relevan,relevan
mendesak,desak
diselamatkan,selamat
Semakin,Semakin
derasnya,deras
arus,arus
hoaks,hoaks
medsos,medsos
masyarakat,masyarakat
butuh,butuh
pers,pers
profesional,profesional
beretika,etika
Hoaks,Hoaks
mesti,mesti
dilawan,dilaw
informasi,informasi
proporsional,proporsional
bertanggung,tanggung
Pers,Pers
profesional,profesional
diharapkan,harap
medsos,medsos
mengingkari,ingkar
kelemahan,lemah
pers,pers
profesional,profesional
terkait,kait
penegakan,penega
etika,etika
jurnalistik,jurnalistik
Mempertahankan,Mempertah
eksistensi,eksistensi
pers,pers
media,media
massa,massa
konvensional,konvensional
strategis,strategis
konteks,konteks
demokratisasi,demokratisasi
perwujudan,perwujud
ruang,ruang
publik,publik
beradab,adab
Mempertahankan,Mempertah
eksistensi,eksistensi
media,media
jurnalistik,jurnalistik
memiliki,milik
makna,makna
resiprokral,resiprokral
Di,D
sisi,sisi
media,media
jurnalistik,jurnalistik
dituntut,tuntut
Mereka,Mereka
menyesuaikan,menyesua
perubahan,rubah
perilaku,perilaku
masyarakat,masyarakat
kian,kian
terpola,pola
mengakses,akses
informasi,informasi
digital,digital
Problem,Problem
masyarakat,masyarakat
kekurangan,kurang
informasi,informasi
kelimpahruahan,kelimpahruah
informasi,informasi
Di,D
media,media
jurnalistik,jurnalistik
mempertahankan,mempertah
standar,standar
jurnalisme,jurnalisme
baku,baku
Mengikuti,Mengikut
mode,mode
penyajian,penyaj
informasi,informasi
serba,serba
instan,instan
cepat,cepat
memperhatikan,memperhat
akurasi,akurasi
kelayakan,kelaya
ruang,ruang
publik,publik
media,media
jurnalistik,jurnalistik
masuk,masuk
habitat,habitat
kompetitornya,kompetitor
medsos,medsos
Semestinya,Semest
media,media
jurnalistik,jurnalistik
menampilkan,menampil
medsos,medsos
Hoaks,Hoaks
mesti,mesti
dilawan,dilaw
jurnalisme,jurnalisme
beradab,adab
mencerahkan,cerah
masyarakat,masyarakat
Negara,Negara
mesti,mesti
hadir,hadir
proteksi,proteksi
Bukan,Bu
proteksi,proteksi
arti,arti
rigid,rigid
komitmen,komitmen
menciptakan,cipta
iklim,iklim
bisnis,bisnis
media,media
sehat,sehat
Bukan,Bu
perlakuan,perlaku
khusus,khusus
perusahaan,perusaha
medsos,medsos
mesin,mesin
pencari,pencar
e,e
commerce,commerce
asing,asing
memperlakukan,memperlaku
layaknya,layak
perusahaan,perusaha
media,media
Jika,Jika
perusahaan,perusaha
media,media
mesti,mesti
bayar,bayar
pajak,pajak
perusahaan,perusaha
media,media
asing,asing
bayar,bayar
pajak,pajak
Jika,Jika
perusahaan,perusaha
media,media
nasional,nasional
mesti,mesti
membayar,bayar
royalti,royalti
hak,hak
cipta,cipta
konten,konten
media,media
semestinya,semest
perusahaan,perusaha
asing,asing
membayar,bayar
memanfaatkan,manfaat
konten,konten
media,media
nasional,nasional
Jika,Jika
perusahaan,perusaha
media,media
berbadan,bad
hukum,hukum
Indonesia,Indonesia
syarat,syarat
menjalankan,menjal
bisnis,bisnis
media,media
berlaku,berla
perusahaan,perusaha
media,media
asing,asing
Mempertahankan,Mempertah
eksistensi,eksistensi
media,media
massa,massa
nasional,nasional
pengertian,pengert
menciptakan,cipta
iklim,iklim
persaingan,persaing
usaha,usaha
seimbang,imbang
sehat,sehat
Mereka,Mereka
negara,negara
peserta,serta
Konferensi,Konferens
Asia,Asia
Afrika,Afrika
1955,1955
sikap,sikap
tunduk,tunduk
polarisasi,polarisasi
Perang,Perang
Dingin,Dingin
memilih,memilih
netralitas,netralitas
strategi,strategi
mempertahankan,mempertah
kedaulatan,daulat
Netralitas,Netralitas
bentuk,bentuk
resistensi,resistens
logika,logika
dominasi,dominasi
pelarian,pelar
tanggung,tanggung
sejarah,sejarah
Ia,Ia
lahir,lahir
tekad,tekad
berdiri,berdir
subyek,subyek
politik,politik
tatanan,tatanan
dunia,dunia
dibelah,dibe
blok,blok
kekuasaan,kuasa
Namun,Namun
dunia,dunia
berubah,ubah
Polarisasi,Polarisas
ideologis,ideologis
memudar,udar
struktur,struktur
kekuasaan,kuasa
global,global
runtuh,runtuh
Hari,Har
menyaksikan,menyaks
transformasi,transformasi
dunia,dunia
bipolar,bipolar
dunia,dunia
semu,semu
multipolar,multipolar
Kekuatan,Kekuat
kekuatan,kuat
muncul,muncul
sistem,sistem
ekonomi,ekonomi
politik,politik
menopang,menopang
ketimpangan,timpang
bertahan,bertah
Kapitalisme,Kapitalisme
global,global
melemah,lemah
menyesuaikan,menyesua
wajah,wajah
Dalam,Dalam
lanskap,lanskap
negara,negara
negara,negara
Global,Global
South,South
terjebak,jebak
struktur,struktur
relasi,relasi
timpang,timpang
perdagangan,perdagang
teknologi,teknologi
keuangan,uang
narasi,narasi
Perang,Perang
dagang,dagang
AS,AS
China,China
memanas,memanas
memperjelas,memperjelas
dinamika,dinamika
Presiden,Presiden
Trump,Trump
menerapkan,menerap
tarif,tarif
145,145
persen,persen
produk,produk
China,China
dalih,dalih
melindungi,lindung
industri,industri
domestik,domestik
menanggapi,anggap
tuduhan,tuduh
keterlibatan,keterlibat
China,China
distribusi,distribusi
fentanil,fentanil
pasar,pasar
AS,AS
China,China
membalas,balas
tarif,tarif
125,125
persen,persen
produk,produk
produk,produk
AS,AS
Konflik,Konflik
pertukaran,pertukar
kebijakan,kebija
fiskal,fiskal
perang,perang
simbol,simbol
dominasi,dominasi
kontrol,kontrol
ekonomi,ekonomi
dunia,dunia
Dampaknya,Dampak
dirasakan,rasa
negara,negara
negara,negara
Global,Global
South,South
terlibat,libat
langsung,langsung
pertarungan,pertarung
Tarif,Tarif
sanksi,sanksi
alat,alat
ekonomi,ekonomi
senjata,senjata
geopolitik,geopolitik
Negara,Negara
negara,negara
memiliki,milik
kekuatan,kuat
struktural,struktural
dipaksa,paksa
penonton,penonton
menanggung,anggung
biaya,biaya
Ekspor,Ekspor
terganggu,ganggu
nilai,nilai
tukar,tukar
bergejolak,gejolak
ketergantungan,ketergantung
pasar,pasar
pisau,pisau
bermata,mata
Keberpihakan,Keberpiha
strategis,strategis
Dalam,Dalam
netralitas,netralitas
memperburuk,memperburuk
posisi,posisi
negara,negara
berkembang,kembang
memiliki,milik
daya,daya
tawar,tawar
menghadapi,hadap
tekanan,tekan
eksternal,eksternal
Dunia,Dunia
beroperasi,beroperas
logika,logika
sanksi,sanksi
tarif,tarif
menyediakan,menyedia
ruang,ruang
aman,aman
posisi,posisi
diam,diam
Kita,Kita
bicara,bicara
keberpihakan,keberpiha
ideologis,ideologis
era,era
Perang,Perang
Dingin,Dingin
Hari,Har
butuhkan,butuh
netralitas,netralitas
keberpihakan,keberpiha
strategis,strategis
berpijak,pijak
kedaulatan,daulat
pembangunan,bangun
nasional,nasional
kekuatan,kuat
domestik,domestik
Ini,In
pragmatisme,pragmatisme
dibingkai,bingka
visi,visi
jangka,jangka
oportunisme,oportunisme
Dalam,Dalam
lanskap,lanskap
China,China
mitra,mitra
membuka,buka
peluang,peluang
negara,negara
berkembang,kembang
Pendekatannya,Pendekat
mengikat,ikat
politik,politik
tawarannya,tawar
kali,kali
konkret,konkret
dibandingkan,banding
janji,janji
retoris,retoris
kekuatan,kuat
Soft,Soft
power,power
China,China
insentif,insentif
ekonomi,ekonomi
disertai,serta
tekanan,tekan
ideologis,ideologis
Melalui,Melalu
Belt,Belt
and,and
Road,Road
Initiative,Initiative
lembaga,lembaga
keuangan,uang
pembangunan,bangun
alternatif,alternatif
jaringan,jaring
dagang,dagang
digital,digital
China,China
menghadirkan,hadir
kerangka,kerangka
kerja,kerja
cair,cair
dibandingkan,banding
lembaga,lembaga
Global,Global
North,North
IMF,IMF
Bank,Bank
Dunia,Dunia
kerap,kerap
membawa,bawa
agenda,agenda
liberalisasi,liberalisasi
paksa,paksa
Di,D
Afrika,Afrika
China,China
menggelontorkan,gelontor
4,4
6,6
miliar,miliar
dollar,dollar
AS,AS
setahun,tahun
Sebanyak,Sebanyak
68,68
persennya,persen
disalurkan,salur
Angola,Angola
Sisanya,Sisa
tersebar,sebar
30,30
proyek,proyek
sektor,sektor
pertanian,pertan
energi,energi
manufaktur,manufaktur
pertambangan,pertambang
Di,D
Asia,Asia
Tenggara,Tenggara
China,China
memperluas,memperluas
produksi,produksi
manufakturnya,manufaktur
Vietnam,Vietnam
Thailand,Thailand
Malaysia,Malaysia
Ekspansi,Ekspans
sektor,sektor
panel,panel
surya,surya
respons,respons
tarif,tarif
AS,AS
Di,D
Amerika,Amerika
Latin,Latin
China,China
mengamankan,gam
proyek,proyek
kereta,kereta
api,api
pelabuhan,labuh
pembangkit,bangkit
energi,energi
Brasil,Brasil
Ekuador,Ekuador
Uni,Un
Eropa,Eropa
terpaksa,paksa
meluncurkan,luncur
proyek,proyek
tandingan,tanding
Global,Global
Gateway,Gateway
target,target
300,300
miliar,miliar
euro,euro
respons,respons
langsung,langsung
pengaruh,pengaruh
China,China
kian,kian
meluas,luas
Eropa,Eropa
Manuver,Manuver
ganda,ganda
Di,D
realitas,realitas
strategi,strategi
dibutuhkan,butuh
Global,Global
South,South
netralitas,netralitas
steril,steril
kemampuan,mampu
memainkan,ain
manuver,manuver
ganda,ganda
Keterlibatan,Keterlibat
aktif,aktif
kekuatan,kuat
dibarengi,bareng
komitmen,komitmen
menjaga,jaga
posisi,posisi
otonom,otonom
Di,D
dunia,dunia
kian,kian
bergantung,gantung
kemampuan,mampu
mengelola,mengelola
ketergantungan,ketergantung
bentuk,bentuk
kekuasaan,kuasa
Negara,Negara
Vietnam,Vietnam
Meksiko,Meksiko
Turki,Turk
posisi,posisi
geografis,geografis
ekonomi,ekonomi
rawan,rawan
diubah,ubah
keunggulan,unggul
strategis,strategis
dikelola,kelola
diplomasi,diplomasi
cerdas,cerdas
diversifikasi,diversifikasi
mitra,mitra
kejelasan,jelas
arah,arah
pembangunan,bangun
domestik,domestik
Ketika,Ketika
negara,negara
berkembang,kembang
merancang,rancang
hubungan,hubung
negerinya,negeri
portofolio,portofolio
dinamis,dinamis
relasi,relasi
arah,arah
situlah,situ
kedaulatan,daulat
terbentuk,bentuk
Bukan,Bu
penghindaran,hindar
konflik,konflik
kalkulasi,kalkulasi
matang,matang
Di,D
titik,titik
kesalahan,salah
terbesar,besar
mitra,mitra
absennya,absen
agenda,agenda
nasional,nasional
kuat,kuat
Banyak,Banyak
negara,negara
Global,Global
South,South
masuk,masuk
orbit,orbit
kekuatan,kuat
membawa,bawa
posisi,posisi
tawar,tawar
Mereka,Mereka
menawar,awar
menadahkan,menadah
tangan,tangan
Tanpa,Tanpa
perencanaan,rencana
pembangunan,bangun
berorientasi,berorientas
kemandirian,mandir
investasi,investasi
riset,riset
penguasaan,penguasa
teknologi,teknologi
kerja,kerja
internasional,internasional
melanjutkan,lanjut
siklus,siklus
ketergantungan,ketergantung
Karena,Karena
keberpihakan,keberpiha
China,China
berangkat,berangkat
fondasi,fondasi
domestik,domestik
kokoh,kokoh
Kita,Kita
mencari,mencar
pelindung,lindung
membangun,bangun
keseimbangan,keseimbang
Global,Global
South,South
penerima,penerima
pembangunan,bangun
perumus,rumus
narasi,narasi
global,global
Dalam,Dalam
isu,isu
transisi,transisi
energi,energi
keamanan,aman
data,data
tatanan,tatanan
keuangan,uang
internasional,internasional
negara,negara
berkembang,kembang
memiliki,milik
pengalaman,alam
kepentingan,penting
berbeda,beda
negara,negara
negara,negara
Global,Global
North,North
Mereka,Mereka
transisi,transisi
hijau,hijau
dipaksakan,paksa
dukungan,dukung
finansial,finansial
bentuk,bentuk
kolonialisme,kolonialisme
karbon,karbon
Mereka,Mereka
arsitektur,arsitektur
digital,digital
global,global
dikendalikan,kendal
oligopoli,oligopoli
korporat,korporat
Barat,Barat
Timur,Timur
melanggengkan,langgeng
ketimpangan,timpang
Karena,Karena
mengatur,atur
ulang,ulang
aliansi,aliansi
mendefinisikan,mendefinis
ulang,ulang
makna,makna
kemajuan,maju
keadilan,adil
global,global
Pernyataan,Pernyata
netralitas,netralitas
memadai,ada
berbahaya,bahaya
Dunia,Dunia
memilih,memilih
diam,diam
Yang,Yang
bersuara,suara
digantikan,digant
suara,suara
keras,keras
Yang,Yang
menegosiasikan,menegosias
kepentingan,penting
dinegosiasikan,dinegosias
Jika,Jika
1955,1955
netralitas,netralitas
pilihan,pilih
aktif,aktif
2025,2025
netralitas,netralitas
bentuk,bentuk
keterlibatan,keterlibat
pasif,pasif
sistem,sistem
berpihak,pihak
kepentingan,penting
segelintir,gelintir
kekuatan,kuat
Pilihan,Pilih
Timur,Timur
Barat,Barat
menyerah,menyerah
sistem,sistem
membentuk,bentuk
Kita,Kita
mencari,mencar
penjaga,jaga
Kita,Kita
mencari,mencar
ruang,ruang
penentu,penentu
China,China
mitra,mitra
strategis,strategis
berguna,guna
kepentingan,penting
memaksakan,aksa
bentuk,bentuk
tunggal,tunggal
kekuasaan,kuasa
Namun,Namun
isi,isi
Kesempatan,Kesempat
berguna,guna
mengambilnya,ambil
Global,Global
South,South
meja,meja
global,global
penerima,penerima
kemurahan,murah
membawa,bawa
agenda,agenda
tawaran,tawar
Masa,Masa
dunia,dunia
ditentukan,tentu
kuat,kuat
berani,berani
membentuk,bentuk
ulang,ulang
kekuasaan,kuasa
esok,esok
Dalam,Dalam
proyek,proyek
netralitas,netralitas
Jika,Jika
Global,Global
South,South
penentu,penentu
berhenti,berhent
latar,latar
narasi,narasi
kekuatan,kuat
Mereka,Mereka
menulis,menulis
cerita,cerita
bahasa,bahasa
keberanian,keberan
mengambil,ambil
posisi,posisi
Virdika,Virdika
Rizky,Rizky
Utama,Utama
Direktur,Direktur
Eksekutif,Eksekutif
PARA,PARA
Syndicate,Syndicate
Dosen,Dosen
Hubungan,Hubung
Internasional,Internasional
President,President
University,University
Presiden,Presiden
RI,RI
Prabowo,Prabowo
Subianto,Subianto
pekan,pekan
April,April
2025,2025
kejutan,kejut
pernyataan,pernyata
kesediaan,sedia
Indonesia,Indonesia
menerima,menerima
evakuasi,evakuasi
1,1
000,000
warga,warga
Gaza,Gaza
mengalami,alam
luka,luka
luka,luka
yatim,yatim
piatu,piatu
gelombang,gelombang
Presiden,Presiden
Prabowo,Prabowo
mengadakan,ada
lawatan,lawat
mengunjungi,unjung
negara,negara
Timur,Timur
Tengah,Tengah
9,9
15,15
April,April
2025,2025
keperluan,perlu
konsultasi,konsultasi
upaya,upaya
dukungan,dukung
kesediaannya,sedia
menerima,menerima
evakuasi,evakuasi
1,1
000,000
warga,warga
Gaza,Gaza
Lima,Lima
negara,negara
dikunjungi,kunjung
Presiden,Presiden
Prabowo,Prabowo
dikenal,kenal
memegang,memegang
peran,peran
kunci,kunci
isu,isu
Palestina,Palestina
Mesir,Mesir
Jordania,Jordania
Turki,Turk
Qatar,Qatar
Uni,Un
Emirat,Emirat
Arab,Arab
UEA,UEA
Lawatan,Lawat
Presiden,Presiden
Prabowo,Prabowo
Timur,Timur
Tengah,Tengah
khusus,khusus
misi,misi
isu,isu
Palestina,Palestina
kali,kali
presiden,presiden
RI,RI
era,era
Presiden,Presiden
Soekarno,Soekarno
Maka,Maka
diapresiasi,diapresias
Presiden,Presiden
Prabowo,Prabowo
terkait,kait
isu,isu
Palestina,Palestina
presiden,presiden
RI,RI
Ini,In
ditafsirkan,tafsir
lawatan,lawat
Presiden,Presiden
Prabowo,Prabowo
upaya,upaya
Indonesia,Indonesia
kepemimpinan,kepemimpin
Prabowo,Prabowo
terlibat,libat
kuat,kuat
langsung,langsung
isu,isu
Palestina,Palestina
Hati,Hat
hati,hati
Meski,Mesk
niat,niat
tulus,tulus
Presiden,Presiden
Prabowo,Prabowo
membantu,bantu
rakyat,rakyat
Palestina,Palestina
bersedia,sedia
menerima,menerima
evakuasi,evakuasi
warga,warga
Palestina,Palestina
Indonesia,Indonesia
misi,misi
tulus,tulus
disertai,serta
sikap,sikap
penuh,penuh
hati,hati
hati,hati
Pasalnya,Pasal
Presiden,Presiden
Prabowo,Prabowo
kesediaan,sedia
menerima,menerima
evakuasi,evakuasi
warga,warga
Gaza,Gaza
Indonesia,Indonesia
Israel,Israel
AS,AS
gencar,gencar
gencarnya,gencar
mengampanyekan,mengampanye
agenda,agenda
relokasi,relokasi
warga,warga
Gaza,Gaza
2,2
3,3
juta,juta
jiwa,jiwa
negara,negara
menerimanya,menerima
Presiden,Presiden
AS,AS
Donald,Donald
Trump,Trump
kalinya,kali
mengejutkan,mengejut
inisiatifnya,inisiatif
merelokasi,merelokas
warga,warga
Gaza,Gaza
25,25
Januari,Januar
2025,2025
dilantik,lantik
presiden,presiden
AS,AS
Trump,Trump
kesempatan,sempat
tekadnya,tekad
relokasi,relokasi
warga,warga
Gaza,Gaza
dalih,dalih
wilayah,wilayah
Jalur,Jalur
Gaza,Gaza
hancur,hancur
lebur,lebur
akibat,akibat
perang,perang
layak,layak
huni,huni
Trump,Trump
menjadikan,menjad
wilayah,wilayah
Jalur,Jalur
Gaza,Gaza
pusat,pusat
tujuan,tuju
pariwisata,pariwisata
Riviera,Riviera
Timur,Timur
Tengah,Tengah
mengikuti,ikut
jejak,jejak
kota,kota
Dubai,Duba
gemerlap,gemerlap
Israel,Israel
bergembira,gembira
menyambut,menyambut
penuh,penuh
semangat,semangat
inisiatif,inisiatif
relokasi,relokasi
warga,warga
Gaza,Gaza
Presiden,Presiden
Trump,Trump
Bagi,Bag
Israel,Israel
impian,impi
dinanti,dinant
nantikan,nanti
sesuai,sesuai
ideologi,ideologi
kolonial,kolonial
zionis,zionis
memimpikan,memimp
kaum,kaum
zionis,zionis
Yahudi,Yahud
berjaya,jaya
wilayah,wilayah
luas,luas
membentang,bentang
Sungai,Sunga
Nil,Nil
Sungai,Sunga
Eufrat,Eufrat
Kementerian,Kementer
Pertahanan,Pertahan
Israel,Israel
membentuk,bentuk
direktorat,direktorat
relokasi,relokasi
warga,warga
Gaza,Gaza
upaya,upaya
menyukseskan,menyukses
agenda,agenda
relokasi,relokasi
warga,warga
Gaza,Gaza
Israel,Israel
merancang,rancang
membangun,bangun
bandara,bandara
udara,udara
Jalur,Jalur
Gaza,Gaza
salah,salah
titik,titik
tolak,tolak
proses,proses
relokasi,relokasi
warga,warga
Gaza,Gaza
negara,negara
menerimanya,menerima
AS,AS
Israel,Israel
komunikasi,komunikasi
negara,negara
tujuan,tuju
relokasi,relokasi
warga,warga
Gaza,Gaza
Mesir,Mesir
Jordania,Jordania
Maroko,Maroko
Sudan,Sud
Somalia,Somalia
Nama,Nama
Indonesia,Indonesia
Trump,Trump
tujuan,tuju
relokasi,relokasi
warga,warga
Gaza,Gaza
Mesir,Mesir
Jordania,Jordania
dicanangkan,canang
AS,AS
Israel,Israel
tujuan,tuju
prioritas,prioritas
relokasi,relokasi
warga,warga
Jalur,Jalur
Gaza,Gaza
kedekatan,dekat
geografis,geografis
Jalur,Jalur
Gaza,Gaza
Utusan,Utus
khusus,khusus
Presiden,Presiden
Trump,Trump
Timur,Timur
Tengah,Tengah
Steve,Steve
Witkoff,Witkoff
lobi,lobi
Pemerintah,Pemerintah
Mesir,Mesir
Jordania,Jordania
menerima,menerima
relokasi,relokasi
warga,warga
Gaza,Gaza
negara,negara
Arab,Arab
Witkoff,Witkoff
mengimi,gim
imingi,iming
Mesir,Mesir
Jordania,Jordania
bantuan,bantu
ekonomi,ekonomi
penghapusan,hapus
utang,utang
negeri,negeri
Mesir,Mesir
Jordania,Jordania
bersedia,sedia
menerima,menerima
relokasi,relokasi
warga,warga
Gaza,Gaza
Witkoff,Witkoff
ditengarai,tengara
perundingan,runding
rahasia,rahasia
Maroko,Maroko
Sudan,Sud
Somalia,Somalia
menerima,menerima
relokasi,relokasi
warga,warga
Gaza,Gaza
negara,negara
negara,negara
Namun,Namun
Mesir,Mesir
Jordania,Jordania
menolak,olak
keras,keras
ide,ide
relokasi,relokasi
warga,warga
Gaza,Gaza
negara,negara
Arab,Arab
negara,negara
KTT,KTT
Liga,Liga
Arab,Arab
digelar,gelar
Kairo,Kairo
Mesir,Mesir
4,4
Maret,Maret
2025,2025
salah,salah
rekomendasinya,rekomendasi
menolak,olak
relokasi,relokasi
warga,warga
Gaza,Gaza
negara,negara
Maka,Maka
penolakan,penola
relokasi,relokasi
warga,warga
Gaza,Gaza
keputusan,putus
bangsa,bangsa
Arab,Arab
Mesir,Mesir
Jordania,Jordania
KTT,KTT
Liga,Liga
Arab,Arab
Posisi,Posis
politik,politik
Mesir,Mesir
Jordania,Jordania
kuat,kuat
menolak,olak
relokasi,relokasi
warga,warga
Gaza,Gaza
keputusan,putus
Liga,Liga
Arab,Arab
menolak,olak
relokasi,relokasi
warga,warga
Gaza,Gaza
Meski,Mesk
AS,AS
Israel,Israel
menolak,olak
keputusan,putus
KTT,KTT
Liga,Liga
Arab,Arab
menolak,olak
relokasi,relokasi
warga,warga
Gaza,Gaza
AS,AS
Israel,Israel
ngotot,ngotot
relokasi,relokasi
warga,warga
Gaza,Gaza
cepat,cepat
lambat,lambat
paksa,paksa
sukarela,sukarela
Maka,Maka
isu,isu
relokasi,relokasi
warga,warga
Gaza,Gaza
bola,bola
panas,panas
menggelinding,gelinding
Adu,Adu
agenda,agenda
Kini,Kin
pertarungan,pertarung
sengit,sengit
agenda,agenda
panggung,panggung
politik,politik
Timur,Timur
Tengah,Tengah
agenda,agenda
relokasi,relokasi
warga,warga
Gaza,Gaza
diusung,usung
AS,AS
Israel,Israel
agenda,agenda
penolakan,penola
relokasi,relokasi
warga,warga
Gaza,Gaza
diadopsi,diadops
Liga,Liga
Arab,Arab
Oleh,Oleh
Pemerintah,Pemerintah
Indonesia,Indonesia
tulus,tulus
bersedia,sedia
menerima,menerima
evakuasi,evakuasi
warga,warga
Gaza,Gaza
Indonesia,Indonesia
waspada,waspada
pertarungan,pertarung
agenda,agenda
Timur,Timur
Tengah,Tengah
Jika,Jika
waspada,waspada
dicemaskan,cemas
program,program
evakuasi,evakuasi
diusung,usung
Pemerintah,Pemerintah
Indonesia,Indonesia
terperangkap,perangkap
program,program
relokasi,relokasi
AS,AS
Israel,Israel
menghalangi,halang
halangi,halang
warga,warga
Gaza,Gaza
Jalur,Jalur
Gaza,Gaza
tanah,tanah
air,air
Maka,Maka
jaminan,jamin
Pemerintah,Pemerintah
Indonesia,Indonesia
mengevakuasi,mengevakuas
warga,warga
Gaza,Gaza
Indonesia,Indonesia
alasan,alas
pengobatan,obat
Jalur,Jalur
Gaza,Gaza
Mungkin,Mungkin
Pemerintah,Pemerintah
Indonesia,Indonesia
jaminan,jamin
warga,warga
Gaza,Gaza
dievakuasi,dievakuas
Indonesia,Indonesia
tanah,tanah
air,air
keperluan,perlu
alasan,alas
evakuasi,evakuasi
selesai,selesai
Proses,Proses
jaminan,jamin
problema,problema
diplomatik,diplomatik
Indonesia,Indonesia
hubungan,hubung
diplomatik,diplomatik
Israel,Israel
Indonesia,Indonesia
jaminan,jamin
ketiga,tiga
Palang,Palang
Merah,Merah
Internasional,Internasional
ICRC,ICRC
Komisi,Komis
Tinggi,Tingg
PBB,PBB
Urusan,Urus
Pengungsi,Pengungs
UNHCR,UNHCR
negara,negara
Mesir,Mesir
Jordania,Jordania
Turki,Turk
hubungan,hubung
diplomatik,diplomatik
Israel,Israel
AS,AS
Seandainya,Seanda
Indonesia,Indonesia
jaminan,jamin
ketiga,tiga
jaminan,jamin
Israel,Israel
dipercaya,percaya
kepercayaan,percaya
internasional,internasional
Israel,Israel
rendah,rendah
Kepercayaan,Kepercaya
internasional,internasional
Israel,Israel
dinodai,noda
aksi,aksi
Israel,Israel
melanggar,langgar
kesepakatan,sepakat
gencatan,gencat
senjata,senjata
Gaza,Gaza
dicapai,capa
17,17
Januari,Januar
2025,2025
Israel,Israel
menolak,olak
seruan,seru
masyarakat,masyarakat
internasional,internasional
menghentikan,menghent
perang,perang
Jalur,Jalur
Gaza,Gaza
menolak,olak
Resolusi,Resolus
DK,DK
PBB,PBB
No,No
2728,2728
25,25
Maret,Maret
2024,2024
menyerukan,eru
gencatan,gencat
senjata,senjata
Jalur,Jalur
Gaza,Gaza
Israel,Israel
tampil,tampil
negara,negara
hukum,hukum
muka,muka
bumi,bumi
Maka,Maka
program,program
Pemerintah,Pemerintah
Indonesia,Indonesia
mengevakuasi,mengevakuas
warga,warga
Gaza,Gaza
Indonesia,Indonesia
risiko,risiko
beralih,alih
relokasi,relokasi
sesuai,sesuai
proyek,proyek
AS,AS
Israel,Israel
Tradisi,Tradis
Megibung,Megibung
Bali,Bal
Kembul,Kembul
Bujana,Bujana
Jawa,Jawa
Tengah,Tengah
simbol,simbol
kebersamaan,kebersama
menggambarkan,gambar
kehangatan,hangat
interaksi,interaksi
manusia,manusia
aktivitas,aktivitas
sederhana,sederhana
penuh,penuh
makna,makna
Tradisi,Tradis
makan,makan
sekedar,sekedar
berbagi,berbag
makanan,makan
memperkuat,memperkuat
hubungan,hubung
individu,individu
menjaga,jaga
harmoni,harmoni
masyarakat,masyarakat
Meski,Mesk
era,era
modern,modern
tradisi,tradisi
terpinggirkan,pinggir
terancaman,ancam
kepunahan,punah
Sejarah,Sejarah
Megibung,Megibung
diyakini,yakin
Karangasem,Karangasem
Bali,Bal
1614,1614
Caka,Caka
1692,1692
Masehi,Maseh
Tradisi,Tradis
diperkenalkan,diperkenal
Raja,Raja
Karangasem,Karangasem
VII,VII
I,I
Gusti,Gust
Anglurah,Anglurah
Ketut,Ketut
Karangasem,Karangasem
pemimpin,pemimpin
membawa,bawa
kejayaan,jaya
Karangasem,Karangasem
abad,abad
18,18
Dalam,Dalam
ekspedisinya,ekspedisi
menaklukkan,menakluk
Kerajaan,Keraja
Sasak,Sasak
Lombok,Lombok
sang,sang
Raja,Raja
menciptakan,cipta
tradisi,tradisi
memimpin,memimpin
prajuritnya,prajurit
Menurut,Menurut
cerita,cerita
masyarakat,masyarakat
megibung,megibung
Raja,Raja
aturan,atur
prajurit,prajurit
makan,makan
wadah,wadah
istirahat,istirahat
perang,perang
Tradisi,Tradis
bertujuan,tuju
mempererat,mempererat
solidaritas,solidaritas
prajurit,prajurit
menanamkan,menanam
kesetaraan,kesetara
membedakan,beda
status,status
Sejak,Sejak
megibung,megibung
terpisahkan,pisah
budaya,budaya
Karangasem,Karangasem
upacara,upacara
adat,adat
acara,acara
keluarga,keluarga
Kata,Kata
megibung,megibung
berasal,asal
gibung,gibung
berbagi,berbag
Dalam,Dalam
tradisi,tradisi
orang,orang
duduk,duduk
melingkar,lingkar
mengelilingi,mengeliling
nasi,nasi
lauk,lauk
pauk,pauk
diletakkan,letak
nampan,nampan
Mereka,Mereka
mengambil,ambil
makanan,makan
bergantian,bergant
tangan,tangan
mencerminkan,cermin
kesederhanaan,sederhana
kebersamaan,kebersama
Aturan,Atur
utama,utama
megibung,megibung
mengambil,ambil
makanan,makan
orang,orang
adil,adil
Hal,Hal
menghormati,hormat
serakah,serakah
nilai,nilai
melekat,lekat
erat,erat
tradisi,tradisi
Di,D
Jawa,Jawa
Tengah,Tengah
tradisi,tradisi
makan,makan
dikenal,kenal
istilah,istilah
Kembul,Kembul
Bujana,Bujana
Nama,Nama
berasal,asal
kembul,kembul
berkumpul,kumpul
bujana,bujana
hidangan,hidang
Tradisi,Tradis
acara,acara
kenduri,kenduri
selamatan,selamat
perayaan,raya
adat,adat
Dalam,Dalam
praktiknya,praktik
makanan,makan
disajikan,disaj
daun,daun
pisang,pisang
membentang,bentang
wadah,wadah
Hidangan,Hidang
meliputi,liput
nasi,nasi
lauk,lauk
pauk,pauk
sayur,sayur
sambal,sambal
khas,khas
daerah,daerah
mencerminkan,cermin
keberkahan,berkah
hasil,hasil
bumi,bumi
Kembul,Kembul
bujana,bujana
menikmati,nikmat
makanan,makan
berbagi,berbag
doa,doa
harapan,harap
tradisi,tradisi
memiliki,milik
dimensi,dimensi
spiritual,spiritual
mendalam,dalam
Sejarah,Sejarah
kembul,kembul
bujana,bujana
dipercaya,percaya
berasal,asal
kehidupan,hidup
masyarakat,masyarakat
Jawa,Jawa
menghargai,harga
syukur,syukur
kebersamaan,kebersama
Dalam,Dalam
lingkaran,lingkar
makan,makan
orang,orang
dianggap,anggap
setara,tara
memandang,andang
usia,usia
jabatan,jabat
status,status
sosial,sosial
Nilai,Nila
kesederhanaan,sederhana
syukur,syukur
rezeki,rezeki
Tuhan,Tuh
inti,inti
utama,utama
tradisi,tradisi
Makan,Ma
Bersama,Bersama
Megibung,Megibung
Kembul,Kembul
Bujana,Bujana
cerminan,cermin
kehidupan,hidup
masyarakat,masyarakat
tradisional,tradisional
mengutamakan,utama
kebersamaan,kebersama
kesederhanaan,sederhana
solidaritas,solidaritas
Pada,Pada
lingkaran,lingkar
makan,makan
perbedaan,perbeda
individu,individu
Semua,Semua
orang,orang
berbagi,berbag
hidangan,hidang
bercengkerama,cengkerama
mempererat,mempererat
hubungan,hubung
kekeluargaan,keluarga
komunitas,komunitas
Tradisi,Tradis
makan,makan
mengajarkan,ajar
nilai,nilai
nilai,nilai
menghormati,hormat
keadilan,adil
berbagi,berbag
kebersyukuran,kebersyukur
nikmat,nikmat
diperoleh,diperoleh
Dalam,Dalam
megibung,megibung
aturan,atur
mengambil,ambil
makanan,makan
menanamkan,menanam
tanggung,tanggung
Sementara,Sementara
kembul,kembul
bujana,bujana
mengajarkan,ajar
kebahagiaan,bahagia
sejati,sejati
kebersamaan,kebersama
kesederhanaan,sederhana
Di,D
perkembangan,perkembang
zaman,zaman
tradisi,tradisi
megibung,megibung
kembul,kembul
bujana,bujana
menghadapi,hadap
tantangan,tantang
Perubahan,Perubah
gaya,gaya
hidup,hidup
modern,modern
cenderung,cenderung
individualis,individualis
salah,salah
penyebab,penyebab
utama,utama
tergerusnya,gerus
tradisi,tradisi
Masyarakat,Masyarakat
generasi,generasi
muda,muda
makan,makan
terpisah,pisah
porsi,porsi
nilai,nilai
kebersamaan,kebersama
diusung,usung
tradisi,tradisi
perlahan,perlahan
memudar,udar
Kekhawatiran,Kekhawatir
aspek,aspek
kebersihan,bersih
higienis,higienis
praktik,praktik
makan,makan
kerap,kerap
alasan,alas
tradisi,tradisi
ditinggalkan,tinggal
Padahal,Padahal
nilai,nilai
nilai,nilai
terkandung,kandung
megibung,megibung
kembul,kembul
bujana,bujana
berharga,harga
perdebatan,perdebat
metode,metode
penyajiannya,penyaj
Wuryan,Wury
Wuryanati,Wuryanat
pemerhati,pemerhat
budaya,budaya
Indonesia,Indonesia
hilangnya,hilang
tradisi,tradisi
megibung,megibung
kembul,kembul
bujana,bujana
kehilangan,hilang
warisan,waris
budaya,budaya
filosofi,filosofi
mendalam,dalam
hidup,hidup
kebersamaan,kebersama
harmoni,harmoni
Melestarikan,Melestar
tradisi,tradisi
megibung,megibung
kembul,kembul
bujana,bujana
langkah,langkah
menjaga,jaga
identitas,identitas
budaya,budaya
Indonesia,Indonesia
Tradisi,Tradis
simbol,simbol
kekayaan,kaya
budaya,budaya
alat,alat
memperkuat,memperkuat
hubungan,hubung
sosial,sosial
komunitas,komunitas
Megibung,Megibung
Kembul,Kembul
Bujana,Bujana
tradisi,tradisi
makan,makan
Keduanya,Kedua
simbol,simbol
mendalam,dalam
makanan,makan
menyatukan,menyatu
orang,orang
orang,orang
menciptakan,cipta
hubungan,hubung
kuat,kuat
melahirkan,lahir
syukur,syukur
keberkahan,berkah
hidup,hidup
Meski,Mesk
tergerus,gerus
tradisi,tradisi
ditemukan,temu
komunitas,komunitas
Delanggu,Delanggu
Jawa,Jawa
Tengah,Tengah
anak,anak
anak,anak
muda,muda
terkadang,terkadang
melakukannya,laku
kegiatan,giat
syukuran,syukur
Di,D
tantangan,tantang
modernisasi,modernisasi
aktivitas,aktivitas
sederhana,sederhana
apresiasi,apresiasi
nilai,nilai
nilai,nilai
kebersamaan,kebersama
pudar,pudar
Mari,Mar
lingkaran,lingkar
menghidupkan,hidup
semangat,semangat
megibung,megibung
kembul,kembul
bujana,bujana
kehidupan,hidup
sehari,sehar
Karena,Karena
tradisi,tradisi
mengajarkan,ajar
kebahagiaan,bahagia
sejati,sejati
terletak,letak
kebersamaan,kebersama
syukur,syukur
orang,orang
WEBINAR,WEBINAR
HUT,HUT
ABKIN,ABKIN
49,49
II,II
PD,PD
ABKIN,ABKIN
JAWA,JAWA
TENGAH,TENGAH
II,II
08,08
Februari,Februar
2025,2025
membahas,bahas
peran,peran
strategis,strategis
bimbingan,bimbing
konseling,konseling
penguatan,penguat
karakter,karakter
siswa,siswa
Prof,Prof
Dr,Dr
Nunuk,Nunuk
Suryani,Suryan
M,M
Pd,Pd
menarik,arik
dibahas,bahas
materi,materi
beliau,beliau
mengerti,mengert
tantangan,tantang
dihadapi,hadap
guru,guru
bimbingan,bimbing
konseling,konseling
strategi,strategi
menghadapi,hadap
sistem,sistem
pendidikan,pendid
indonesia,indonesia
Bk,Bk
memiliki,milik
peran,peran
pendidikan,pendid
karakter,karakter
peserta,serta
didik,didik
Layanan,Layan
bk,bk
menjadikan,menjad
karakter,karakter
siswa,siswa
mengadakan,ada
kegiatan,giat
berguna,guna
peserta,serta
didik,didik
mengadakan,ada
ekstrakurikuler,ekstrakurikuler
kegiatan,giat
konseling,konseling
bimbingan,bimbing
memahami,memaham
nilai,nilai
moral,moral
Pendidikan,Pendid
karakter,karakter
salah,salah
fokus,fokus
utama,utama
sistem,sistem
pendidikan,pendid
Indonesia,Indonesia
seiring,iring
upaya,upaya
pemerintah,pemerintah
menciptakan,cipta
generasi,generasi
cerdas,cerdas
akademis,akademis
memiliki,milik
integritas,integritas
etika,etika
nilai,nilai
nilai,nilai
moral,moral
kuat,kuat
Dalam,Dalam
era,era
globalisasi,globalisasi
penuh,penuh
tantangan,tantang
perubahan,rubah
siswa,siswa
memiliki,milik
landasan,landas
karakter,karakter
kokoh,kokoh
menghadapi,hadap
situasi,situasi
permasalahan,permasalah
kompleks,kompleks
Pendidikan,Pendid
karakter,karakter
berfokus,fokus
penguasaan,penguasa
pengetahuan,pengetahu
pembentukan,pembentu
sikap,sikap
perilaku,perilaku
positif,positif
bimbingan,bimbing
konseling,konseling
memiliki,milik
peran,peran
Layanan,Layan
bimbingan,bimbing
konseling,konseling
membantu,bantu
siswa,siswa
mengatasi,atas
akademis,akademis
berfungsi,berfungs
sarana,sarana
mengembangkan,mengembang
karakter,karakter
Melalui,Melalu
proses,proses
bimbingan,bimbing
siswa,siswa
dibimbing,bimbing
memahami,memaham
nilai,nilai
nilai,nilai
moral,moral
sosial,sosial
spiritual,spiritual
membentuk,bentuk
kepribadian,kepribad
Konselor,Konselor
berperan,per
pendamping,damping
membantu,bantu
siswa,siswa
mengenali,mengenal
potensi,potensi
mengatasi,atas
tantangan,tantang
mengembangkan,mengembang
keterampilan,terampil
sosial,sosial
berinteraksi,berinteraks
lingkungan,lingkung
Menurut,Menurut
webinar,webinar
Prof,Prof
Dr,Dr
Nunuk,Nunuk
Suryani,Suryan
M,M
Pd,Pd
guru,guru
bk,bk
tercapai,capa
pendidikan,pendid
karakter,karakter
Tentu,Tentu
tantangan,tantang
dihadapi,hadap
guru,guru
pemerintah,pemerintah
Pendidikan,Pendid
Indonesia,Indonesia
menghadapi,hadap
tantangan,tantang
kompleks,kompleks
beragam,agam
Sampai,Sampa
kualitas,kualitas
pendidikan,pendid
indonesia,indonesia
membanggakan,bangga
skor,skor
2022,2022
angka,angka
368,368
99,99
tertinggal,tinggal
477,477
63,63
Salah,Sa
tantangan,tantang
utama,utama
rendahnya,rendah
kualitas,kualitas
pendidikan,pendid
dirasakan,rasa
daerah,daerah
wilayah,wilayah
terpencil,pencil
Hal,Hal
berdampak,dampak
ketidakmerataan,ketidakmerata
akses,akses
kesempatan,sempat
belajar,belajar
siswa,siswa
Disisi,Disis
kualitas,kualitas
distribusi,distribusi
guru,guru
terbatas,batas
Pada,Pada
juni,juni
2024,2024
50,50
guru,guru
bersertifikat,sertifikat
pendidikan,pendid
kekurangan,kurang
679,679
guru,guru
2024,2024
Selain,Selain
kesehatan,sehat
mental,mental
kalangan,kalang
siswa,siswa
perhatian,perhati
Data,Data
siswa,siswa
mengalami,alam
psikologis,psikologis
kecemasan,cemas
depresi,depresi
mempengaruhi,pengaruh
perkembangan,perkembang
akademis,akademis
sosial,sosial
Fenomena,Fenomena
bullying,bullying
sekolah,sekolah
isu,isu
serius,serius
ditangani,tangan
merusak,rusak
kepercayaan,percaya
kesehatan,sehat
mental,mental
siswa,siswa
Oleh,Oleh
memperkuat,memperkuat
peran,peran
guru,guru
bimbingan,bimbing
konseling,konseling
menangani,angan
isu,isu
isu,isu
menciptakan,cipta
lingkungan,lingkung
belajar,belajar
aman,aman
mendukung,dukung
kebijakan,kebija
pemerintah,pemerintah
Menanggapi,Menanggap
tantangan,tantang
Kementerian,Kementer
Pendidikan,Pendid
Dasar,Dasar
Menengah,Menengah
Kemendikdasmen,Kemendikdasmen
mengeluarkan,mengeluar
kebijakan,kebija
memperkuat,memperkuat
pendidikan,pendid
karakter,karakter
Indonesia,Indonesia
Salah,Sa
langkah,langkah
strategis,strategis
penguatan,penguat
peran,peran
guru,guru
bimbingan,bimbing
konseling,konseling
mentor,mentor
pendamping,damping
siswa,siswa
Dalam,Dalam
kebijakan,kebija
guru,guru
bimbingan,bimbing
konseling,konseling
berfungsi,berfungs
pengawas,awas
pembimbing,bimbing
aktif,aktif
membantu,bantu
siswa,siswa
mengatasi,atas
hadapi,hadap
lingkungan,lingkung
sekolah,sekolah
Dengan,Deng
diharapkan,harap
berkontribusi,berkontribus
signifikan,signifikan
pengembangan,pengembang
karakter,karakter
kesejahteraan,sejahtera
siswa,siswa
Peran,Per
Guru,Guru
Bimbingan,Bimbing
Konseling,Konseling
Guru,Guru
bk,bk
berperan,per
membentuk,bentuk
sdm,sdm
mandiri,mandiri
berkarakter,karakter
Guru,Guru
bk,bk
konseling,konseling
berfokus,fokus
nilai,nilai
nilai,nilai
disiplin,disiplin
tanggung,tanggung
kerja,kerja
keras,keras
etika,etika
Guru,Guru
bk,bk
mengembangkan,mengembang
keterampilan,terampil
komunikasi,komunikasi
manajemen,manajemen
konflik,konflik
kerja,kerja
tim,tim
Selain,Selain
guru,guru
bk,bk
mendukung,dukung
kesehatan,sehat
mental,mental
kesehatan,sehat
psikologis,psikologis
siswa,siswa
Seperti,Sepert
mendeteksi,mendeteks
permasalahan,permasalah
psikologis,psikologis
pendampingan,damping
Layanan,Layan
bk,bk
peserta,serta
didik,didik
tenang,tenang
nyaman,nyaman
belajar,belajar
percaya,percaya
menghadapi,hadap
tantangan,tantang
sosial,sosial
akademik,akademik
Guru,Guru
bk,bk
mengarahkan,arah
minat,minat
bakat,bakat
Guru,Guru
bk,bk
diharapkan,harap
menciptakan,cipta
sekolah,sekolah
nyaman,nyaman
aman,aman
Guru,Guru
bk,bk
harapkan,harap
mengurangi,mengurang
perilaku,perilaku
bullying,bullying
lingkungan,lingkung
sekolah,sekolah
perilaku,perilaku
bullying,bullying
anak,anak
laki,laki
laki,laki
anak,anak
perempuan,perempuan
pembully,pembully
guru,guru
bk,bk
diharapkan,harap
mengadakan,ada
konseling,konseling
bimbingan,bimbing
kelompok,kelompok
anak,anak
anak,anak
perundungan,rundung
siswa,siswa
Pada,Pada
data,data
KPAI,KPAI
penurunan,urun
tingkat,tingkat
kekerasan,keras
siswa,siswa
disebabkan,sebab
preventif,preventif
penurunan,urun
laporan,lapor
Pada,Pada
data,data
SIMFONI,SIMFONI
PPA,PPA
menunjukan,menunju
tren,tren
meningkat,meningkat
disebabkan,sebab
laporan,lapor
meningkat,meningkat
Tim,Tim
pencegahan,cegah
penanganan,angan
kekerasan,keras
ekosistem,ekosistem
satuan,satu
pendidikan,pendid
satuan,satu
tugas,tugas
Hingga,Hingga
4,4
februari,februari
2025,2025
93,93
99,99
406,406
617,617
satuan,satu
pendidikan,pendid
indonesia,indonesia
membentuk,bentuk
TPPK,TPPK
Selain,Selain
kolaborasi,kolaborasi
orang,orang
tua,tua
masyarakat,masyarakat
Dengan,Deng
melibatkan,libat
orang,orang
tua,tua
komunitas,komunitas
guru,guru
bimbingan,bimbing
konseling,konseling
menciptakan,cipta
lingkungan,lingkung
mendukung,dukung
perkembangan,perkembang
karakter,karakter
siswa,siswa
aman,aman
dihargai,harga
Tanggal,Tanggal
dipilih,pilih
penghormatan,hormat
sastrawan,sastraw
William,William
Shakespeare,Shakespeare
Miguel,Miguel
de,de
Cervantes,Cervantes
wafat,wafat
berbeda,beda
Asal,Asal
usulnya,usul
tradisi,tradisi
toko,toko
buku,buku
Catalonia,Catalonia
Spanyol,Spanyol
1923,1923
menghormati,hormat
karya,karya
Cervantes,Cervantes
diadopsi,diadops
global,global
Hari,Har
Buku,Bu
Hak,Hak
Cipta,Cipta
Sedunia,Sedunia
mendorong,dorong
budaya,budaya
membaca,baca
penerbitan,penerbit
perlindungan,perlindung
hak,hak
cipta,cipta
Hari,Har
momen,momen
reflektif,reflektif
menakar,akar
ulang,ulang
manusia,manusia
modern,modern
menjadikan,menjad
buku,buku
cermin,cermin
zaman,zaman
jendela,jendela
dunia,dunia
Dalam,Dalam
lanskap,lanskap
digital,digital
hiruk,hiruk
pikuk,pikuk
muncul,muncul
paradoks,paradoks
pengetahuan,pengetahu
diakses,akses
genggaman,genggam
masyarakat,masyarakat
dunia,dunia
melabuhkan,labuh
keheningan,hening
buku,buku
fisik,fisik
Kebangkitan,Kebangkit
Buku,Bu
Fisik,Fisik
Era,Era
Digital,Digital
Di,D
Amerika,Amerika
Serikat,Serikat
Inggris,Inggris
Jerman,Jerm
Jepang,Jepang
penjualan,jual
buku,buku
cetak,cetak
meningkat,meningkat
Survei,Surve
Pew,Pew
Research,Research
Center,Center
2022,2022
65,65
pembaca,baca
muda,muda
Gen,Gen
Z,Z
memilih,memilih
buku,buku
fisik,fisik
alasan,alas
sensorik,sensorik
bau,bau
kertas,kertas
tekstur,tekstur
halaman,halaman
ketiadaan,tiada
kelelahan,lelah
mata,mata
Fenomena,Fenomena
teori,teori
embodied,embodied
cognition,cognition
Lakoff,Lakoff
Johnson,Johnson
1999,1999
pengalaman,alam
fisik,fisik
memengaruhi,memengaruh
pemrosesan,pemroses
kognitif,kognitif
Membaca,Membaca
buku,buku
fisik,fisik
dianggap,anggap
menghadirkan,hadir
makna,makna
dibandingkan,banding
layar,layar
digital,digital
cenderung,cenderung
dangkal,dangkal
shallow,shallow
reading,reading
Selain,Selain
derasnya,deras
arus,arus
digitalisasi,digitalisasi
Swedia,Swedia
mengadopsi,mengadops
kebijakan,kebija
buku,buku
fisik,fisik
15,15
buku,buku
digital,digital
pendidikan,pendid
Pemerintah,Pemerintah
Swedia,Swedia
menemukan,menemu
digitalisasi,digitalisasi
masif,masif
menurunkan,urun
tingkat,tingkat
literasi,literas
pemahaman,pemaham
membaca,baca
daya,daya
konsentrasi,konsentrasi
siswa,siswa
Fenomena,Fenomena
didukung,dukung
survei,survei
Indonesia,Indonesia
masyarakat,masyarakat
memilih,memilih
buku,buku
fisik,fisik
dibandingkan,banding
e,e
book,book
buku,buku
fisik,fisik
nilai,nilai
kenyamanan,nyaman
membaca,baca
kepuasan,puas
psikologis,psikologis
aspek,aspek
koleksi,koleksi
dimiliki,milik
buku,buku
digital,digital
Kecenderungan,Kecenderung
dianalisis,analisis
pendekatan,dekat
teoritik,teoritik
hermeneutika,hermeneutika
psikologi,psikologi
kognitif,kognitif
membahas,bahas
interaksi,interaksi
fisik,fisik
objek,objek
bacaan,baca
meningkatkan,meningkat
pemahaman,pemaham
retensi,retensi
informasi,informasi
Studi,Stud
Mizrachi,Mizrach
Salaz,Salaz
2019,2019
membaca,baca
buku,buku
cetak,cetak
efektif,efektif
pembelajaran,pembelajar
akademik,akademik
memudahkan,mudah
penandaan,anda
konsentrasi,konsentrasi
e,e
book,book
cocok,cocok
bacaan,baca
ringan,ringan
Hal,Hal
medium,medium
membaca,baca
aksesibilitas,aksesibilitas
kualitas,kualitas
pengalaman,alam
efektivitas,efektivitas
kognitif,kognitif
Literasi,Literas
Indonesia,Indonesia
Terjebak,Terjebak
Pusaran,Pusar
Rendahnya,Rendah
Minat,Minat
Baca,Baca
Di,D
Indonesia,Indonesia
pasar,pasar
buku,buku
digital,digital
tumbuh,tumbuh
minat,minat
buku,buku
cetak,cetak
bertahan,bertah
kalangan,kalang
akademisi,akademisi
pecinta,cinta
sastra,sastra
Studi,Stud
Perpustakaan,Perpustaka
Nasional,Nasional
2023,2023
menemukan,menemu
72,72
mahasiswa,mahasiswa
mudah,mudah
berkonsentrasi,berkonsentras
membaca,baca
buku,buku
fisik,fisik
Namun,Namun
ironisnya,ironis
tingkat,tingkat
literasi,literas
Indonesia,Indonesia
rendah,rendah
berdasarkan,dasar
survei,survei
PISA,PISA
2022,2022
Indonesia,Indonesia
peringkat,peringkat
62,62
79,79
negara,negara
kemampuan,mampu
membaca,baca
Sedangkan,Sedang
data,data
UNESCO,UNESCO
Institute,Institute
for,for
Statistics,Statistics
UIS,UIS
Indonesia,Indonesia
menempati,empat
peringkat,peringkat
100,100
208,208
negara,negara
tingkat,tingkat
literasi,literas
95,95
44,44
kalah,kalah
negara,negara
negara,negara
tetangga,tetangga
Asia,Asia
Tenggara,Tenggara
Filipina,Filipina
Brunei,Brune
Singapura,Singapura
Rendahnya,Rendah
literasi,literas
disebabkan,sebab
faktor,faktor
utama,utama
Kurangnya,Kurang
minat,minat
membaca,baca
keterbatasan,keterbatas
sarana,sarana
prasarana,prasarana
peran,peran
keluarga,keluarga
minim,minim
mendukung,dukung
aktivitas,aktivitas
membaca,baca
pengaruh,pengaruh
negatif,negatif
televisi,televisi
ponsel,ponsel
pintar,pintar
menarik,arik
perhatian,perhati
anak,anak
anak,anak
remaja,remaja
dibandingkan,banding
buku,buku
Beberapa,Beberapa
penelitian,penelit
rendahnya,rendah
literasi,literas
Indonesia,Indonesia
bersifat,sifat
multidimensi,multidimensi
Pertama,Pertama
akses,akses
buku,buku
timpang,timpang
daerah,daerah
pedesaan,desa
kesulitan,sulit
memperoleh,memperoleh
bahan,bahan
bacaan,baca
berkualitas,kualitas
Kemdikbud,Kemdikbud
2023,2023
Kedua,Kedua
budaya,budaya
lisan,lisan
dominan,dominan
tradisi,tradisi
baca,baca
mengakar,akar
Nugroho,Nugroho
2021,2021
Teori,Teor
Social,Social
Practice,Practice
Approach,Approach
Street,Street
1984,1984
literasi,literas
kemampuan,mampu
teknis,teknis
praktik,praktik
sosial,sosial
dipengaruhi,pengaruh
lingkungan,lingkung
Di,D
Indonesia,Indonesia
minimnya,minim
perpustakaan,perpustaka
ramah,ramah
anak,anak
mahalnya,mahal
harga,harga
buku,buku
memperparah,memperparah
kondisi,kondisi
Pendekatan,Pendekat
teoritis,teoritis
kajian,kaji
literasi,literas
Indonesia,Indonesia
diangkat,angkat
jurnal,jurnal
jurnal,jurnal
ilmiah,ilmiah
nasional,nasional
menekankan,menek
ekosistem,ekosistem
literasi,literas
meliputi,liput
keluarga,keluarga
sekolah,sekolah
masyarakat,masyarakat
Misalnya,Misal
teori,teori
ekologi,ekologi
Bronfenbrenner,Bronfenbrenner
diadaptasi,diadaptas
konteks,konteks
literasi,literas
menyoroti,menyorot
interaksi,interaksi
individu,individu
lingkungan,lingkung
mikro,mikro
keluarga,keluarga
sekolah,sekolah
menentukan,menentu
minat,minat
kemampuan,mampu
membaca,baca
Program,Program
program,program
Merdeka,Merdeka
Belajar,Belajar
mengintegrasikan,mengintegras
teknologi,teknologi
digital,digital
pendidikan,pendid
diimbangi,imbang
penguatan,penguat
budaya,budaya
literasi,literas
berbasis,basis
buku,buku
fisik,fisik
kehilangan,hilang
esensi,esensi
pembelajaran,pembelajar
mendalam,dalam
Meski,Mesk
kabar,kabar
kegemaran,gemar
membaca,baca
Indonesia,Indonesia
tren,tren
positif,positif
Indeks,Indeks
Pembangunan,Pembangun
Literasi,Literas
Masyarakat,Masyarakat
IPLM,IPLM
Tingkat,Tingkat
Gemar,Gemar
Membaca,Membaca
TGM,TGM
mengalami,alam
peningkatan,peningkat
2024,2024
kategori,kategori
Ini,In
hasil,hasil
kerja,kerja
keras,keras
Perpustakaan,Perpustaka
Nasional,Nasional
pemerintah,pemerintah
daerah,daerah
berupaya,upaya
memperluas,memperluas
akses,akses
buku,buku
meningkatkan,meningkat
kualitas,kualitas
pendidikan,pendid
literasi,literas
Hari,Har
Buku,Bu
Sedunia,Sedunia
seremoni,seremoni
pengingat,ingat
buku,buku
fisik,fisik
digital,digital
jendela,jendela
dunia,dunia
lekang,lekang
Di,D
derasnya,deras
arus,arus
digital,digital
buku,buku
fisik,fisik
kemunduran,mundur
renungan,renung
hakikat,hakikat
membaca,baca
menyentuh,menyentuh
hati,hati
pikiran,pikir
utuh,utuh
Indonesia,Indonesia
tantangannya,tantang
membalik,balik
halaman,halaman
sejarah,sejarah
literasi,literas
cerah,cerah
buku,buku
berperan,per
jembatan,jembatan
pengetahuan,pengetahu
peradaban,peradab
Perubahan,Perubah
iklim,iklim
bencana,bencana
alam,alam
barangkali,barangkali
membuatmu,buat
cemas,cemas
takut,takut
khawatir,khawatir
Perasaan,Perasa
muncul,muncul
wajar,wajar
menandakan,anda
memiliki,milik
kepedulian,kepedul
lingkungan,lingkung
Namun,Namun
level,level
stres,stres
pesimis,pesimis
depanmu,depan
Bumi,Bum
tandanya,tanda
mengalami,alam
eco,eco
anxiety,anxiety
Rasa,Rasa
cemas,cemas
situasi,situasi
lingkungan,lingkung
menerus,menerus
berdampak,dampak
buruk,buruk
kesehatan,sehat
Menurut,Menurut
studi,studi
gejala,gejala
eco,eco
anxiety,anxiety
berdaya,daya
frustasi,frustas
perasaan,rasa
putus,putus
asa,asa
Keresahan,Keresah
memicu,memicu
serangan,serang
panik,panik
panic,panic
attack,attack
gangguan,ganggu
konsentrasi,konsentrasi
gangguan,ganggu
tidur,tidur
Sebuah,Sebuah
studi,studi
menyebut,menyebut
Gen,Gen
Z,Z
kelompok,kelompok
mengalami,alam
eco,eco
anxiety,anxiety
Studi,Stud
menyebut,menyebut
peningkatan,peningkat
kecemasan,cemas
anak,anak
muda,muda
terkait,kait
krisis,krisis
iklim,iklim
memengaruhi,memengaruh
kesehatan,sehat
mental,mental
Lalu,Lalu
eco,eco
anxiety,anxiety
berlarut,larut
larut,larut
Ada,Ada
lakukan,laku
mengalihkan,alih
energimu,energi
pengembangan,pengembang
kontrol,kontrol
keterlibatan,keterlibat
sosial,sosial
aksi,aksi
lingkungan,lingkung
Berikut,Berikut
langkah,langkah
langkah,langkah
ambil,ambil
1,1
Batasi,Batas
paparan,papar
informasi,informasi
negatif,negatif
Salah,Sa
penyebab,penyebab
eco,eco
anxiety,anxiety
mengonsumsi,mengonsums
berita,berita
berisi,beris
kabar,kabar
buruk,buruk
pesimistis,pesimistis
Untuk,Untuk
mengimbangi,imbang
konten,konten
konten,konten
ikuti,ikut
media,media
sosial,sosial
Selain,Selain
mengikuti,ikut
akun,akun
akun,akun
membahas,bahas
permasalahan,permasalah
lingkungan,lingkung
mengikuti,ikut
akun,akun
akun,akun
berisi,beris
konten,konten
positif,positif
aksi,aksi
aksi,aksi
lingkungan,lingkung
Rasa,Rasa
cemas,cemas
muncul,muncul
mengendalikan,endal
situasi,situasi
buruk,buruk
Dengan,Deng
mengikuti,ikut
akun,akun
akun,akun
menawarkan,awar
solusi,solusi
lingkungan,lingkung
optimisme,optimisme
muncul,muncul
bukti,bukti
diubah,ubah
aksi,aksi
nyata,nyata
2,2
Bergabung,Bergabung
komunitas,komunitas
Cari,Car
komunitas,komunitas
organisasi,organisasi
fokus,fokus
pelestarian,pelestar
lingkungan,lingkung
Bergabung,Bergabung
komunitas,komunitas
memiliki,milik
tujuan,tuju
concern,concern
dukungan,dukung
emosional,emosional
memperkuat,memperkuat
keterhubungan,keterhubung
3,3
Terlibat,Terlibat
aksi,aksi
lingkungan,lingkung
Langkah,Lang
lakukan,laku
berpartisipasi,berpartisipas
aksi,aksi
lingkungan,lingkung
skala,skala
Sebuah,Sebuah
studi,studi
membuktikan,membukt
partisipasi,partisipasi
membangun,bangun
keyakinan,yakin
kelompok,kelompok
mengatasi,atas
krisis,krisis
lingkungan,lingkung
self,self
and,and
community,community
efficacy,efficacy
Di,D
level,level
sederhana,sederhana
clicktivism,clicktivism
mendukung,dukung
aksi,aksi
lingkungan,lingkung
daring,daring
aktif,aktif
mengunggah,unggah
konten,konten
konten,konten
pro,pro
lingkungan,lingkung
Di,D
level,level
luas,luas
aktif,aktif
aksi,aksi
eco,eco
volunteering,volunteering
edukasi,edukasi
masyarakat,masyarakat
terdampak,dampak
bencana,bencana
bergabung,gabung
aktivis,aktivis
konservasi,konservasi
Di,D
Indonesia,Indonesia
masyarakat,masyarakat
generasi,generasi
muda,muda
memiliki,milik
perhatian,perhati
isu,isu
lingkungan,lingkung
Namun,Namun
menyuarakannya,menyuara
Ini,In
temukan,temu
studi,studi
tim,tim
Bendungan,Bendung
Katulampa,Katulampa
Kota,Kota
Bogor,Bogor
Bendungan,Bendung
salah,salah
hulu,hulu
Sungai,Sunga
Ciliwung,Ciliwung
kerap,kerap
dituding,tuding
pengirim,pengirim
banjir,banjir
Jakarta,Jakarta
Kami,Kam
menemui,menemu
kelompok,kelompok
muda,muda
usulan,usul
terlibat,libat
mengatasi,atas
air,air
mengurangi,mengurang
risiko,risiko
banjir,banjir
menyampaikannya,menyampa
Kami,Kam
menjembatani,jembatan
komunikasi,komunikasi
pemerintah,pemerintah
forum,forum
salah,salah
satunya,satu
Wali,Wal
Kota,Kota
Bogor,Bogor
Bima,Bima
Arya,Arya
Dari,Dar
hasil,hasil
diskusi,diskusi
tercetus,cetus
rekomendasi,rekomendasi
pemberdayaan,pemberdaya
masyarakat,masyarakat
pelatihan,latih
pengelolaan,pengelola
air,air
teknik,teknik
mencegah,cegah
pencemaran,cemar
menjaga,jaga
kelestarian,kelestar
sumber,sumber
air,air
mendorong,dorong
penerapan,penerap
sistem,sistem
pemanen,pemanen
air,air
hujan,hujan
Dari,Dar
masyarakat,masyarakat
belajar,belajar
konservasi,konservasi
air,air
Secara,Secara
saluran,salur
resmi,resmi
anak,anak
muda,muda
terlibat,libat
kebijakan,kebija
aksi,aksi
lingkungan,lingkung
minim,minim
forum,forum
formal,formal
inklusif,inklusif
sesuai,sesuai
gaya,gaya
komunikasi,komunikasi
Akibatnya,Akibat
muncul,muncul
frustrasi,frustrasi
dipercaya,percaya
apatis,apatis
suara,suara
didengar,dengar
berdampak,dampak
Peran,Per
kampus,kampus
medsos,medsos
Salah,Sa
kelompok,kelompok
resah,resah
krisis,krisis
iklim,iklim
anak,anak
muda,muda
Mereka,Mereka
kebanyakan,kebanya
kampus,kampus
media,media
sosial,sosial
medsos,medsos
Oleh,Oleh
medium,medium
strategis,strategis
memengaruhi,memengaruh
pola,pola
pikir,pikir
perilaku,perilaku
anak,anak
muda,muda
Kampus,Kampus
mengintegrasikan,mengintegras
program,program
isu,isu
lingkungan,lingkung
mata,mata
kuliah,kuliah
studi,studi
proyek,proyek
kolaborasi,kolaborasi
mitra,mitra
edukasi,edukasi
kampanye,kampanye
peduli,peduli
lingkungan,lingkung
Pendekatan,Pendekat
lakukan,laku
mengajar,ajar
Universitas,Universitas
Gadjah,Gadjah
Mada,Mada
UGM,UGM
Saya,Saya
menyelaraskan,menyelaras
praktikum,praktikum
teknik,teknik
lingkungan,lingkung
identifikasi,identifikasi
sumber,sumber
pencemaran,cemar
analisis,analisis
perencanaan,rencana
saluran,salur
sungai,sungai
program,program
kegiatan,giat
mahasiswa,mahasiswa
aksi,aksi
bersih,bersih
sungai,sungai
Dengan,Deng
mahasiswa,mahasiswa
belajar,belajar
berkontribusi,berkontribus
nyata,nyata
lingkungan,lingkung
Atau,Atau
kampus,kampus
berkolaborasi,berkolaboras
mitra,mitra
mengampanyekan,mengampanye
program,program
program,program
pro,pro
lingkungan,lingkung
pengurangan,pengurang
penggunaan,guna
plastik,plastik
pakai,pakai
kantin,kantin
kampus,kampus
Fakultas,Fakultas
Ilmu,Il
Sosial,Sosial
Ilmu,Il
Politik,Politik
Universitas,Universitas
Indonesia,Indonesia
FISIP,FISIP
UI,UI
Media,Media
sosial,sosial
mendorong,dorong
perubahan,rubah
menyajikan,menyaj
narasi,narasi
storytelling,storytelling
mendorong,dorong
perubahan,rubah
sosial,sosial
Contoh,Contoh
akun,akun
pegiat,giat
lingkungan,lingkung
berpengaruh,pengaruh
pandawaragroup,pandawaragroup
aeshnina,aeshnina
Pandawara,Pandawara
menggugah,gugah
kesadaran,sadar
publik,publik
membersihkan,bersih
sungai,sungai
kotor,kotor
Sementara,Sementara
Nina,Nina
mengadvokasi,mengadvokas
perubahan,rubah
pemerintah,pemerintah
lokal,lokal
pusat,pusat
tingkat,tingkat
internasional,internasional
berbicara,bicara
forum,forum
UNFCC,UNFCC
COP26,COP26
2021,2021
Global,Global
Plastic,Plastic
Treaty,Treaty
Negotiation,Negotiation
2024,2024
Beberapa,Beberapa
Pandawara,Pandawara
diundang,undang
berdiskusi,diskus
presiden,presiden
membahas,bahas
solusi,solusi
sampah,sampah
Indonesia,Indonesia
Meski,Mesk
tindak,tindak
konkret,konkret
membuktikan,membukt
konsistensi,konsistensi
kampanye,kampanye
lingkungan,lingkung
berdampak,dampak
Rasa,Rasa
cemas,cemas
mengubah,ubah
Kalau,Kalau
aksi,aksi
aksi,aksi
Kamu,Ka
langkah,langkah
sederhana,sederhana
menyebar,menyebar
konten,konten
konten,konten
aksi,aksi
lingkungan,lingkung
medsos,medsos
mengubah,ubah
perilaku,perilaku
ramah,ramah
lingkungan,lingkung
Selamat,Selamat
Hari,Har
Bumi,Bum
Jadi,Jad
aksimu,aksi
Februari,Februar
2025,2025
Badan,Bad
Standar,Standar
Kurikulum,Kurikulum
Asesmen,Asesmen
Pendidikan,Pendid
Kementerian,Kementer
Pendidikan,Pendid
Dasar,Dasar
Menengah,Menengah
Kemendikdasmen,Kemendikdasmen
Republik,Republik
Indonesia,Indonesia
merilis,rilis
Naskah,Nas
Akademik,Akademik
Pembelajaran,Pembelajar
Koding,Koding
Kecerdasan,Kecerdas
Artifisial,Artifisial
KKA,KKA
Naskah,Nas
acuan,acu
kebijakan,kebija
rencana,rencana
menjadikan,menjad
KKA,KKA
mata,mata
pelajaran,pelajar
pilihan,pilih
Sekolah,Seko
Dasar,Dasar
SD,SD
Sekolah,Seko
Menengah,Menengah
Atas,Atas
Kejuruan,Kejuru
SMA,SMA
SMK,SMK
sekolah,sekolah
sekolah,sekolah
dinilai,nila
menyelenggarakan,menyelenggara
kelas,kelas
Pemerintah,Pemerintah
beralasan,alas
mata,mata
pelajaran,pelajar
meningkatkan,meningkat
daya,daya
saing,saing
sumber,sumber
daya,daya
manusia,manusia
SDM,SDM
Indonesia,Indonesia
kancah,kancah
global,global
Tapi,Tap
keputusan,putus
Kemendikdasmen,Kemendikdasmen
kebijakan,kebija
elitis,elitis
capital,capital
driven,driven
memprioritaskan,prioritas
pemilik,milik
modal,modal
berpihak,pihak
kepentingan,penting
masyarakat,masyarakat
Sebab,Sebab
ketersediaan,ketersedia
sumber,sumber
daya,daya
guru,guru
kompeten,kompeten
mengajarkan,ajar
KKA,KKA
infrastruktur,infrastruktur
teknologi,teknologi
merata,rata
wilayah,wilayah
Sehingga,Sehingga
kehadiran,hadir
mata,mata
pelajaran,pelajar
elite,elite
memperlebar,memperlebar
jurang,jurang
ketimpangan,timpang
pendidikan,pendid
Indonesia,Indonesia
Ketergantungan,Ketergantung
sumber,sumber
daya,daya
Implementasi,Implementas
mata,mata
pelajaran,pelajar
KKA,KKA
perangkat,perangkat
komputer,komputer
koneksi,koneksi
internet,internet
stabil,stabil
memakai,maka
pendekatan,dekat
unplugged,unplugged
metode,metode
mengajarkan,ajar
konsep,konsep
konsep,konsep
dasar,dasar
komputasi,komputas
permainan,permain
teka,teka
teki,teki
simulasi,simulasi
kegiatan,giat
fisik,fisik
Metode,Metode
dirancang,rancang
mengilustrasikan,mengilustras
logika,logika
algoritma,algoritma
representasi,representasi
data,data
konsep,konsep
komputasi,komputas
menyenangkan,menyenang
interaktif,interaktif
Namun,Namun
pendekatan,dekat
tenaga,tenaga
pengajar,ajar
kompetensi,kompetensi
bidang,bidang
teknologi,teknologi
Selain,Selain
KKA,KKA
diajarkan,ajar
unplugged,unplugged
KKA,KKA
dasarnya,dasar
disiplin,disiplin
ilmu,ilmu
praktis,praktis
melibatkan,libat
penggunaan,guna
perangkat,perangkat
lunak,lunak
bahasa,bahasa
pemrograman,pemrogram
Rute,Rute
unplugged,unplugged
pengalaman,alam
langsung,langsung
menulis,menulis
kode,kode
menjalankan,menjal
program,program
debugging,debugging
tindakan,tinda
mendeteksi,mendeteks
menemukan,menemu
memperbaiki,memperbaik
kesalahan,salah
program,program
berinteraksi,berinteraks
komputer,komputer
kecerdasan,cerdas
buatan,buat
AI,AI
sesungguhnya,sungguh
Banyak,Banyak
konsep,konsep
KKA,KKA
kompleks,kompleks
abstrak,abstrak
butuh,butuh
representasi,representasi
visual,visual
interaktif,interaktif
komputer,komputer
Artinya,Art
cepat,cepat
lambat,lambat
pembelajaran,pembelajar
membutuhkan,butuh
komputer,komputer
internet,internet
Sumber,Sumber
daya,daya
mudah,mudah
diakses,akses
sekolah,sekolah
sekolah,sekolah
perkotaan,perkota
Padahal,Padahal
data,data
2020,2020
8,8
522,522
sekolah,sekolah
Indonesia,Indonesia
tersambung,sambung
jaringan,jaring
listrik,listrik
42,42
159,159
sekolah,sekolah
memiliki,milik
sambungan,sambung
internet,internet
Kondisi,Kondis
sekolah,sekolah
sekolah,sekolah
daerah,daerah
tertinggal,tinggal
terdepan,terdep
terluar,luar
3T,3T
terpinggirkan,pinggir
Menggeser,Menggeser
orientasi,orientasi
pendidikan,pendid
Karakter,Karakter
capital,capital
driven,driven
kebijakan,kebija
ketergantungan,ketergantung
industri,industri
teknologi,teknologi
perusahaan,perusaha
perusahaan,perusaha
bergerak,gerak
bidang,bidang
koding,koding
AI,AI
Kurikulum,Kurikulum
materi,materi
ajar,ajar
KKA,KKA
dirancang,rancang
cermat,cermat
berorientasi,berorientas
kepentingan,penting
nasional,nasional
luas,luas
berisiko,risiko
didikte,dikte
kebutuhan,butuh
pasar,pasar
kepentingan,penting
korporasi,korporasi
kekuasaan,kuasa
Apabila,Apabila
pembelajaran,pembelajar
KKA,KKA
diarahkan,arah
menghasilkan,hasil
lulusan,lulus
sektor,sektor
ekonomi,ekonomi
digital,digital
dianggap,anggap
strategis,strategis
kelompok,kelompok
berkuasa,kuasa
potensi,potensi
kebutuhan,butuh
sektor,sektor
pendidikan,pendid
kesehatan,sehat
ketahanan,tahan
pangan,pangan
lingkungan,lingkung
hidup,hidup
industri,industri
manufaktur,manufaktur
terabaikan,aba
Selain,Selain
penekanan,penekan
keterampilan,terampil
teknis,teknis
spesifik,spesifik
mengorbankan,mengorb
pemahaman,pemaham
konseptual,konseptual
kemampuan,mampu
berpikir,pikir
kritis,kritis
KKA,KKA
didukung,dukung
keterampilan,terampil
dasar,dasar
berujung,ujung
ketergantungan,ketergantung
peralatan,ralat
digital,digital
menyebabkan,menyebab
performa,performa
belajar,belajar
anak,anak
menurun,urun
Urgensi,Urgens
relevansi,relevansi
KKA,KKA
mata,mata
pelajaran,pelajar
pilihan,pilih
dipertimbangkan,dipertimbang
matang,matang
konteks,konteks
kebutuhan,butuh
pendidikan,pendid
mendasar,dasar
Di,D
daerah,daerah
tantangan,tantang
utama,utama
berkisar,kisar
pemenuhan,pemenuh
kebutuhan,butuh
dasar,dasar
ketersediaan,ketersedia
buku,buku
ruang,ruang
kelas,kelas
layak,layak
guru,guru
kompeten,kompeten
mata,mata
pelajaran,pelajar
inti,inti
membaca,baca
matematika,matematika
Perlu,Perlu
kejelasan,jelas
tujuan,tuju
jangka,jangka
kebijakan,kebija
Apakah,Apa
tujuannya,tuju
mata,mata
menghasilkan,hasil
tenaga,tenaga
kerja,kerja
industri,industri
teknologi,teknologi
kah,kah
visi,visi
luas,luas
koding,koding
AI,AI
memberdayakan,memberdaya
masyarakat,masyarakat
Jika,Jika
fokusnya,fokus
sempit,sempit
pemenuhan,pemenuh
kebutuhan,butuh
industri,industri
kebijakan,kebija
berisiko,risiko
mengabaikan,aba
potensi,potensi
KKA,KKA
alat,alat
mengembangkan,mengembang
kemampuan,mampu
berpikir,pikir
kritis,kritis
problem,problem
solving,solving
kreativitas,kreativitas
Selain,Selain
potensi,potensi
kerja,kerja
swasta,swasta
penyediaan,penyedia
platform,platform
pembelajaran,pembelajar
pelatihan,latih
guru,guru
sertifikasi,sertifikasi
membuka,buka
celah,celah
komersialisasi,komersialisasi
pendidikan,pendid
mengalihkan,alih
fokus,fokus
tujuan,tuju
utama,utama
pendidikan,pendid
memerdekakan,merdeka
manusia,manusia
Perlu,Perlu
pengembangan,pengembang
guru,guru
mata,mata
pelajaran,pelajar
Banyak,Banyak
negara,negara
maju,maju
menerapkan,menerap
kelas,kelas
koding,koding
Sebut,Sebut
Cina,Cina
Korea,Korea
Selatan,Selat
Singapura,Singapura
Namun,Namun
negara,negara
negara,negara
memiliki,milik
dasar,dasar
literasi,literas
penalaran,nalar
skor,skor
PISA,PISA
500,500
Sementara,Sementara
skor,skor
PISA,PISA
Indonesia,Indonesia
400,400
Hal,Hal
kerap,kerap
luput,luput
perhatian,perhati
inti,inti
dasar,dasar
capaian,capai
pembelajaran,pembelajar
KKA,KKA
keterampilan,terampil
AI,AI
menulis,menulis
kode,kode
pemrograman,pemrogram
Penelitian,Penelit
intinya,inti
terletak,letak
keterampilan,terampil
berpikir,pikir
komputasional,komputasional
KBK,KBK
etika,etika
pemanfaatan,manfaat
teknologi,teknologi
EPT,EPT
KBK,KBK
keterampilan,terampil
pemecahan,pemecah
menyadari,adar
komputer,komputer
membantu,bantu
mengatasi,atas
Secara,Secara
detail,detail
sub,sub
KBK,KBK
dekomposisi,dekomposisi
pengenalan,pengenal
pola,pola
abstraksi,abstraksi
berpikir,pikir
algoritmis,algoritmis
Sedangkan,Sedang
EPT,EPT
mencakup,cakup
privasi,privasi
data,data
kekayaan,kaya
intelektual,intelektual
kesenjangan,senjang
digital,digital
Alih,Alih
alih,alih
menambah,ambah
mata,mata
pelajaran,pelajar
konsep,konsep
KBK,KBK
EPT,EPT
diintegrasikan,diintegras
mata,mata
pelajaran,pelajar
literasi,literas
numerasi,numeras
sains,sains
teknologi,teknologi
informasi,informasi
komunikasi,komunikasi
TIK,TIK
Saat,Saat
belajar,belajar
ekosistem,ekosistem
mengamati,amat
lingkungan,lingkung
guru,guru
mengajak,ajak
siswa,siswa
simulasi,simulasi
digital,digital
Jadi,Jad
dibutuhkan,butuh
mata,mata
pelajaran,pelajar
pelatihan,latih
berkelanjutan,berkelanjut
guru,guru
mengadopsi,mengadops
teknologi,teknologi
pembelajaran,pembelajar
Teknologi,Teknolog
AI,AI
pisau,pisau
Bukan,Bu
keahlian,keahl
memakai,maka
alatnya,alat
mendasar,dasar
bangun,bangun
langkah,langkah
Tanpa,Tanpa
kesadaran,sadar
alih,alih
alih,alih
instrumen,instrumen
pemerataan,erata
pendidikan,pendid
pembelajaran,pembelajar
KKA,KKA
berpotensi,berpotens
memperkuat,memperkuat
kelas,kelas
sosial,sosial
berdasarkan,dasar
akses,akses
teknologi,teknologi
pengetahuan,pengetahu
Kamu,Ka
terbiasa,biasa
menghabiskan,habis
berjam,jam
jam,jam
berselancar,selancar
media,media
sosial,sosial
menggali,menggal
informasi,informasi
terhubung,hubung
teman,teman
dunia,dunia
Namun,Namun
disadari,sadar
aktivitas,aktivitas
berisiko,risiko
mengganggu,ganggu
kesehatan,sehat
otak,otak
mentalmu,mental
Salah,Sa
dampaknya,dampak
timbulnya,timbul
eating,eating
disorder,disorder
gangguan,ganggu
makan,makan
gangguan,ganggu
mental,mental
perubahan,rubah
perilaku,perilaku
makan,makan
normal,normal
sehat,sehat
Gangguan,Ganggu
makan,makan
kecanduan,candu
media,media
sosial,sosial
dianggap,anggap
remeh,remeh
Baca,Baca
ulasan,ulas
terhindar,hindar
bahayanya,bahaya
Efek,Efek
media,media
sosial,sosial
picu,picu
gangguan,ganggu
makan,makan
Gangguan,Ganggu
makan,makan
jenis,jenis
mental,mental
dialami,alam
anak,anak
muda,muda
dasawarsa,dasawarsa
Beberapa,Beberapa
contohnya,contoh
anoreksia,anoreksia
nervosa,nervosa
takut,takut
berlebih,lebih
kenaikan,kena
berat,berat
badan,badan
bulimia,bulimia
nervosa,nervosa
memuntahkan,muntah
makanan,makan
dikonsumsi,dikonsums
binge,binge
eating,eating
disorder,disorder
sulit,sulit
menahan,menah
nafsu,nafsu
makan,makan
Sebuah,Sebuah
ulasan,ulas
2023,2023
15,15
ribu,ribu
63,63
ribu,ribu
remaja,remaja
16,16
negara,negara
mengalami,alam
gangguan,ganggu
makan,makan
remaja,remaja
negara,negara
maju,maju
Singapura,Singapura
Kecanduan,Kecandu
media,media
sosial,sosial
terbukti,terbukt
salah,salah
faktor,faktor
meningkatkan,meningkat
risiko,risiko
kaum,kaum
muda,muda
mengalami,alam
gangguan,ganggu
makan,makan
Penelitian,Penelit
2023,2023
mengungkap,ungkap
444,444
peserta,serta
782,782
remaja,remaja
usia,usia
14,14
17,17
mengalami,alam
gangguan,ganggu
makan,makan
akibat,akibat
aktivitas,aktivitas
digital,digital
Perkembangan,Perkembang
otak,otak
fase,fase
menyebabkan,menyebab
remaja,remaja
kelompok,kelompok
rentan,rentan
mengalami,alam
kecanduan,candu
media,media
sosial,sosial
gangguan,ganggu
makan,makan
Gangguan,Ganggu
makan,makan
dialami,alam
perempuan,perempuan
Mereka,Mereka
cenderung,cenderung
puas,puas
cemas,cemas
bentuk,bentuk
tubuhnya,tubuh
kegemukan,kegemu
kurus,kurus
Ini,In
terpapar,papar
konten,konten
media,media
sosial,sosial
menonjolkan,menonjol
citra,citra
tubuh,tubuh
ideal,ideal
Contohnya,Contoh
tren,tren
fitspiration,fitspiration
menginspirasi,menginspiras
orang,orang
orang,orang
berolahraga,olahraga
memiliki,milik
gaya,gaya
hidup,hidup
sehat,sehat
Bak,Bak
pedang,pedang
bermata,mata
konten,konten
fitspiration,fitspiration
berisiko,risiko
mendorong,dorong
remaja,remaja
memiliki,milik
perilaku,perilaku
makan,makan
normal,normal
sehat,sehat
kontrol,kontrol
pola,pola
makan,makan
mengonsumsi,mengonsums
suplemen,suplemen
penambah,ambah
stamina,stamina
membahayakan,bahaya
kesehatan,sehat
Gangguan,Ganggu
makan,makan
berkembang,kembang
kebiasaan,biasa
memiliki,milik
pola,pola
perilaku,perilaku
menyerupai,menyerupa
kecanduan,candu
media,media
sosial,sosial
zat,zat
adiktif,adiktif
Pengidapnya,Pengidap
kesulitan,sulit
lepas,lepas
kebiasaan,biasa
akibat,akibat
otak,otak
melepaskan,lepas
hormon,hormon
dopamin,dopamin
menimbulkan,menimbul
senang,senang
ketagihan,tagih
menerima,menerima
pengakuan,aku
orang,orang
bentuk,bentuk
like,like
comment,comment
media,media
sosial,sosial
Dalam,Dalam
gangguan,ganggu
makan,makan
pengidapnya,idap
membantu,bantu
memiliki,milik
citra,citra
tubuh,tubuh
sosok,sosok
diidamkan,idam
menyadari,adar
perilaku,perilaku
konsumsi,konsumsi
makanannya,makan
sehat,sehat
Bahaya,Bahaya
gangguan,ganggu
makan,makan
diabaikan,aba
Remaja,Remaja
membutuhkan,butuh
asupan,asup
zat,zat
gizi,gizi
makanan,makan
menjaga,jaga
kesehatannya,sehat
Zat,Zat
gizi,gizi
karbohidrat,karbohidrat
lemak,lemak
protein,protein
vitamin,vitamin
mineral,mineral
Kebutuhan,Kebutuh
zat,zat
gizi,gizi
tercukupi,cukup
berisiko,risiko
menimbulkan,menimbul
kesehatan,sehat
anemia,anemia
kekurangan,kurang
sel,sel
darah,darah
merah,merah
malnutrisi,malnutrisi
kekurangan,kurang
kelebihan,lebih
gizi,gizi
mudah,mudah
lelah,lelah
penurunan,urun
berat,berat
badan,badan
drastis,drastis
rambut,rambut
rontok,rontok
Jika,Jika
tanda,tanda
tanda,tanda
malnutrisi,malnutrisi
diabaikan,aba
kebiasaan,biasa
gangguan,ganggu
makan,makan
diteruskan,terus
remaja,remaja
berisiko,risiko
mengalami,alam
kesehatan,sehat
serius,serius
Kasus,Kasus
bulimia,bulimia
nervosa,nervosa
berisiko,risiko
menyebabkan,menyebab
rahang,rahang
membengkak,bengkak
menstruasi,menstruasi
teratur,atur
kerusakan,rusa
gigi,gigi
gusi,gusi
berdarah,darah
Sementara,Sementara
anoreksia,anoreksia
nervosa,nervosa
berisiko,risiko
memicu,memicu
gangguan,ganggu
irama,irama
jantung,jantung
kerusakan,rusa
otak,otak
Bagi,Bag
perempuan,perempuan
terpenuhinya,penuh
zat,zat
gizi,gizi
remaja,remaja
jangka,jangka
meningkatkan,meningkat
risiko,risiko
anak,anak
dilahirkannya,lahir
kelak,kelak
mengalami,alam
stunting,stunting
Cara,Cara
mengatasi,atas
gangguan,ganggu
makan,makan
kecanduan,candu
media,media
sosial,sosial
Jika,Jika
mengalami,alam
eating,eating
disorder,disorder
akibat,akibat
kecanduan,candu
media,media
sosial,sosial
atasi,atas
1,1
Detoks,Detoks
media,media
sosial,sosial
Lakukan,Laku
detoks,detoks
jeda,jeda
bermain,main
media,media
sosial,sosial
perlahan,perlahan
Hindari,Hindar
bermain,main
media,media
sosial,sosial
sehari,sehar
seminggu,minggu
sebulan,sebul
Bila,Bila
hapus,hapus
media,media
sosial,sosial
tubuhmu,tubuh
menjalani,jalan
puasa,puasa
dopamin,dopamin
mengurangi,mengurang
kecemasan,cemas
aktivitas,aktivitas
digital,digital
2,2
Bersosialisasi,Bersosialisas
lakukan,laku
hobi,hobi
Alihkan,Alih
energi,energi
perhatianmu,perhati
perbanyak,perbanyak
berinteraksi,berinteraks
teman,teman
keluarga,keluarga
komunitas,komunitas
sejalan,sejal
hobimu,hobi
Lakukan,Laku
kegiatan,giat
menyenangkan,menyenang
hati,hati
berolahraga,olahraga
bermain,main
musik,musik
merajut,rajut
menari,menar
berkebun,kebun
3,3
Bijak,Bijak
beraktivitas,aktivitas
digital,digital
Lebih,Lebih
bijak,bijak
media,media
sosial,sosial
mengurangi,mengurang
risiko,risiko
kecanduan,candu
Contohnya,Contoh
batasi,batas
penggunaannya,guna
30,30
menit,menit
Pelajari,Pelajar
perilaku,perilaku
daring,daring
bertanggung,tanggung
memilah,mem
informasi,informasi
mengakses,akses
konten,konten
berkualitas,kualitas
pembuat,buat
konten,konten
kredibel,kredibel
4,4
Hubungi,Hubung
profesional,profesional
Jangan,Jang
ragu,ragu
menghubungi,hubung
tenaga,tenaga
profesional,profesional
psikolog,psikolog
psikiater,psikiater
Mereka,Mereka
merekomendasikan,merekomendas
terapi,terapi
pengobatan,obat
mengatasi,atas
kecanduan,candu
media,media
sosial,sosial
parah,parah
Kamu,Ka
menghubungi,hubung
ahli,ahli
gizi,gizi
mengatasi,atas
gangguan,ganggu
makan,makan
Ahli,Ahl
gizi,gizi
bantu,bantu
memperbaiki,memperbaik
pola,pola
makanmu,makan
merekomedasikan,merekomedas
perencanaan,rencana
pola,pola
makan,makan
Gangguan,Ganggu
makan,makan
akibat,akibat
kecanduan,candu
media,media
sosial,sosial
ditanggapi,tanggap
serius,serius
lakukan,laku
tips,tips
terhindar,hindar
bahayanya,bahaya
Di,D
kenikmatannya,nikmat
makan,makan
junk,junk
food,food
meningkatkan,meningkat
risiko,risiko
kesehatan,sehat
Obesitas,Obesitas
depresi,depresi
pencernaan,cerna
penyakit,penyakit
jantung,jantung
stroke,stroke
kanker,kanker
diabetes,diabetes
tipe,tipe
2,2
efek,efek
makan,makan
junk,junk
food,food
Halodoc,Halodoc
Jakarta,Jakarta
Junk,Junk
food,food
alias,alias
makanan,makan
cepat,cepat
saji,saji
digemari,gemar
masyarakat,masyarakat
gurih,gurih
penyajiannya,penyaj
cepat,cepat
Selain,Selain
junk,junk
food,food
kerap,kerap
tampilan,tampil
menarik,arik
cocok,cocok
dipublikasikan,dipublikas
media,media
sosial,sosial
Namun,Namun
plus,plus
junk,junk
food,food
bahaya,bahaya
diwaspadai,waspada
Terlalu,Terlalu
makan,makan
junk,junk
food,food
meningkatkan,meningkat
risiko,risiko
obesitas,obesitas
depresi,depresi
pencernaan,cerna
penyakit,penyakit
jantung,jantung
stroke,stroke
kanker,kanker
diabetes,diabetes
tipe,tipe
2,2
Memperpendek,Memperpendek
Ingatan,Ingat
Mood,Mood
Swing,Swing
Junk,Junk
food,food
makanan,makan
minuman,minum
nilai,nilai
gizi,gizi
rendah,rendah
lemak,lemak
gula,gula
garam,garam
Beberapa,Beberapa
makanan,makan
cepat,cepat
saji,saji
menyehatkan,menyehat
salad,salad
sushi,sush
sandwich,sandwich
Namun,Namun
jenis,jenis
junk,junk
food,food
berbahaya,bahaya
kesehatan,sehat
Simak,Simak
bahayanya,bahaya
1,1
Memperpendek,Memperpendek
daya,daya
Mengonsumsi,Mengonsums
junk,junk
food,food
menurunkan,urun
kemampuan,mampu
otak,otak
berpikir,pikir
Gula,Gula
lemak,lemak
dikaitkan,kait
gangguan,ganggu
memori,memori
Nah,Nah
mengonsumsi,mengonsums
makanan,makan
gula,gula
lemak,lemak
diduga,duga
merusak,rusak
memori,memori
hippocampal,hippocampal
2,2
Cepat,Cepat
tua,tua
Kandungan,Kandung
junk,junk
food,food
memicu,memicu
inflamasi,inflamasi
peradangan,radang
mempercepat,mempercepat
proses,proses
penuaan,penua
Kulit,Kulit
mudah,mudah
berkeriput,keriput
mengalami,alam
penuaan,penua
Konsumsi,Konsums
junk,junk
food,food
memperpendek,memperpendek
telomer,telomer
struktur,struktur
kromosom,kromosom
penanda,anda
usia,usia
biologis,biologis
manusia,manusia
3,3
Kecanduan,Kecandu
Junk,Junk
food,food
kecanduan,candu
Saat,Saat
kecanduan,candu
sulit,sulit
mengontrol,mengontrol
nafsu,nafsu
makan,makan
Junk,Junk
food,food
merangsang,rangsang
sistem,sistem
penghargaan,harga
otak,otak
obat,obat
obatan,obat
adiktif,adiktif
kokain,kokain
4,4
Depresi,Depres
Setelah,Sete
kecanduan,candu
junk,junk
food,food
level,level
depresi,depresi
Kamu,Ka
sulit,sulit
mengendalikan,endal
stres,stres
tekanan,tekan
mengonsumsi,mengonsums
junk,junk
food,food
Menurut,Menurut
data,data
kesehatan,sehat
National,National
Library,Library
of,of
Medicine,Medicine
konsumsi,konsumsi
junk,junk
food,food
meningkatkan,meningkat
risiko,risiko
gangguan,ganggu
kejiwaan,jiwa
perilaku,perilaku
kekerasan,keras
anak,anak
remaja,remaja
Membiasakan,Membiasa
mengonsumsi,mengonsums
makanan,makan
sehat,sehat
pendekatan,dekat
efektif,efektif
meningkatkan,meningkat
kesehatan,sehat
mental,mental
sedari,dar
5,5
Mood,Mood
swing,swing
Mood,Mood
swing,swing
alias,alias
perubahan,rubah
mood,mood
Saat,Saat
mengonsumsi,mengonsums
cupcake,cupcake
kadar,kadar
gula,gula
tubuh,tubuh
meningkat,meningkat
menimbulkan,menimbul
perasaan,rasa
bahagia,bahagia
Namun,Namun
efeknya,efek
hilang,hilang
kesenangan,senang
hilang,hilang
berganti,bergant
hampa,hampa
Menghindari,Menghindar
Bahaya,Bahaya
Junk,Junk
Food,Food
Mengatur,Mengatur
Diet,Diet
Sehat,Sehat
Makanan,Makan
cepat,cepat
saji,saji
keripik,keripik
kue,kue
biskuit,biskuit
cokelat,cokelat
permen,permen
minuman,minum
manis,manis
makanan,makan
diproses,proses
rendah,rendah
nutrisi,nutrisi
Sayangnya,Sayang
makanan,makan
minuman,minum
menambah,ambah
nilai,nilai
apapun,apa
gula,gula
lemak,lemak
jenuh,jenuh
garam,garam
Meskipun,Mesk
menyenangkan,menyenang
dimakan,dima
konsumsi,konsumsi
junk,junk
food,food
berbahaya,bahaya
kesehatan,sehat
Nah,Nah
diet,diet
sehat,sehat
terbiasa,biasa
mengonsumsi,mengonsums
junk,junk
food,food
1,1
Konsumsi,Konsums
Makanan,Makan
Berbasis,Berbasis
Protein,Protein
Kacang,Kacang
kacangan,kacang
buncis,buncis
kacang,kacang
merah,merah
kacang,kacang
panggang,panggang
lentil,lentil
daging,daging
lemak,lemak
ayam,ayam
telur,telur
ikan,ikan
keju,keju
yoghurt,yoghurt
susu,susu
membantu,bantu
kenyang,kenyang
Kelompok,Kelompok
makanan,makan
mengurangi,mengurang
ngemil,ngemil
junk,junk
food,food
makan,makan
2,2
Makan,Ma
Kesadaran,Kesadar
Hindari,Hindar
mengemil,ngemil
junk,junk
food,food
TV,TV
mengemudi,mengemud
memegang,memegang
gadget,gadget
Untuk,Untuk
menghindari,hindar
konsumsi,konsumsi
makanan,makan
sehat,sehat
cobalah,coba
makan,makan
meja,meja
matikan,mati
gadget,gadget
Ini,In
membantu,bantu
makan,makan
kesadaran,sadar
memperhatikan,memperhat
makanan,makan
makan,makan
Fokuslah,Fokus
tekstur,tekstur
sensasi,sensasi
makanan,makan
masuk,masuk
mulut,mulut
3,3
Buat,Buat
Pilihan,Pilih
Sehat,Sehat
Makanan,Makan
makanan,makan
melewati,lewat
proses,proses
pengolahan,olah
Ada,Ada
pilihan,pilih
makanan,makan
sehat,sehat
Kalau,Kalau
lapar,lapar
butuh,butuh
kudapan,kudap
makanlah,makan
segenggam,genggam
kacang,kacang
biskuit,biskuit
gandum,gandum
keju,keju
hummus,hummus
potongan,potong
buah,buah
Terlanjur,Terlanjur
doyan,doyan
junk,junk
food,food
Jangan,Jang
panik,panik
batasi,batas
konsumsi,konsumsi
makanan,makan
cepat,cepat
saji,saji
diskusikan,diskusi
dokter,dokter
aplikasi,aplikasi
Halodoc,Halodoc
Kamu,Ka
janji,janji
pemeriksaan,pemeriksa
kondisi,kondisi
kesehatanmu,sehat
Yuk,Yuk
download,download
Halodoc,Halodoc
Referensi,Referens
Insider,Insider
com,com
Diakses,Diakses
2022,2022
Eating,Eating
a,a
lot,lot
of,of
processed,processed
foods,foods
could,could
cause,cause
your,your
body,body
to,to
age,age
more,more
quickly,quickly
a,a
new,new
study,study
suggests,suggests
Healthline,Healthline
Diakses,Diakses
2022,2022
One,One
Week,Week
of,of
Junk,Junk
Food,Food
May,May
Be,Be
Enough,Enough
to,to
Damage,Damage
Your,Your
Memory,Memory
Healthline,Healthline
Diakses,Diakses
2022,2022
How,How
Food,Food
Addiction,Addiction
Works,Works
and,and
What,What
to,to
Do,Do
About,About
It,It
National,National
Library,Library
of,of
Medicine,Medicine
Diakses,Diakses
2022,2022
Association,Association
between,between
junk,junk
food,food
consumption,consumption
and,and
mental,mental
health,health
in,in
a,a
national,national
sample,sample
of,of
Iranian,Iran
children,children
and,and
adolescents,adolescents
the,the
CASPIAN,CASPIAN
IV,IV
study,study
Beberapa,Beberapa
publik,publik
dikejutkan,kejut
pemberitaan,berita
dugaan,duga
kekerasan,keras
seksual,seksual
melibatkan,libat
peserta,serta
Program,Program
Pendidikan,Pendid
Dokter,Dokter
Spesialis,Spesialis
PPDS,PPDS
salah,salah
rumah,rumah
sakit,sakit
pendidikan,pendid
ternama,nama
Indonesia,Indonesia
Terlepas,Terlepas
proses,proses
hukum,hukum
berjalan,berjal
asas,asas
praduga,praduga
bersalah,bersa
dijunjung,junjung
menyentuh,menyentuh
titik,titik
hubungan,hubung
pelaku,pela
korban,korban
Hal,Hal
menyibak,menyibak
lapisan,lapis
lapisan,lapis
gelap,gelap
sistem,sistem
pendidikan,pendid
kedokteran,dokter
spesialis,spesialis
dibiarkan,biar
berjalan,berjal
hierarki,hierarki
kaku,kaku
minim,minim
pengawasan,awas
rapuh,rapuh
perlindungan,perlindung
hukum,hukum
Setiap,Setiap
masyarakat,masyarakat
mendambakan,damba
dokter,dokter
spesialis,spesialis
unggul,unggul
cerdas,cerdas
sigap,sigap
penuh,penuh
empati,empati
Namun,Namun
proses,proses
mencetak,cetak
dokter,dokter
diliputi,liput
krisis,krisis
mengkhawatirkan,khawatir
Sebuah,Sebuah
survei,survei
Kementerian,Kementer
Kesehatan,Kesehat
Maret,Maret
2024,2024
22,22
4,4
peserta,serta
PPDS,PPDS
mengalami,alam
gejala,gejala
depresi,depresi
Bahkan,Bah
3,3
3,3
mengaku,menga
memiliki,milik
pikiran,pikir
hidup,hidup
Hal,Hal
angka,angka
sinyal,sinyal
bahaya,bahaya
serius,serius
layanan,layan
kesehatan,sehat
negeri,negeri
Bukan,Bu
mahasiswa,mahasiswa
pekerja,kerja
PPDS,PPDS
residen,residen
praktiknya,praktik
status,status
hukum,hukum
Mereka,Mereka
belajar,belajar
Mereka,Mereka
mahasiswa,mahasiswa
pengertian,pengert
konvensional,konvensional
duduk,duduk
ruang,ruang
kuliah,kuliah
laboratorium,laboratorium
Namun,Namun
tenaga,tenaga
medis,medis
diakui,aku
struktural,struktural
sistem,sistem
kepegawaian,kepegawa
rumah,rumah
sakit,sakit
Dalam,Dalam
Undang,Undang
Undang,Undang
Nomor,Nomor
20,20
Tahun,Tahun
2013,2013
Pendidikan,Pendid
Kedokteran,Kedokter
pendidikan,pendid
profesi,profesi
spesialis,spesialis
pendidikan,pendid
akademik,akademik
bertujuan,tuju
membentuk,bentuk
kompetensi,kompetensi
dokter,dokter
Tapi,Tap
celah,celah
muncul,muncul
pendidikan,pendid
praktik,praktik
lapangan,lapang
residen,residen
menjalani,jalan
tugas,tugas
tugas,tugas
klinis,klinis
kali,kali
berat,berat
esensial,esensial
operasionalisasi,operasionalisasi
rumah,rumah
sakit,sakit
perlindungan,perlindung
hukum,hukum
selayaknya,layak
tenaga,tenaga
kerja,kerja
jaminan,jamin
sosial,sosial
Etika,Etika
kedokteran,dokter
buku,buku
praktik,praktik
Di,D
bangku,bangku
kuliah,kuliah
mahasiswa,mahasiswa
kedokteran,dokter
diajarkan,ajar
kode,kode
etik,etik
profesi,profesi
Dalam,Dalam
Kode,Kode
Etik,Etik
Kedokteran,Kedokter
Indonesia,Indonesia
Kodeki,Kodek
tertulis,tulis
dokter,dokter
wajib,wajib
menjunjung,junjung
martabat,martabat
kemanusiaan,manusia
menghormati,hormat
hak,hak
pasien,pasien
sejawat,jawat
bertindak,tindak
berdasarkan,dasar
integritas,integritas
moral,moral
Dalam,Dalam
realitas,realitas
sistem,sistem
PPDS,PPDS
prinsip,prinsip
prinsip,prinsip
kerap,kerap
dibenturkan,bentur
kultur,kultur
mengakar,akar
seniorisme,seniorisme
tekanan,tekan
akademik,akademik
pembiaran,biar
kekerasan,keras
simbolik,simbolik
fisik,fisik
nama,nama
pendidikan,pendid
Etika,Etika
profesi,profesi
berhenti,berhent
teks,teks
praktik,praktik
dijalani,jalan
Padahal,Padahal
UU,UU
Nomor,Nomor
29,29
Tahun,Tahun
2004,2004
Praktik,Praktik
Kedokteran,Kedokter
tenaga,tenaga
medis,medis
dokter,dokter
menempuh,menempuh
pendidikan,pendid
tunduk,tunduk
prinsip,prinsip
etik,etik
bertanggung,tanggung
tindakannya,tinda
Kekerasan,Kekeras
kekerasan,keras
seksual,seksual
ditoleransi,ditolerans
bentuk,bentuk
alasan,alas
institusi,institusi
pendidikan,pendid
kedokteran,dokter
Relasi,Relas
kuasa,kuasa
kesehatan,sehat
mental,mental
pengawasan,awas
Hal,Hal
mengkhawatirkan,khawatir
sistem,sistem
relasi,relasi
kuasa,kuasa
timpang,timpang
residen,residen
pembimbing,bimbing
residen,residen
senior,senior
yunior,yunior
Dalam,Dalam
kondisi,kondisi
pengawasan,awas
lemah,lemah
Banyak,Banyak
institusi,institusi
kedokteran,dokter
memiliki,milik
mekanisme,mekanisme
pelaporan,lapor
kekerasan,keras
pelecehan,leceh
aman,aman
berpihak,pihak
korban,korban
Tak,Tak
kalah,kalah
kesehatan,sehat
mental,mental
Tekanan,Tekan
akademik,akademik
beban,beban
kerja,kerja
klinis,klinis
isolasi,isolasi
sosial,sosial
dialami,alam
peserta,serta
PPDS,PPDS
pemicu,pemicu
stres,stres
kronis,kronis
kecemasan,cemas
gangguan,ganggu
perilaku,perilaku
Sayangnya,Sayang
sistem,sistem
menjadikan,menjad
asesmen,asesmen
kesehatan,sehat
mental,mental
standar,standar
wajib,wajib
seleksi,seleksi
evaluasi,evaluasi
berkala,kala
residen,residen
Padahal,Padahal
alat,alat
minnesota,minnesota
multiphasic,multiphasic
personality,personality
inventory,inventory
MMPI,MMPI
luas,luas
dunia,dunia
psikologi,psikologi
klinis,klinis
seleksi,seleksi
pekerjaan,kerja
berisiko,risiko
membantu,bantu
mengidentifikasi,mengidentifikas
potensi,potensi
psikologis,psikologis
gangguan,ganggu
kepribadian,kepribad
kecenderungan,cenderung
agresif,agresif
tersembunyi,tersembuny
Bila,Bila
diterapkan,terap
bijak,bijak
tes,tes
pagar,pagar
mencegah,cegah
orang,orang
orang,orang
risiko,risiko
masuk,masuk
sistem,sistem
pendidikan,pendid
menuntut,untut
stabilitas,stabilitas
emosi,emosi
kemampuan,mampu
relasi,relasi
interpersonal,interpersonal
Solusi,Solus
saran,saran
Reformasi,Reformas
sistem,sistem
PPDS,PPDS
keharusan,harus
opsi,opsi
Pemerintah,Pemerintah
Kementerian,Kementer
Kesehatan,Kesehat
Kementerian,Kementer
Pendidikan,Pendid
Tinggi,Tingg
Sains,Sains
Teknologi,Teknolog
langkah,langkah
konkret,konkret
Agar,Agar
berulang,ulang
sistem,sistem
berpihak,pihak
keselamatan,selamat
pertumbuhan,pertumbuh
peserta,serta
didik,didik
langkah,langkah
konkret,konkret
diterapkan,terap
1,1
Penegasan,Penegas
status,status
hukum,hukum
PPDS,PPDS
Pemerintah,Pemerintah
menetapkan,menetap
status,status
hukum,hukum
PPDS,PPDS
dibiarkan,biar
mengambang,ambang
mahasiswa,mahasiswa
tenaga,tenaga
kerja,kerja
Status,Status
hak,hak
perlindungan,perlindung
batasan,batas
kewajiban,wajib
adil,adil
hukum,hukum
2,2
Mekanisme,Mekanisme
pelaporan,lapor
aman,aman
independent,independent
Setiap,Setiap
rumah,rumah
sakit,sakit
pendidikan,pendid
institusi,institusi
kedokteran,dokter
wajib,wajib
memiliki,milik
unit,unit
pengaduan,adu
independen,independen
berpihak,pihak
korban,korban
memiliki,milik
kekuatan,kuat
mengintervensi,mengintervens
Anonimitas,Anonimitas
keamanan,aman
pelapor,lapor
tindakan,tinda
responsif,responsif
standar,standar
3,3
Tes,Tes
kejiwaan,jiwa
konseling,konseling
psikologis,psikologis
berkala,kala
Asesmen,Asesmen
psikologis,psikologis
MMPI,MMPI
syarat,syarat
wajib,wajib
proses,proses
seleksi,seleksi
calon,calon
residen,residen
Tapi,Tap
situ,situ
pendampingan,damping
psikologis,psikologis
berkala,kala
pendidikan,pendid
diinstitusikan,diinstitus
dianggap,anggap
beban,beban
Tujuannya,Tuju
mencari,mencar
cari,cari
kelemahan,lemah
mental,mental
membantu,bantu
peserta,serta
didik,didik
memahami,memaham
batas,batas
stresnya,stres
mengenali,mengenal
emosi,emosi
memproses,proses
tekanan,tekan
sehat,sehat
Konseling,Konseling
tanda,tanda
lemah,lemah
pelatihan,latih
dokter,dokter
utuh,utuh
Hal,Hal
disebabkan,sebab
merawat,rawat
orang,orang
dirawat,rawat
Menanamkan,Menanam
etika,etika
hierarki,hierarki
toksik,toksik
Salah,Sa
akar,akar
terbesar,besar
sistem,sistem
pendidikan,pendid
dokter,dokter
spesialis,spesialis
Indonesia,Indonesia
budaya,budaya
senioritas,senioritas
jarang,jarang
berubah,ubah
kekuasaan,kuasa
Padahal,Padahal
etika,etika
tumbuh,tumbuh
takut,takut
peneladanan,peneladan
dialog,dialog
sehat,sehat
Kita,Kita
membangun,bangun
model,model
relasi,relasi
berdasarkan,dasar
hierarki,hierarki
prinsip,prinsip
dasar,dasar
1,1
Respect,Respect
takut,takut
Yang,Yang
muda,muda
menghormati,hormat
tua,tua
takut,takut
dibentak,bentak
diintimidasi,diintimidas
menghargai,harga
ilmu,ilmu
pengalaman,alam
dedikasi,dedikasi
Sebaliknya,Sebalik
tua,tua
pembimbing,bimbing
kaka,kaka
kelas,kelas
sadar,sadar
hormat,hormat
dipaksa,paksa
ditumbuhkan,tumbuh
keteladanan,teladan
kebaikan,keba
keadilan,adil
2,2
Sistem,Sistem
mentoring,mentoring
formal,formal
Senioritas,Senioritas
digantikan,digant
mentoring,mentoring
Artinya,Art
peserta,serta
didik,didik
menjalani,jalan
pendidikan,pendid
diarahkan,arah
mentor,mentor
penguasa,penguasa
informal,informal
Mereka,Mereka
dibekali,bekal
pelatihan,latih
komunikasi,komunikasi
etika,etika
tanggung,tanggung
pembina,bina
karakter,karakter
penjaga,jaga
tradisi,tradisi
keras,keras
3,3
Evaluasi,Evaluas
etika,etika
budaya,budaya
semester,semester
Sama,Sama
ujian,uji
akademik,akademik
evaluasi,evaluasi
iklim,iklim
etik,etik
psikososial,psikososial
lingkungan,lingkung
pendidikan,pendid
spesialis,spesialis
berkala,kala
Apakah,Apa
peserta,serta
aman,aman
Apakah,Apa
nilai,nilai
menghargai,harga
dijalankan,dijal
Survei,Surve
dijadikan,dijad
dasar,dasar
reformasi,reformasi
internal,internal
berkelanjutan,berkelanjut
Mendidik,Mendidik
nilai,nilai
ilmu,ilmu
Pendidikan,Pendid
kedokteran,dokter
mencetak,cetak
dokter,dokter
keterampilan,terampil
klinis,klinis
mumpuni,mumpuni
Tetapi,Tetap
membentuk,bentuk
pribadi,pribadi
mendengar,dengar
memahami,memaham
merawat,rawat
manusia,manusia
empati,empati
Kita,Kita
rumah,rumah
sakit,sakit
alat,alat
tercanggih,canggih
lulusan,lulus
nilai,nilai
akademik,akademik
terbaik,baik
sistemnya,sistem
membiarkan,biar
kekerasan,keras
membungkam,bungkam
korban,korban
memproduksi,memproduks
dokter,dokter
dokter,dokter
dingin,dingin
moral,moral
gagal,gagal
bangsa,bangsa
Saatnya,Saat
mengganti,menggant
kultur,kultur
kekerasan,keras
kultur,kultur
kepedulian,kepedul
Hal,Hal
diterapkan,terap
menghapus,hapus
nilai,nilai
nilai,nilai
luhur,luhur
hormat,hormat
disiplin,disiplin
pengabdian,pengabd
Kita,Kita
menata,menata
ulang,ulang
sistem,sistem
dokter,dokter
profesional,profesional
manusia,manusia
seutuhnya,utuh
Jika,Jika
sistem,sistem
kesehatan,sehat
Indonesia,Indonesia
kuat,kuat
investasinya,investasi
didik,didik
Sudah,Sudah
berhenti,berhent
menutup,menutup
mata,mata
Karena,Karena
jas,jas
putih,putih
jiwa,jiwa
diselamatkan,selamat
Nilai,Nila
tukar,tukar
rupiah,rupiah
mengalami,alam
tekanan,tekan
berat,berat
mendekati,dekat
Rp,Rp
17,17
000,000
dollar,dollar
AS,AS
level,level
krisis,krisis
moneter,moneter
1998,1998
Padahal,Padahal
fundamental,fundamental
ekonomi,ekonomi
Indonesia,Indonesia
pertumbuhan,pertumbuh
ekonomi,ekonomi
5,5
persen,persen
inflasi,inflasi
rendah,rendah
deflasi,deflasi
Ditambah,Ditambah
neraca,neraca
perdagangan,perdagang
surplus,surplus
58,58
Nilai,Nila
tukar,tukar
rupiah,rupiah
terkait,kait
masuk,masuk
keluarnya,keluar
modal,modal
pasar,pasar
keuangan,uang
Aliran,Alir
modal,modal
pasar,pasar
modal,modal
obligasi,obligasi
menyebabkan,menyebab
Indeks,Indeks
Harga,Harga
Saham,Saham
Gabungan,Gabung
IHSG,IHSG
Bursa,Bursa
Efek,Efek
Indonesia,Indonesia
anjlok,anjlok
imbal,imbal
hasil,hasil
yield,yield
surat,surat
utang,utang
negara,negara
SUN,SUN
bertenor,tenor
sepuluh,puluh
signifikan,signifikan
7,7
persen,persen
Kebijakan,Kebija
tarif,tarif
bea,bea
masuk,masuk
produk,produk
impor,impor
diterapkan,terap
Presiden,Presiden
AS,AS
Donald,Donald
Trump,Trump
menyebabkan,menyebab
pelarian,pelar
modal,modal
negara,negara
berkembang,kembang
Indonesia,Indonesia
Secara,Secara
internal,internal
realokasi,realokasi
anggaran,anggar
negara,negara
program,program
Makan,Ma
Bergizi,Bergiz
Gratis,Gratis
pemerintahan,pemerintah
Prabowo,Prabowo
memicu,memicu
kekhawatiran,khawatir
melemahkan,lemah
pertumbuhan,pertumbuh
ekonomi,ekonomi
Indonesia,Indonesia
Pembentukan,Pembentu
Danantara,Danantara
mengalihkan,alih
aset,aset
dividen,dividen
BUMN,BUMN
sovereign,sovereign
wealth,wealth
fund,fund
SWF,SWF
dikhawatirkan,khawatir
melemahkan,lemah
kinerja,kinerja
BUMN,BUMN
memunculkan,muncul
potensi,potensi
penyalahgunaan,penyalahguna
BUMN,BUMN
Sementara,Sementara
pemerintah,pemerintah
kebijakan,kebija
program,program
ditambah,tambah
hilirisasi,hilirisas
menaikkan,naik
pertumbuhan,pertumbuh
ekonomi,ekonomi
Indonesia,Indonesia
8,8
persen,persen
Namun,Namun
meragukan,ragu
Presiden,Presiden
Prabowo,Prabowo
khawatir,khawatir
pelemahan,lemah
indeks,indeks
saham,saham
menyebabkan,menyebab
aliran,alir
modal,modal
memicu,memicu
pelemahan,lemah
nilai,nilai
tukar,tukar
rupiah,rupiah
signifikan,signifikan
Menurut,Menurut
Presiden,Presiden
ekonomi,ekonomi
masyarakat,masyarakat
kebanyakan,kebanya
berjalan,berjal
Para,Para
menteri,menteri
ekonomi,ekonomi
mengkhawatirkan,khawatir
fundamental,fundamental
ekonomi,ekonomi
diandalkan,andal
Namun,Namun
pelemahan,lemah
rupiah,rupiah
berkelanjutan,berkelanjut
ketidakpastian,ketidakpast
mengganggu,ganggu
kegiatan,giat
perekonomian,perekonom
Nilai,Nila
mata,mata
uang,uang
harga,harga
relatif,relatif
mata,mata
uang,uang
dollar,dollar
AS,AS
melemah,lemah
tajam,tajam
stabil,stabil
memengaruhi,memengaruh
fundamental,fundamental
perekonomian,perekonom
Apalagi,Apalag
ditambah,tambah
tekanan,tekan
tarif,tarif
AS,AS
memberatkan,berat
mengancam,ancam
neraca,neraca
perdagangan,perdagang
Kewibawaan,Kewibawa
kebijakan,kebija
Nilai,Nila
rupiah,rupiah
ditentukan,tentu
penawaran,awar
permintaan,perminta
Persepsi,Perseps
ekspektasi,ekspektas
pelaku,pela
ekonomi,ekonomi
investor,investor
sektor,sektor
keuangan,uang
menentukan,menentu
dominan,dominan
Sayangnya,Sayang
persepsi,persepsi
rupiah,rupiah
cenderung,cenderung
menganggap,anggap
rupiah,rupiah
mata,mata
uang,uang
lemah,lemah
diandalkan,andal
Ekspektasi,Ekspektas
rupiah,rupiah
cenderung,cenderung
mengalami,alam
pelemahan,lemah
Dalam,Dalam
anggaran,anggar
pemerintah,pemerintah
rencana,rencana
bisnis,bisnis
perusahaan,perusaha
nilai,nilai
tukar,tukar
rupiah,rupiah
diproyeksikan,diproyeks
mengalami,alam
pelemahan,lemah
Sekalipun,Sekal
Bank,Bank
Indonesia,Indonesia
BI,BI
meredam,redam
volatilitas,volatilitas
nilai,nilai
rupiah,rupiah
menjaga,jaga
depresiasi,depresiasi
melebihi,lebih
persentase,persentase
persepsi,persepsi
ekspektasi,ekspektas
negatif,negatif
nilai,nilai
tukar,tukar
melemah,lemah
Apalagi,Apalag
pelemahan,lemah
fundamental,fundamental
ekonomi,ekonomi
taruhan,taruh
Nilai,Nila
tukar,tukar
rupiah,rupiah
dipengaruhi,pengaruh
kewibawaan,wibawa
BI,BI
otoritas,otoritas
bertanggung,tanggung
stabilitas,stabilitas
rupiah,rupiah
BI,BI
dinilai,nila
independen,independen
membiayai,biaya
defisit,defisit
anggaran,anggar
bersifat,sifat
pandemi,pandemi
berkelanjutan,berkelanjut
era,era
pemerintahan,pemerintah
Prabowo,Prabowo
Sekitar,Sekitar
26,26
persen,persen
SUN,SUN
dipegang,pegang
BI,BI
24,24
persen,persen
dipegang,pegang
perbankan,perban
Kondisi,Kondis
berbeda,beda
Indonesia,Indonesia
berupaya,upaya
mengatasi,atas
krisis,krisis
1998,1998
Saat,Saat
BI,BI
independen,independen
langkah,langkah
rekapitalisasi,rekapitalisasi
perbankan,perban
stabilisasi,stabilisasi
inflasi,inflasi
kredibilitas,kredibilitas
BI,BI
bangkit,bangkit
berperan,per
rupiah,rupiah
menguat,menguat
signifikan,signifikan
Presiden,Presiden
BJ,BJ
Habibie,Habibie
ekonomi,ekonomi
rupiahnya,rupiah
pesawat,pesawat
terbang,terbang
jatuh,jatuh
bebas,bebas
stahl,stahl
distabilkan,stabil
terbang,terbang
menanjak,anjak
ascend,ascend
menjelajah,jelajah
cruising,cruising
tujuan,tuju
Jelas,Jelas
kredibilitas,kredibilitas
kebijakan,kebija
independensi,independens
bank,bank
sentral,sentral
menentukan,menentu
Program,Program
stabilisasi,stabilisasi
Dana,Dana
Moneter,Moneter
Internasional,Internasional
IMF,IMF
berat,berat
konsisten,konsisten
dijalankan,dijal
Kredibilitas,Kredibilitas
kebijakan,kebija
ekonomi,ekonomi
terpuruk,puruk
dibangkitkan,bangkit
Maka,Maka
rupiah,rupiah
menguat,menguat
Rp,Rp
16,16
700,700
an,
Rp,Rp
6,6
700,700
an,
dollar,dollar
AS,AS
Sekarang,Sekarang
tekanan,tekan
politik,politik
pemerintah,pemerintah
mendukung,dukung
kebijakan,kebija
programnya,program
sejalan,sejal
prinsip,prinsip
ekonomi,ekonomi
upaya,upaya
menjaga,jaga
independensi,independens
BI,BI
mengalami,alam
kesulitan,sulit
Keadaan,Keada
ekonomi,ekonomi
cadangan,cadang
devisa,devisa
meningkat,meningkat
Yang,Yang
melemah,lemah
kewibawaan,wibawa
efektivitas,efektivitas
kebijakan,kebija
Pengenaan,Pengena
tarif,tarif
impor,impor
AS,AS
menambah,ambah
tekanan,tekan
nilai,nilai
tukar,tukar
rupiah,rupiah
perekonomian,perekonom
Menyelaraskan,Menyelaras
kebijakan,kebija
BI,BI
intervensi,intervensi
pasar,pasar
keuangan,uang
menstabilkan,stabil
nilai,nilai
tukar,tukar
mata,mata
uang,uang
Langkah,Lang
membutuhkan,butuh
biaya,biaya
menambah,ambah
beban,beban
Volume,Volume
cadangan,cadang
devisa,devisa
kebijakan,kebija
mewajibkan,wajib
eksportir,eksportir
sumber,sumber
daya,daya
alam,alam
menyimpan,menyimp
devisa,devisa
ekspornya,ekspor
negeri,negeri
mengalami,alam
peningkatan,peningkat
Namun,Namun
kewibawaan,wibawa
otoritas,otoritas
moneter,moneter
menentukan,menentu
stabilitas,stabilitas
rupiah,rupiah
keuangan,uang
Karena,Karena
kewibawaan,wibawa
ditegakkan,tegak
cadangan,cadang
devisa,devisa
ditingkatkan,tingkat
intervensi,intervensi
pasar,pasar
terukur,ukur
koordinasi,koordinasi
kebijakan,kebija
ekonomi,ekonomi
konstruktif,konstruktif
upaya,upaya
mendorong,dorong
aliran,alir
modal,modal
negeri,negeri
Menghadapi,Menghadap
pengenaan,gena
tarif,tarif
resiprokal,resiprokal
32,32
persen,persen
Trump,Trump
penerapannya,penerap
ditangguhkan,tangguh
90,90
kemampuan,mampu
diplomasi,diplomasi
Indonesia,Indonesia
bernegosiasi,bernegosias
krusial,krusial
Indonesia,Indonesia
posisi,posisi
retaliasi,retalias
Tarif,Tarif
resiprokal,resiprokal
AS,AS
balasan,balas
bea,bea
masuk,masuk
persyaratan,persyarat
tingkat,tingkat
komponen,komponen
negeri,negeri
TKDN,TKDN
keharusan,harus
menyimpan,menyimp
penerimaan,penerima
ekspor,ekspor
negeri,negeri
hambatan,hambat
perdagangan,perdagang
diterapkan,terap
Indonesia,Indonesia
Tanpa,Tanpa
rezim,rezim
internasional,internasional
kuat,kuat
ditegakkan,tegak
negara,negara
negara,negara
bergerak,gerak
bidang,bidang
antariksa,antariksa
mengulangi,ulang
kesalahan,salah
era,era
eksplorasi,eksplorasi
imperialisme,imperialisme
okupasi,okupasi
Yang,Yang
berubah,ubah
era,era
penjelajahan,jelajah
antariksa,antariksa
supremasisme,supremasisme
mendominasi,mendominas
menguasai,menguasa
mengontrol,mengontrol
entitas,entitas
kelompoknya,kelompok
Didukung,Didukung
kekuatan,kuat
modal,modal
teknologi,teknologi
mutakhir,mutakhir
hasrat,hasrat
superior,superior
menemukan,menemu
jalan,jalan
Eksploitasi,Eksploitas
orbit,orbit
Bumi,Bum
Meskipun,Mesk
tonggak,tonggak
tata,tata
kelola,kelola
antariksa,antariksa
Outer,Outer
Space,Space
Treaty,Treaty
OST,OST
1967,1967
komprehensif,komprehensif
membahas,bahas
okupasi,okupasi
orbit,orbit
Perjanjian,Perjanj
internasional,internasional
meramalkan,ramal
melarang,larang
penyebaran,penyebar
satelit,satelit
kendali,kendali
mengakibatkan,akibat
pendudukan,pendudu
ruang,ruang
orbit,orbit
Bumi,Bum
de,de
facto,facto
Katalog,Katalog
Orbit,Orbit
Satelit,Satelit
Bumi,Bum
Badan,Bad
Penerbangan,Penerbang
Antariksa,Antariksa
NASA,NASA
Amerika,Amerika
Serikat,Serikat
satelit,satelit
diluncurkan,luncur
orbit,orbit
Bumi,Bum
rendah,rendah
Jumlahnya,Jumlah
kian,kian
bertambah,tambah
Lima,Lima
satelit,satelit
diluncurkan,luncur
60,60
satelit,satelit
mencapai,capa
orbit,orbit
minggu,minggu
Amerika,Amerika
Serikat,Serikat
terdepan,terdep
Starlink,Starlink
dioperasikan,dioperas
SpaceX,SpaceX
milik,milik
Elon,Elon
Musk,Musk
Data,Data
statistik,statistik
peluncuran,luncur
Starlink,Starlink
dirangkum,rangkum
Februari,Februar
2025,2025
7,7
086,086
satelit,satelit
orbit,orbit
42,42
000,000
satelit,satelit
rencana,rencana
megakonstelasinya,megakonstelas
Ruang,Ruang
orbit,orbit
Bumi,Bum
rendah,rendah
ditempati,tempat
satelit,satelit
terbatas,batas
Itu,Itu
fokus,fokus
berbeda,beda
visioner,visioner
Indonesia,Indonesia
negara,negara
negara,negara
khatulistiwa,khatulistiwa
mengeluarkan,mengeluar
Deklarasi,Deklaras
Bogota,Bogota
1976,1976
mendorong,dorong
pengakuan,aku
dunia,dunia
hubungan,hubung
khusus,khusus
orbit,orbit
geostasioner,geostasioner
Dominasi,Dominas
ruang,ruang
orbit,orbit
menimbulkan,menimbul
kritik,kritik
protes,protes
keras,keras
negara,negara
negara,negara
lambat,lambat
berpartisipasi,berpartisipas
lawan,lawan
politik,politik
AS,AS
sekutunya,sekutu
China,China
melayangkan,layang
keluhan,keluh
Perserikatan,Perserikat
Bangsa,Bangsa
Bangsa,Bangsa
gangguan,ganggu
operasi,operasi
satelit,satelit
Rencana,Rencana
tindakan,tinda
balasan,balas
China,China
ancaman,ancam
Rusia,Rusia
satelit,satelit
komunikasi,komunikasi
Starlink,Starlink
dipakai,dipaka
Ukraina,Ukraina
garis,garis
Kolonialisme,Kolonialisme
kontemporer,kontemporer
berbahaya,bahaya
klaim,klaim
kepemilikan,kepemil
de,de
facto,facto
pernyataan,pernyata
kepemilikannya,kepemil
bersifat,sifat
pasif,pasif
berkembang,kembang
ambiguitas,ambiguitas
hukum,hukum
mekanisme,mekanisme
penegakan,penega
hukum,hukum
Penulis,Penulis
setuju,tuju
gagasan,gagas
Moriba,Moriba
Jah,Jah
AIAA,AIAA
2023,2023
mengartikan,mengart
okupasi,okupasi
pasif,pasif
diam,diam
diam,diam
bentuk,bentuk
klaim,klaim
kepemilikan,kepemil
pengelolaan,pengelola
Mereka,Mereka
pendudukan,pendudu
orbit,orbit
terbuka,buka
memiliki,milik
prioritas,prioritas
operasional,operasional
ruang,ruang
duduki,duduk
arti,arti
mengklaim,klaim
hak,hak
Dengan,Deng
tindakan,tinda
hukum,hukum
okupasi,okupasi
ruang,ruang
orbit,orbit
implisit,implisit
klaim,klaim
ruang,ruang
penegasan,penegas
kepemilikan,kepemil
diam,diam
diam,diam
Paradoks,Paradoks
warisan,waris
umat,umat
manusia,manusia
Tanggapan,Tanggap
keras,keras
dominasi,dominasi
ruang,ruang
orbit,orbit
bernasib,nasib
Deklarasi,Deklaras
Bogota,Bogota
Tidak,Tidak
berbeda,beda
Perjanjian,Perjanj
Bulan,Bul
1979,1979
ditolak,tolak
memunculkan,muncul
ketentuan,tentu
sumber,sumber
daya,daya
benda,benda
benda,benda
langit,langit
warisan,waris
umat,umat
manusia,manusia
Perjanjian,Perjanj
Bulan,Bul
gagal,gagal
kurangnya,kurang
dukungan,dukung
spacefaring,spacefaring
nations,nations
Isu,Isu
isu,isu
utama,utama
kekhawatiran,khawatir
pembatasan,batas
hak,hak
milik,milik
pribadi,pribadi
komersialisasi,komersialisasi
ruang,ruang
angkasa,angkasa
menyebabkan,menyebab
negara,negara
enggan,enggan
menandatangani,menandatangan
perjanjian,perjanj
Oleh,Oleh
kritikus,kritikus
Barat,Barat
ketentuan,tentu
Pasal,Pasal
11,11
ayat,ayat
1,1
Perjanjian,Perjanj
Bulan,Bul
dipandang,pandang
jalan,jalan
sosialisasi,sosialisasi
Timothy,Timothy
Nelson,Nelson
2011,2011
Sebuah,Sebuah
ironi,ironi
melekatkan,lekat
konotasi,konotasi
sosialis,sosialis
Karena,Karena
dugaan,duga
rumusan,rumus
diciptakan,cipta
Blok,Blok
Soviet,Soviet
sejatinya,sejati
rumusan,rumus
pasal,pasal
mencerminkan,cermin
konsep,konsep
wilayah,wilayah
menguntungkan,untung
mencakup,cakup
enjoyment,enjoyment
keuntungan,untung
penerimaan,penerima
hasil,hasil
Sebuah,Sebuah
paradoks,paradoks
pengaturan,atur
ruang,ruang
angkasa,angkasa
Prinsip,Prinsip
first,first
come,come
first,first
served,served
melingkupi,lingkup
kebiasaan,biasa
internasional,internasional
bidang,bidang
keantariksaan,antariksa
Prinsip,Prinsip
berkembang,kembang
konsep,konsep
res,res
nullius,nullius
mengakui,aku
okupasi,okupasi
metode,metode
orisinal,orisinal
memperoleh,memperoleh
kepemilikan,kepemil
properti,properti
pemilik,milik
Sementara,Sementara
OST,OST
1967,1967
hakikatnya,hakikat
menetapkan,menetap
ruang,ruang
angkasa,angkasa
wilayah,wilayah
ekstra,ekstra
yurisdiksi,yurisdiksi
Tidak,Tidak
negara,negara
melaksanakan,laksana
hak,hak
kedaulatan,daulat
wilayah,wilayah
Hukum,Hukum
antariksa,antariksa
mengakui,aku
ruang,ruang
angkasa,angkasa
res,res
communis,communis
omnium,omnium
dimiliki,milik
masyarakat,masyarakat
Konsep,Konsep
konservatif,konservatif
mendahului,dahulu
konsep,konsep
konsep,konsep
terkini,terkin
milik,milik
prinsip,prinsip
common,common
heritage,heritage
of,of
mankind,mankind
muncul,muncul
Perjanjian,Perjanj
Bulan,Bul
Secara,Secara
khusus,khusus
negara,negara
negara,negara
berkembang,kembang
menafsirkan,menafsir
konsep,konsep
mewujudkan,wujud
prinsip,prinsip
sumber,sumber
daya,daya
antariksa,antariksa
milik,milik
negara,negara
Untuk,Untuk
dibutuhkan,butuh
kendali,kendali
internasional,internasional
sumber,sumber
daya,daya
antariksa,antariksa
tujuan,tuju
mendistribusikan,mendistribus
kekayaan,kaya
teknologi,teknologi
negara,negara
negara,negara
Rezim,Rezim
internasional,internasional
lambat,lambat
beradaptasi,beradaptas
Oleh,Oleh
negara,negara
swasta,swasta
komersialisasi,komersialisasi
ruang,ruang
angkasa,angkasa
menciptakan,cipta
peluang,peluang
Namun,Namun
sisi,sisi
mengatalisasi,mengatalisas
organisasi,organisasi
multilateral,multilateral
memecah,memecah
dunia,dunia
rezim,rezim
regulasi,regulasi
terpisah,pisah
terkoordinasi,terkoordinas
sempurna,sempurna
Misalnya,Misal
pembentukan,pembentu
Artemis,Artemis
Accords,Accords
2020,2020
digagas,gagas
dipimpin,pimpin
AS,AS
Program,Program
kemitraan,mitra
berisi,beris
serangkaian,rangka
norma,norma
upaya,upaya
AS,AS
membangun,bangun
sekutu,sekutu
dominasi,dominasi
aktivitas,aktivitas
antariksa,antariksa
Program,Program
Artemis,Artemis
dipandang,pandang
berpusat,pusat
AS,AS
kepentingan,penting
komersial,komersial
negara,negara
bergabung,gabung
Mereka,Mereka
memilih,memilih
mematuhi,mematuh
Perjanjian,Perjanj
Bulan,Bul
1979,1979
perjanjian,perjanj
komprehensif,komprehensif
Kesepakatan,Kesepakat
disusun,susun
perjanjian,perjanj
bilateral,bilateral
menarik,arik
negara,negara
dibandingkan,banding
perjanjian,perjanj
multilateral,multilateral
melibatkan,libat
konsensus,konsensus
kerja,kerja
internasional,internasional
luas,luas
Sayangnya,Sayang
kerangka,kerangka
regulasi,regulasi
internasional,internasional
cepat,cepat
beradaptasi,beradaptas
perkembangan,perkembang
aktivitas,aktivitas
antariksa,antariksa
melaju,laju
cepat,cepat
Sementara,Sementara
proliferasi,proliferasi
aktivitas,aktivitas
antariksa,antariksa
komersial,komersial
menuntut,untut
koordinasi,koordinasi
pengawasan,awas
kuat,kuat
meminimalkan,minimal
kecelakaan,celaka
teknis,teknis
dampak,dampak
negatif,negatif
lingkungan,lingkung
ketegangan,tegang
politik,politik
Hukum,Hukum
internasional,internasional
menjaga,jaga
akuntabilitas,akuntabilitas
mengatur,atur
aktivitas,aktivitas
komersial,komersial
pemanfaatan,manfaat
ruang,ruang
angkasa,angkasa
adil,adil
berkesinambungan,berkesinambung
Komunitas,Komunitas
internasional,internasional
bergantung,gantung
perjanjian,perjanj
mengatur,atur
mengorganisasikan,mengorganisas
aktivitas,aktivitas
antariksa,antariksa
OST,OST
1967,1967
Space,Space
Liability,Liability
Convention,Convention
1972,1972
Disayangkan,Disayang
pedoman,pedoman
perilaku,perilaku
bertanggung,tanggung
aktor,aktor
negara,negara
Tata,Tata
kelola,kelola
global,global
aktivitas,aktivitas
antariksa,antariksa
sepenuhnya,sepenuh
mengatur,atur
aktor,aktor
nonnegara,nonnegara
Salah,Sa
diharapkan,harap
dominasi,dominasi
swasta,swasta
berpotensi,berpotens
monopoli,monopoli
sumber,sumber
daya,daya
antariksa,antariksa
Kepentingan,Kepenting
komersial,komersial
melemahkan,lemah
kolaborasi,kolaborasi
eksplorasi,eksplorasi
mengutamakan,utama
keuntungan,untung
tujuan,tuju
ilmiah,ilmiah
semangat,semangat
perjanjian,perjanj
internasional,internasional
Berkembangnya,Berkembang
peran,peran
aktor,aktor
nonnegara,nonnegara
menantang,menantang
kapasitas,kapasitas
negara,negara
negara,negara
komunitas,komunitas
internasional,internasional
mengkaji,mengkaj
ulang,ulang
OST,OST
Perlu,Perlu
dipikirkan,pikir
traktat,traktat
antariksa,antariksa
komprehensif,komprehensif
tantangan,tantang
Dibutuhkan,Dibutuh
kerangka,kerangka
regulasi,regulasi
adil,adil
spesifik,spesifik
Di,D
terkait,kait
kepemilikan,kepemil
penggunaan,guna
sumber,sumber
daya,daya
antariksa,antariksa
tanggung,tanggung
sosial,sosial
lingkungan,lingkung
mekanisme,mekanisme
penegakan,penega
hukum,hukum
kuat,kuat
Kompromi,Komprom
dibutuhkan,butuh
regulasi,regulasi
diterima,terima
kepentingan,penting
Untuk,Untuk
mendukung,dukung
tata,tata
kelola,kelola
berkelanjutan,berkelanjut
pembentukan,pembentu
forum,forum
internasional,internasional
konferensi,konferensi
rutin,rutin
lintas,lintas
sektoral,sektoral
kepentingan,penting
keharusan,harus
Dialog,Dialog
terbuka,buka
dibutuhkan,butuh
membahas,bahas
memperbarui,memperbaru
protokol,protokol
protokol,protokol
sesuai,sesuai
perkembangan,perkembang
teknologi,teknologi
aktivitas,aktivitas
ilmiah,ilmiah
komersial,komersial
Pada,Pada
ruang,ruang
angkasa,angkasa
diatur,atur
bertanggung,tanggung
mendesak,desak
Ketegangan,Ketegang
meningkat,meningkat
isu,isu
berkembang,kembang
pertikaian,pertika
diplomatik,diplomatik
ketegangan,tegang
geopolitik,geopolitik
Bukan,Bu
skenario,skenario
terburuk,buruk
berujung,ujung
konflik,konflik
terbuka,buka
Menteri,Menter
Pendidikan,Pendid
Dasar,Dasar
Menengah,Menengah
Abdul,Abdul
Mu,Mu
ti,t
rapat,rapat
kerja,kerja
Komisi,Komis
X,X
DPR,DPR
Rabu,Rabu
6,6
11,11
2024,2024
memaparkan,apar
enam,enam
program,program
prioritas,prioritas
sektor,sektor
pendidikan,pendid
dasar,dasar
menengah,engah
Program,Program
program,program
bertujuan,tuju
meningkatkan,meningkat
kualitas,kualitas
pendidikan,pendid
meratakan,rata
akses,akses
anak,anak
bangsa,bangsa
Mengacu,Mengacu
Undang,Undang
Undang,Undang
Nomor,Nomor
20,20
Tahun,Tahun
2003,2003
Sistem,Sistem
Pendidikan,Pendid
Nasional,Nasional
visi,visi
diusung,usung
pendidikan,pendid
bermutu,mutu
Program,Program
penguatan,penguat
pendidikan,pendid
karakter,karakter
menekankan,menek
akhlak,akhlak
kesehatan,sehat
siswa,siswa
dasar,dasar
pembentukan,pembentu
karakter,karakter
bangsa,bangsa
Kedua,Kedua
wajib,wajib
belajar,belajar
13,13
berfokus,fokus
perluasan,perluas
akses,akses
pendidikan,pendid
dukungan,dukung
pendidikan,pendid
anak,anak
usia,usia
PAUD,PAUD
melibatkan,libat
sukarelawan,sukarelaw
pendidikan,pendid
Ketiga,Ketiga
peningkatan,peningkat
kualifikasi,kualifikasi
guru,guru
pelatihan,latih
peningkatan,peningkat
kesejahteraan,sejahtera
guru,guru
tujuan,tuju
mencetak,cetak
tenaga,tenaga
pendidik,didik
berkualitas,kualitas
Keempat,Keempat
pendidikan,pendid
literasi,literas
sains,sains
meningkatkan,meningkat
keterampilan,terampil
teknologi,teknologi
siswa,siswa
Kelima,Kelima
perbaikan,perba
sarana,sarana
prasarana,prasarana
mencakup,cakup
renovasi,renovasi
sekolah,sekolah
menciptakan,cipta
lingkungan,lingkung
belajar,belajar
layak,layak
Terakhir,Terakhir
pembangunan,bangun
bahasa,bahasa
sastra,sastra
melestarikan,melestar
bahasa,bahasa
daerah,daerah
meningkatkan,meningkat
literasi,literas
bahasa,bahasa
Indonesia,Indonesia
Semangat,Semangat
diusung,usung
Mendikdasmen,Mendikdasmen
relevan,relevan
cita,cita
cita,cita
keadilan,adil
sosial,sosial
terkandung,kandung
Pancasila,Pancasila
UUD,UUD
1945,1945
Pendidikan,Pendid
berkualitas,kualitas
diakses,akses
rakyat,rakyat
Indonesia,Indonesia
daerah,daerah
terpencil,pencil
Luasnya,Luas
wilayah,wilayah
Indonesia,Indonesia
disertai,serta
tantangan,tantang
geografis,geografis
akses,akses
pendidikan,pendid
adil,adil
prioritas,prioritas
Tantangan,Tantang
ketimpangan,timpang
infrastruktur,infrastruktur
pendidikan,pendid
daerah,daerah
daerah,daerah
terpencil,pencil
diatasi,atas
menciptakan,cipta
pemerataan,erata
pendidikan,pendid
sesuai,sesuai
amanat,amanat
konstitusi,konstitusi
mencerdaskan,cerdas
kehidupan,hidup
bangsa,bangsa
Kesenjangan,Kesenjang
kualitas,kualitas
pendidikan,pendid
daerah,daerah
perkotaan,perkota
terpencil,pencil
permasalahan,permasalah
serius,serius
Indonesia,Indonesia
Pasal,Pasal
31,31
UUD,UUD
1945,1945
warga,warga
negara,negara
berhak,hak
pendidikan,pendid
layak,layak
Realitasnya,Realitas
hak,hak
sepenuhnya,sepenuh
terpenuhi,penuh
daerah,daerah
terpencil,pencil
Sekolah,Seko
sekolah,sekolah
wilayah,wilayah
kali,kali
kekurangan,kurang
tenaga,tenaga
pengajar,ajar
fasilitas,fasilitas
pendukung,dukung
Ini,In
berdampak,dampak
kualitas,kualitas
pendidikan,pendid
diterima,terima
siswa,siswa
Hal,Hal
bertentangan,tentang
prinsip,prinsip
keadilan,adil
penyediaan,penyedia
akses,akses
pendidikan,pendid
Pemerintah,Pemerintah
meluncurkan,luncur
program,program
Guru,Guru
Garis,Garis
Depan,Dep
GGD,GGD
program,program
Indonesia,Indonesia
Mengajar,Mengajar
bertujuan,tuju
mendistribusikan,mendistribus
guru,guru
berkualitas,kualitas
daerah,daerah
terpencil,pencil
Namun,Namun
tantangan,tantang
dihadapi,hadap
Kualitas,Kualitas
pendidikan,pendid
daerah,daerah
perhatian,perhati
terkait,kait
peningkatan,peningkat
anggaran,anggar
pelatihan,latih
berkelanjutan,berkelanjut
guru,guru
kebijakan,kebija
inklusif,inklusif
Langkah,Lang
siswa,siswa
Indonesia,Indonesia
kota,kota
pelosok,pelosok
menikmati,nikmat
hak,hak
pendidikan,pendid
setara,tara
Guru,Guru
berkualitas,kualitas
kunci,kunci
utama,utama
menentukan,menentu
keberhasilan,keberhasil
siswa,siswa
Mereka,Mereka
materi,materi
kurikulum,kurikulum
bertindak,tindak
pembimbing,bimbing
motivator,motivator
sumber,sumber
inspirasi,inspirasi
siswa,siswa
Keberadaan,Keberada
guru,guru
kompeten,kompeten
terlatih,latih
berpengalaman,berpengalam
meningkatkan,meningkat
hasil,hasil
belajar,belajar
siswa,siswa
signifikan,signifikan
Berbagai,Berbaga
penelitian,penelit
guru,guru
kemampuan,mampu
mengajar,ajar
mendorong,dorong
prestasi,prestasi
akademik,akademik
siswa,siswa
tingkat,tingkat
Studi,Stud
Sanders,Sanders
Rivers,Rivers
1996,1996
menemukan,menemu
siswa,siswa
diajar,ajar
guru,guru
berkualitas,kualitas
mengalami,alam
peningkatan,peningkat
prestasi,prestasi
akademik,akademik
dibandingkan,banding
siswa,siswa
belajar,belajar
guru,guru
kompetensi,kompetensi
rendah,rendah
Lebih,Lebih
mengajarkan,ajar
pelajaran,pelajar
kelas,kelas
guru,guru
berkualitas,kualitas
memanfaatkan,manfaat
metode,metode
pembelajaran,pembelajar
kreatif,kreatif
inovatif,inovatif
Mereka,Mereka
fokus,fokus
pencapaian,capa
akademis,akademis
pengembangan,pengembang
karakter,karakter
keterampilan,terampil
sosial,sosial
siswa,siswa
Metode,Metode
pembelajaran,pembelajar
efektif,efektif
interaktif,interaktif
proses,proses
belajar,belajar
menyenangkan,menyenang
meningkatkan,meningkat
motivasi,motivasi
belajar,belajar
siswa,siswa
Namun,Namun
daerah,daerah
Indonesia,Indonesia
memiliki,milik
akses,akses
guru,guru
berkualitas,kualitas
Di,D
daerah,daerah
terpencil,pencil
tantangan,tantang
pengajaran,ajar
bermutu,mutu
Guru,Guru
ditempatkan,tempat
wilayah,wilayah
kali,kali
menghadapi,hadap
keterbatasan,keterbatas
minimnya,minim
akses,akses
pelatihan,latih
profesional,profesional
kurangnya,kurang
sarana,sarana
pendukung,dukung
Dukungan,Dukung
pemerintah,pemerintah
terkadang,terkadang
memadai,ada
kualitas,kualitas
pengajaran,ajar
rendah,rendah
Salah,Sa
terbesar,besar
distribusi,distribusi
guru,guru
merata,rata
Guru,Guru
guru,guru
berkualitas,kualitas
cenderung,cenderung
mengajar,ajar
daerah,daerah
perkotaan,perkota
memiliki,milik
fasilitas,fasilitas
Akibatnya,Akibat
sekolah,sekolah
daerah,daerah
terpencil,pencil
kali,kali
kekurangan,kurang
guru,guru
kompeten,kompeten
ketimpangan,timpang
kualitas,kualitas
pendidikan,pendid
Faktor,Faktor
motivasi,motivasi
kesejahteraan,sejahtera
guru,guru
hambatan,hambat
tersendiri,tersendir
Kurangnya,Kurang
insentif,insentif
tunjangan,tunjang
khusus,khusus
guru,guru
bertugas,tugas
daerah,daerah
terpencil,pencil
enggan,enggan
mengabdi,mengabd
wilayah,wilayah
Karena,Karena
dibutuhkan,butuh
solusi,solusi
komprehensif,komprehensif
meningkatkan,meningkat
motivasi,motivasi
guru,guru
daerah,daerah
terpencil,pencil
Untuk,Untuk
mengatasinya,atas
strategi,strategi
diimplementasikan,diimplementas
Salah,Sa
satunya,satu
meningkatkan,meningkat
kompetensi,kompetensi
guru,guru
pelatihan,latih
sertifikasi,sertifikasi
berkala,kala
bertugas,tugas
daerah,daerah
sulit,sulit
dijangkau,jangkau
Penggunaan,Pengguna
teknologi,teknologi
e,e
learning,learning
solusi,solusi
pelatihan,latih
jarak,jarak
guru,guru
mengembangkan,mengembang
kemampuan,mampu
meninggalkan,meninggal
tugas,tugas
Selain,Selain
peningkatan,peningkat
kompetensi,kompetensi
insentif,insentif
khusus,khusus
guru,guru
bersedia,sedia
mengajar,ajar
daerah,daerah
terpencil,pencil
Pemerintah,Pemerintah
tunjangan,tunjang
daerah,daerah
terpencil,pencil
kenaikan,kena
gaji,gaji
fasilitas,fasilitas
perumahan,rumah
layak,layak
Kolaborasi,Kolaboras
sektor,sektor
lembaga,lembaga
swadaya,swadaya
masyarakat,masyarakat
sektor,sektor
swasta,swasta
lembaga,lembaga
pendidikan,pendid
membantu,bantu
menyediakan,menyedia
sumber,sumber
daya,daya
tambahan,tambah
Perusahaan,Perusaha
teknologi,teknologi
menyediakan,menyedia
perangkat,perangkat
digital,digital
akses,akses
internet,internet
universitas,universitas
mengirim,mengirim
mahasiswa,mahasiswa
pendidikan,pendid
magang,magang
asisten,asisten
guru,guru
sekolah,sekolah
sekolah,sekolah
Sebagai,Sebaga
langkah,langkah
inovatif,inovatif
mengatasi,atas
kekurangan,kurang
guru,guru
daerah,daerah
terpencil,pencil
lulusan,lulus
Akademi,Akadem
Militer,Militer
Akmil,Akmil
dilibatkan,libat
tenaga,tenaga
pengajar,ajar
Mereka,Mereka
individu,individu
individu,individu
pilihan,pilih
kecakapan,cakap
akademik,akademik
kedisiplinan,disiplin
lulus,lulus
seleksi,seleksi
ketat,ketat
segi,segi
akademik,akademik
fisik,fisik
SMA,SMA
Meski,Mesk
latar,latar
pendidikan,pendid
berfokus,fokus
pertahanan,pertahan
keamanan,aman
konsep,konsep
pertahanan,pertahan
diinterpretasikan,diinterpretas
luas,luas
pendekatan,dekat
memberdayakan,memberdaya
masyarakat,masyarakat
sektor,sektor
pendidikan,pendid
Agar,Agar
lulusan,lulus
Akmil,Akmil
efektif,efektif
mengajar,ajar
pelatihan,latih
tambahan,tambah
pedagogi,pedagogi
penguasaan,penguasa
kurikulum,kurikulum
SD,SD
SMP,SMP
SMA,SMA
Dengan,Deng
keterampilan,terampil
mendidik,didik
siswa,siswa
wilayah,wilayah
sulit,sulit
dijangkau,jangkau
guru,guru
profesional,profesional
Langkah,Lang
mengatasi,atas
kekosongan,kosong
tenaga,tenaga
pengajar,ajar
memperkuat,memperkuat
kehadiran,hadir
negara,negara
pemerataan,erata
pendidikan,pendid
Mengaitkan,Mengait
gagasan,gagas
Sistem,Sistem
Pertahanan,Pertahan
Keamanan,Keaman
Rakyat,Rakyat
Semesta,Semesta
Sishankamrata,Sishankamrata
memperluas,memperluas
makna,makna
pertahanan,pertahan
negara,negara
pendidikan,pendid
Sishankamrata,Sishankamrata
melibatkan,libat
warga,warga
negara,negara
sumber,sumber
daya,daya
nasional,nasional
menjaga,jaga
kedaulatan,daulat
Melalui,Melalu
penugasan,penugas
lulusan,lulus
Akmil,Akmil
memperkuat,memperkuat
fondasi,fondasi
pertahanan,pertahan
bangsa,bangsa
jangka,jangka
Dengan,Deng
menempatkan,empat
sekolah,sekolah
sekolah,sekolah
terpencil,pencil
membantu,bantu
mencerdaskan,cerdas
bangsa,bangsa
menumbuhkan,menumbuh
cinta,cinta
Tanah,Tanah
Air,Air
semangat,semangat
bela,bela
negara,negara
Kesimpulannya,Kesimpul
kualitas,kualitas
guru,guru
menentukan,menentu
keberhasilan,keberhasil
siswa,siswa
Guru,Guru
berkualitas,kualitas
membentuk,bentuk
lingkungan,lingkung
belajar,belajar
kondusif,kondusif
meningkatkan,meningkat
prestasi,prestasi
akademik,akademik
karakter,karakter
siswa,siswa
Peningkatan,Peningkat
kualitas,kualitas
guru,guru
daerah,daerah
terpencil,pencil
investasi,investasi
jangka,jangka
Indonesia,Indonesia
Mewujudkan,Mewujud
pendidikan,pendid
merata,rata
sesuai,sesuai
amanat,amanat
konstitusi,konstitusi
komitmen,komitmen
pemerintah,pemerintah
Dengan,Deng
kebijakan,kebija
inklusif,inklusif
dukungan,dukung
berkelanjutan,berkelanjut
pendidikan,pendid
berkualitas,kualitas
dinikmati,nikmat
anak,anak
bangsa,bangsa
Kita,Kita
membangun,bangun
generasi,generasi
cerdas,cerdas
kompeten,kompeten
menghadapi,hadap
tantangan,tantang
global,global
Dinamika,Dinamika
global,global
bergerak,gerak
diwarnai,warna
ketegangan,tegang
politik,politik
rivalitas,rivalitas
antarnegara,antarnegara
Pada,Pada
ancaman,ancam
bencana,bencana
alam,alam
diabaikan,aba
dampaknya,dampak
kalah,kalah
destruktif,destruktif
Berada,Berada
cincin,cincin
api,api
Pasifik,Pasifik
Indonesia,Indonesia
rentan,rentan
bencana,bencana
alam,alam
letusan,letus
gunung,gunung
berapi,rap
gempa,gempa
bumi,bumi
tsunami,tsunami
Bencana,Bencana
hidrometeorologi,hidrometeorologi
banjir,banjir
puting,puting
beliung,beliung
kekeringan,kering
meningkat,meningkat
Situasi,Situas
geografis,geografis
dampak,dampak
perubahan,rubah
iklim,iklim
mengharuskan,harus
Indonesia,Indonesia
memiliki,milik
tingkat,tingkat
kesiapan,kesiap
menghadapi,hadap
bencana,bencana
Untuk,Untuk
meningkatkan,meningkat
kesiapsiagaan,kesiapsiaga
memperkuat,memperkuat
respons,respons
bencana,bencana
mendorong,dorong
keamanan,aman
inklusif,inklusif
kawasan,kawasan
TNI,TNI
Angkatan,Angkat
Udara,Udara
TNI,TNI
AU,AU
menggelar,gelar
Regional,Regional
Air,Air
and,and
Space,Space
Power,Power
Forum,Forum
kali,kali
Nusa,Nusa
Dua,Dua
Bali,Bal
Forum,Forum
bertujuan,tuju
membahas,bahas
perkembangan,perkembang
teknologi,teknologi
dirgantara,dirgantara
terkini,terkin
relevan,relevan
operasi,operasi
bantuan,bantu
kemanusiaan,manusia
penanggulangan,penanggulang
bencana,bencana
humanitarian,humanitar
assistance,assistance
and,and
disaster,disaster
relief,relief
HADR,HADR
Teknologi,Teknolog
berfokus,fokus
pengembangan,pengembang
unmanned,unmanned
aerial,aerial
vehicle,vehicle
UAV,UAV
platform,platform
mobilitas,mobilitas
udara,udara
intelligence,intelligence
surveillance,surveillance
and,and
reconnaissance,reconnaissance
ISR,ISR
teknologi,teknologi
satelit,satelit
Bencana,Bencana
alam,alam
mengenal,mengenal
batas,batas
negara,negara
kolaborasi,kolaborasi
internasional,internasional
HADR,HADR
Bahkan,Bah
kolaborasi,kolaborasi
jembatan,jembatan
antarnegara,antarnegara
terlepas,lepas
perbedaan,perbeda
politik,politik
nilai,nilai
nilai,nilai
kemanusiaan,manusia
TNI,TNI
pilar,pilar
pertahanan,pertahan
negara,negara
sesuai,sesuai
Undang,Undang
Undang,Undang
Nomor,Nomor
34,34
Tahun,Tahun
2004,2004
berperan,per
operasi,operasi
militer,militer
perang,perang
operasi,operasi
HADR,HADR
Hal,Hal
upaya,upaya
meningkatkan,meningkat
kesiapsiagaan,kesiapsiaga
respons,respons
bencana,bencana
Selain,Selain
kemampuannya,mampu
bergerak,gerak
cepat,cepat
wilayah,wilayah
kekuatan,kuat
udara,udara
TNI,TNI
AU,AU
respons,respons
luas,luas
efisien,efisien
Selama,Selama
TNI,TNI
AU,AU
kemampuan,mampu
membantu,bantu
penanggulangan,penanggulang
bencana,bencana
Sebagai,Sebaga
contoh,contoh
Mei,Me
2024,2024
Komando,Komando
Pasukan,Pasu
Gerak,Gerak
Cepat,Cepat
Kopasgat,Kopasgat
TNI,TNI
AU,AU
mengevakuasi,mengevakuas
100,100
warga,warga
Kabupaten,Kabupaten
Luwu,Luwu
Sulawesi,Sulawes
Selatan,Selat
terdampak,dampak
banjir,banjir
tanah,tanah
longsor,longsor
Berkat,Berkat
dukungan,dukung
aset,aset
udara,udara
Kopasgat,Kopasgat
menembus,embus
daerah,daerah
terisolasi,terisolas
menyelamatkan,menyelamat
nyawa,nyawa
Selain,Selain
bantuan,bantu
medis,medis
korban,korban
Selain,Selain
mendukung,dukung
evakuasi,evakuasi
TNI,TNI
AU,AU
berperan,per
operasi,operasi
pemadaman,adam
kebakaran,bakar
hutan,hutan
Sumatera,Sumatera
Kalimantan,Kalimant
Pesawat,Pesawat
helikopter,helikopter
TNI,TNI
AU,AU
kerap,kerap
mencegah,cegah
kebakaran,bakar
hutan,hutan
teknologi,teknologi
modifikasi,modifikasi
cuaca,cuaca
TMC,TMC
memadamkan,adam
api,api
menyalurkan,alur
bantuan,bantu
Helikopter,Helikopter
TNI,TNI
AU,AU
H225M,H225M
Caracal,Caracal
membantu,bantu
Badan,Bad
Nasional,Nasional
Penanggulangan,Penanggulang
Bencana,Bencana
BNPB,BNPB
memadamkan,adam
api,api
membantu,bantu
evakuasi,evakuasi
menyalurkan,alur
bantuan,bantu
Adapun,Ada
pesawat,pesawat
TNI,TNI
AU,AU
C,C
130J,130J
Hercules,Hercules
mengangkut,angkut
bantuan,bantu
berperan,per
misi,misi
misi,misi
bantuan,bantu
berskala,skala
C,C
130J,130J
peran,peran
kunci,kunci
misi,misi
air,air
drop,drop
bantuan,bantu
kemanusiaan,manusia
Gaza,Gaza
Palestina,Palestina
Penggunaan,Pengguna
teknologi,teknologi
satelit,satelit
kian,kian
meningkat,meningkat
operasi,operasi
HADR,HADR
pemantauan,pemantau
jarak,jarak
komunikasi,komunikasi
Satelit,Satelit
synthetic,synthetic
aperture,aperture
radar,radar
SAR,SAR
gambaran,gambar
akurat,akurat
kondisi,kondisi
visual,visual
cuaca,cuaca
buruk,buruk
malam,malam
Teknologi,Teknolog
satelit,satelit
mendukung,dukung
komunikasi,komunikasi
infrastruktur,infrastruktur
komunikasi,komunikasi
darat,darat
rusak,rusak
akibat,akibat
bencana,bencana
Saat,Saat
gempa,gempa
bumi,bumi
tsunami,tsunami
Palu,Palu
2018,2018
satelit,satelit
Lapan,Lap
A2,A2
menjaga,jaga
komunikasi,komunikasi
daerah,daerah
terdampak,dampak
warga,warga
berkomunikasi,berkomunikas
Perkembangan,Perkembang
kalah,kalah
teknologi,teknologi
dirgantara,dirgantara
operasi,operasi
HADR,HADR
penggunaan,guna
UAV,UAV
drone,drone
UAV,UAV
efektif,efektif
operasi,operasi
tanggap,tanggap
darurat,darurat
Penggunaannya,Pengguna
terbatas,batas
medan,medan
perang,perang
bermanfaat,manfaat
operasi,operasi
kemanusiaan,manusia
Contohnya,Contoh
gempa,gempa
bumi,bumi
Nepal,Nepal
2021,2021
Pemerintah,Pemerintah
Nepal,Nepal
UAV,UAV
memetakan,eta
daerah,daerah
bencana,bencana
menilai,nila
kondisi,kondisi
wilayah,wilayah
sulit,sulit
diakses,akses
Penggunaan,Pengguna
UAV,UAV
mempercepat,mempercepat
proses,proses
penilaian,nila
kerusakan,rusa
respons,respons
cepat,cepat
kebutuhan,butuh
lapangan,lapang
UAV,UAV
terbukti,terbukt
berguna,guna
operasi,operasi
pencarian,pencar
penyelamatan,penyelamat
Misalnya,Misal
kecelakaan,celaka
helikopter,helikopter
melibatkan,libat
Presiden,Presiden
Iran,Ir
Ebrahim,Ebrahim
Raisi,Rais
UAV,UAV
Bayraktar,Bayraktar
Akinci,Akinc
Turki,Turk
menemukan,menemu
lokasi,lokasi
kecelakaan,celaka
Hal,Hal
efektivitas,efektivitas
UAV,UAV
meningkatkan,meningkat
kesadaran,sadar
situasional,situasional
membantu,bantu
pencarian,pencar
wilayah,wilayah
sulit,sulit
diakses,akses
Selain,Selain
teknologi,teknologi
kolaborasi,kolaborasi
internasional,internasional
elemen,elemen
operasi,operasi
HADR,HADR
bencana,bencana
lintas,lintas
batas,batas
Kompleksitas,Kompleksitas
operasi,operasi
HADR,HADR
membutuhkan,butuh
beragam,agam
jenis,jenis
kemampuan,mampu
disediakan,sedia
negara,negara
Di,D
peran,peran
kolaborasi,kolaborasi
internasional,internasional
Indonesia,Indonesia
memiliki,milik
pengalaman,alam
negara,negara
negara,negara
sahabat,sahabat
Salah,Sa
satunya,satu
operasi,operasi
pencarian,pencar
penyelamatan,penyelamat
pascatsunami,pascatsunam
Aceh,Aceh
2004,2004
Ketika,Ketika
bantuan,bantu
internasional,internasional
memainkan,ain
peran,peran
evakuasi,evakuasi
korban,korban
upaya,upaya
pemulihan,pemulih
Kehadiran,Kehadir
mitra,mitra
internasional,internasional
tersedianya,sedia
sumber,sumber
daya,daya
kemampuan,mampu
mobilitas,mobilitas
udara,udara
Ini,In
krusial,krusial
mengirim,mengirim
bantuan,bantu
wilayah,wilayah
terisolasi,terisolas
akibat,akibat
kerusakan,rusa
infrastruktur,infrastruktur
Kolaborasi,Kolaboras
tecermin,tecermin
operasi,operasi
penanggulangan,penanggulang
bencana,bencana
pascagempa,pascagempa
bumi,bumi
tsunami,tsunami
Palu,Palu
2018,2018
Kerja,Kerja
internasional,internasional
operasi,operasi
HADR,HADR
berbagi,berbag
sumber,sumber
daya,daya
berbagi,berbag
pengetahuan,pengetahu
pengalaman,alam
Dalam,Dalam
jangka,jangka
kerja,kerja
meningkatkan,meningkat
kesiapsiagaan,kesiapsiaga
global,global
menghadapi,hadap
bencana,bencana
memperkuat,memperkuat
kapasitas,kapasitas
kolektif,kolektif
merespons,respons
situasi,situasi
darurat,darurat
Bencana,Bencana
alam,alam
ancaman,ancam
global,global
melintasi,lintas
batas,batas
negara,negara
Dalam,Dalam
meningkatkan,meningkat
kesiapsiagaan,kesiapsiaga
efektivitas,efektivitas
respons,respons
negara,negara
negara,negara
memanfaatkan,manfaat
teknologi,teknologi
terbaru,baru
bidang,bidang
kedirgantaraan,dirgantara
antariksa,antariksa
UAV,UAV
satelit,satelit
Kolaborasi,Kolaboras
internasional,internasional
kunci,kunci
keberhasilan,keberhasil
operasi,operasi
HADR,HADR
negara,negara
menanggulangi,menanggulang
bencana,bencana
Melalui,Melalu
kerja,kerja
negara,negara
negara,negara
berbagi,berbag
sumber,sumber
daya,daya
pengetahuan,pengetahu
teknologi,teknologi
meminimalkan,minimal
dampak,dampak
bencana,bencana
menyelamatkan,menyelamat
nyawa,nyawa
Dalam,Dalam
situasi,situasi
darurat,darurat
menit,menit
berharga,harga
Oleh,Oleh
sinergi,sinergi
teknologi,teknologi
kolaborasi,kolaborasi
lintas,lintas
negara,negara
solusi,solusi
terbaik,baik
meningkatkan,meningkat
keamanan,aman
kesejahteraan,sejahtera
global,global
berdasarkan,dasar
nilai,nilai
nilai,nilai
kemanusiaan,manusia
China,China
memperingatkan,memperingat
membalas,balas
negara,negara
negara,negara
AS,AS
membahayakan,bahaya
kepentingan,penting
Beijing,Beijing
Perang,Perang
dagang,dagang
ekonomi,ekonomi
terbesar,besar
dunia,dunia
mengancam,ancam
melibatkan,libat
negara,negara
negara,negara
Dikutip,Dikutip
CNBC,CNBC
Senin,Senin
21,21
4,4
2025,2025
peringatan,peringat
China,China
muncul,muncul
pemerintahan,pemerintah
Presiden,Presiden
AS,AS
Donald,Donald
Trump,Trump
dilaporkan,lapor
berencana,rencana
negosiasi,negosiasi
tarif,tarif
menekan,mene
mitra,mitra
mitra,mitra
AS,AS
membatasi,batas
transaksi,transaksi
perdagangan,perdagang
China,China
Trump,Trump
menunda,unda
kenaikan,kena
tarif,tarif
utama,utama
negara,negara
negara,negara
90,90
menaikkan,naik
bea,bea
barang,barang
barang,barang
China,China
145,145
persen,persen
China,China
menentang,menentang
mencapai,capa
kesepakatan,sepakat
mengorbankan,mengorb
kepentingan,penting
China,China
Jika,Jika
China,China
menerimanya,menerima
mengambil,ambil
tindakan,tinda
balasan,balas
timbal,timbal
Kementerian,Kementer
Perdagangan,Perdagang
China,China
Kementerian,Kementer
memperingatkan,memperingat
risiko,risiko
negara,negara
perdagangan,perdagang
internasional,internasional
hukum,hukum
rimba,rimba
Pernyataan,Pernyata
berusaha,usaha
menggambarkan,gambar
China,China
bersedia,sedia
mempertahankan,mempertah
keadilan,adil
kewajaran,wajar
internasional,internasional
Kementerian,Kementer
Perdagangan,Perdagang
China,China
menggambarkan,gambar
tindakan,tinda
AS,AS
penyalahgunaan,penyalahguna
tarif,tarif
perundungan,rundung
China,China
membalas,balas
tarif,tarif
AS,AS
mengenakan,gena
pungutan,pungut
125,125
persen,persen
impor,impor
barang,barang
barang,barang
AS,AS
Beijing,Beijing
membatasi,batas
ekspor,ekspor
mineral,mineral
memasukkan,masuk
perusahaan,perusaha
AS,AS
daftar,daftar
hitam,hitam
membatasi,batas
kemampuan,mampu
perusahaan,perusaha
perusahaan,perusaha
China,China
Analis,Analis
AS,AS
China,China
mencapai,capa
kesepakatan,sepakat
Trump,Trump
pekan,pekan
kesepakatan,sepakat
dicapai,capa
minggu,minggu
Presiden,Presiden
China,China
Xi,X
Jinping,Jinping
minggu,minggu
mengunjungi,unjung
Vietnam,Vietnam
Malaysia,Malaysia
Kamboja,Kamboja
perjalanan,perjalan
negeri,negeri
pertamanya,pertama
2025,2025
Dalam,Dalam
pernyataan,pernyata
resmi,resmi
China,China
pertemuannya,pertemu
pemimpin,pemimpin
ketiga,tiga
negara,negara
Xi,X
menyerukan,eru
upaya,upaya
menentang,menentang
tarif,tarif
perundungan,rundung
Sejak,Sejak
Trump,Trump
mengenakan,gena
tarif,tarif
impor,impor
China,China
jabatan,jabat
pertamanya,pertama
China,China
meningkatkan,meningkat
perdagangannya,perdagang
Asia,Asia
Tenggara,Tenggara
mitra,mitra
dagang,dagang
terbesar,besar
China,China
tingkat,tingkat
regional,regional
AS,AS
mitra,mitra
dagang,dagang
terbesar,besar
China,China
tingkat,tingkat
negara,negara
Minggu,Minggu
Kementerian,Kementer
Perdagangan,Perdagang
China,China
mengganti,menggant
negosiator,negosiator
perdagangan,perdagang
internasional,internasional
utamanya,utama
Li,L
Chenggang,Chenggang
wakil,wakil
menteri,menteri
duta,duta
negara,negara
Organisasi,Organisas
Perdagangan,Perdagang
Dunia,Dunia
WTO,WTO
China,China
mengajukan,aju
gugatan,gugat
AS,AS
WTO,WTO
kenaikan,kena
tarif,tarif
terbaru,baru
Trump,Trump
Nilai,Nila
tukar,tukar
rupiah,rupiah
mengalami,alam
tekanan,tekan
berat,berat
mendekati,dekat
Rp,Rp
17,17
000,000
dollar,dollar
AS,AS
level,level
krisis,krisis
moneter,moneter
1998,1998
Padahal,Padahal
fundamental,fundamental
ekonomi,ekonomi
Indonesia,Indonesia
pertumbuhan,pertumbuh
ekonomi,ekonomi
5,5
persen,persen
inflasi,inflasi
rendah,rendah
deflasi,deflasi
Ditambah,Ditambah
neraca,neraca
perdagangan,perdagang
surplus,surplus
58,58
Nilai,Nila
tukar,tukar
rupiah,rupiah
terkait,kait
masuk,masuk
keluarnya,keluar
modal,modal
pasar,pasar
keuangan,uang
Aliran,Alir
modal,modal
pasar,pasar
modal,modal
obligasi,obligasi
menyebabkan,menyebab
Indeks,Indeks
Harga,Harga
Saham,Saham
Gabungan,Gabung
IHSG,IHSG
Bursa,Bursa
Efek,Efek
Indonesia,Indonesia
anjlok,anjlok
imbal,imbal
hasil,hasil
yield,yield
surat,surat
utang,utang
negara,negara
SUN,SUN
bertenor,tenor
sepuluh,puluh
signifikan,signifikan
7,7
persen,persen
Kebijakan,Kebija
tarif,tarif
bea,bea
masuk,masuk
produk,produk
impor,impor
diterapkan,terap
Presiden,Presiden
AS,AS
Donald,Donald
Trump,Trump
menyebabkan,menyebab
pelarian,pelar
modal,modal
negara,negara
berkembang,kembang
Indonesia,Indonesia
Secara,Secara
internal,internal
realokasi,realokasi
anggaran,anggar
negara,negara
program,program
Makan,Ma
Bergizi,Bergiz
Gratis,Gratis
pemerintahan,pemerintah
Prabowo,Prabowo
memicu,memicu
kekhawatiran,khawatir
melemahkan,lemah
pertumbuhan,pertumbuh
ekonomi,ekonomi
Indonesia,Indonesia
Pembentukan,Pembentu
Danantara,Danantara
mengalihkan,alih
aset,aset
dividen,dividen
BUMN,BUMN
sovereign,sovereign
wealth,wealth
fund,fund
SWF,SWF
dikhawatirkan,khawatir
melemahkan,lemah
kinerja,kinerja
BUMN,BUMN
memunculkan,muncul
potensi,potensi
penyalahgunaan,penyalahguna
BUMN,BUMN
Sementara,Sementara
pemerintah,pemerintah
kebijakan,kebija
program,program
ditambah,tambah
hilirisasi,hilirisas
menaikkan,naik
pertumbuhan,pertumbuh
ekonomi,ekonomi
Indonesia,Indonesia
8,8
persen,persen
Namun,Namun
meragukan,ragu
Presiden,Presiden
Prabowo,Prabowo
khawatir,khawatir
pelemahan,lemah
indeks,indeks
saham,saham
menyebabkan,menyebab
aliran,alir
modal,modal
memicu,memicu
pelemahan,lemah
nilai,nilai
tukar,tukar
rupiah,rupiah
signifikan,signifikan
Menurut,Menurut
Presiden,Presiden
ekonomi,ekonomi
masyarakat,masyarakat
kebanyakan,kebanya
berjalan,berjal
Para,Para
menteri,menteri
ekonomi,ekonomi
mengkhawatirkan,khawatir
fundamental,fundamental
ekonomi,ekonomi
diandalkan,andal
Namun,Namun
pelemahan,lemah
rupiah,rupiah
berkelanjutan,berkelanjut
ketidakpastian,ketidakpast
mengganggu,ganggu
kegiatan,giat
perekonomian,perekonom
Nilai,Nila
mata,mata
uang,uang
harga,harga
relatif,relatif
mata,mata
uang,uang
dollar,dollar
AS,AS
melemah,lemah
tajam,tajam
stabil,stabil
memengaruhi,memengaruh
fundamental,fundamental
perekonomian,perekonom
Apalagi,Apalag
ditambah,tambah
tekanan,tekan
tarif,tarif
AS,AS
memberatkan,berat
mengancam,ancam
neraca,neraca
perdagangan,perdagang
Kewibawaan,Kewibawa
kebijakan,kebija
Nilai,Nila
rupiah,rupiah
ditentukan,tentu
penawaran,awar
permintaan,perminta
Persepsi,Perseps
ekspektasi,ekspektas
pelaku,pela
ekonomi,ekonomi
investor,investor
sektor,sektor
keuangan,uang
menentukan,menentu
dominan,dominan
Sayangnya,Sayang
persepsi,persepsi
rupiah,rupiah
cenderung,cenderung
menganggap,anggap
rupiah,rupiah
mata,mata
uang,uang
lemah,lemah
diandalkan,andal
Ekspektasi,Ekspektas
rupiah,rupiah
cenderung,cenderung
mengalami,alam
pelemahan,lemah
Dalam,Dalam
anggaran,anggar
pemerintah,pemerintah
rencana,rencana
bisnis,bisnis
perusahaan,perusaha
nilai,nilai
tukar,tukar
rupiah,rupiah
diproyeksikan,diproyeks
mengalami,alam
pelemahan,lemah
Sekalipun,Sekal
Bank,Bank
Indonesia,Indonesia
BI,BI
meredam,redam
volatilitas,volatilitas
nilai,nilai
rupiah,rupiah
menjaga,jaga
depresiasi,depresiasi
melebihi,lebih
persentase,persentase
persepsi,persepsi
ekspektasi,ekspektas
negatif,negatif
nilai,nilai
tukar,tukar
melemah,lemah
Apalagi,Apalag
pelemahan,lemah
fundamental,fundamental
ekonomi,ekonomi
taruhan,taruh
Nilai,Nila
tukar,tukar
rupiah,rupiah
dipengaruhi,pengaruh
kewibawaan,wibawa
BI,BI
otoritas,otoritas
bertanggung,tanggung
stabilitas,stabilitas
rupiah,rupiah
BI,BI
dinilai,nila
independen,independen
membiayai,biaya
defisit,defisit
anggaran,anggar
bersifat,sifat
pandemi,pandemi
berkelanjutan,berkelanjut
era,era
pemerintahan,pemerintah
Prabowo,Prabowo
Sekitar,Sekitar
26,26
persen,persen
SUN,SUN
dipegang,pegang
BI,BI
24,24
persen,persen
dipegang,pegang
perbankan,perban
Kondisi,Kondis
berbeda,beda
Indonesia,Indonesia
berupaya,upaya
mengatasi,atas
krisis,krisis
1998,1998
Saat,Saat
BI,BI
independen,independen
langkah,langkah
rekapitalisasi,rekapitalisasi
perbankan,perban
stabilisasi,stabilisasi
inflasi,inflasi
kredibilitas,kredibilitas
BI,BI
bangkit,bangkit
berperan,per
rupiah,rupiah
menguat,menguat
signifikan,signifikan
Presiden,Presiden
BJ,BJ
Habibie,Habibie
ekonomi,ekonomi
rupiahnya,rupiah
pesawat,pesawat
terbang,terbang
jatuh,jatuh
bebas,bebas
stahl,stahl
distabilkan,stabil
terbang,terbang
menanjak,anjak
ascend,ascend
menjelajah,jelajah
cruising,cruising
tujuan,tuju
Jelas,Jelas
kredibilitas,kredibilitas
kebijakan,kebija
independensi,independens
bank,bank
sentral,sentral
menentukan,menentu
Program,Program
stabilisasi,stabilisasi
Dana,Dana
Moneter,Moneter
Internasional,Internasional
IMF,IMF
berat,berat
konsisten,konsisten
dijalankan,dijal
Kredibilitas,Kredibilitas
kebijakan,kebija
ekonomi,ekonomi
terpuruk,puruk
dibangkitkan,bangkit
Maka,Maka
rupiah,rupiah
menguat,menguat
Rp,Rp
16,16
700,700
an,
Rp,Rp
6,6
700,700
an,
dollar,dollar
AS,AS
Sekarang,Sekarang
tekanan,tekan
politik,politik
pemerintah,pemerintah
mendukung,dukung
kebijakan,kebija
programnya,program
sejalan,sejal
prinsip,prinsip
ekonomi,ekonomi
upaya,upaya
menjaga,jaga
independensi,independens
BI,BI
mengalami,alam
kesulitan,sulit
Keadaan,Keada
ekonomi,ekonomi
cadangan,cadang
devisa,devisa
meningkat,meningkat
Yang,Yang
melemah,lemah
kewibawaan,wibawa
efektivitas,efektivitas
kebijakan,kebija
Pengenaan,Pengena
tarif,tarif
impor,impor
AS,AS
menambah,ambah
tekanan,tekan
nilai,nilai
tukar,tukar
rupiah,rupiah
perekonomian,perekonom
Menyelaraskan,Menyelaras
kebijakan,kebija
BI,BI
intervensi,intervensi
pasar,pasar
keuangan,uang
menstabilkan,stabil
nilai,nilai
tukar,tukar
mata,mata
uang,uang
Langkah,Lang
membutuhkan,butuh
biaya,biaya
menambah,ambah
beban,beban
Volume,Volume
cadangan,cadang
devisa,devisa
kebijakan,kebija
mewajibkan,wajib
eksportir,eksportir
sumber,sumber
daya,daya
alam,alam
menyimpan,menyimp
devisa,devisa
ekspornya,ekspor
negeri,negeri
mengalami,alam
peningkatan,peningkat
Namun,Namun
kewibawaan,wibawa
otoritas,otoritas
moneter,moneter
menentukan,menentu
stabilitas,stabilitas
rupiah,rupiah
keuangan,uang
Karena,Karena
kewibawaan,wibawa
ditegakkan,tegak
cadangan,cadang
devisa,devisa
ditingkatkan,tingkat
intervensi,intervensi
pasar,pasar
terukur,ukur
koordinasi,koordinasi
kebijakan,kebija
ekonomi,ekonomi
konstruktif,konstruktif
upaya,upaya
mendorong,dorong
aliran,alir
modal,modal
negeri,negeri
Menghadapi,Menghadap
pengenaan,gena
tarif,tarif
resiprokal,resiprokal
32,32
persen,persen
Trump,Trump
penerapannya,penerap
ditangguhkan,tangguh
90,90
kemampuan,mampu
diplomasi,diplomasi
Indonesia,Indonesia
bernegosiasi,bernegosias
krusial,krusial
Indonesia,Indonesia
posisi,posisi
retaliasi,retalias
Tarif,Tarif
resiprokal,resiprokal
AS,AS
balasan,balas
bea,bea
masuk,masuk
persyaratan,persyarat
tingkat,tingkat
komponen,komponen
negeri,negeri
TKDN,TKDN
keharusan,harus
menyimpan,menyimp
penerimaan,penerima
ekspor,ekspor
negeri,negeri
hambatan,hambat
perdagangan,perdagang
diterapkan,terap
Indonesia,Indonesia
Umar,Umar
Juoro,Juoro
Senior,Senior
Fellow,Fellow
The,The
Habibie,Habibie
Center,Center
Kejaksaan,Kejaksa
Tinggi,Tingg
Banten,Banten
menahan,menah
Kepala,Kepala
Dinas,Dinas
Lingkungan,Lingkung
Hidup,Hidup
Kota,Kota
Tangerang,Tangerang
Selatan,Selat
Wahyunoto,Wahyunoto
Lukman,Lukm
Selasa,Selasa
15,15
4,4
2025,2025
Wahyunoto,Wahyunoto
tersangka,sangka
dugaan,duga
korupsi,korupsi
pengelolaan,pengelola
sampah,sampah
anggaran,anggar
2024,2024
senilai,nila
Rp,Rp
75,75
9,9
miliar,miliar
Penahanannya,Penahan
menyusul,usul
penahanan,penahan
Direktur,Direktur
Utama,Utama
PT,PT
Ella,Ella
Pratama,Pratama
Perkasa,Perkasa
Syukron,Syukron
Yuliadi,Yuliad
Mufti,Muft
Kejaksaan,Kejaksa
mengungkap,ungkap
PT,PT
Ella,Ella
Pratama,Pratama
Perkasa,Perkasa
memiliki,milik
fasilitas,fasilitas
kapasitas,kapasitas
kompetensi,kompetensi
pengelolaan,pengelola
sampah,sampah
Terjadi,Terjad
rekayasa,rekayasa
tender,tender
tersangka,sangka
Sebelumnya,Sebelum
Komisi,Komis
Pemberantasan,Pemberantas
Korupsi,Korups
menahan,menah
Wali,Wal
Kota,Kota
Semarang,Semarang
Hevearita,Hevearita
Gunaryanti,Gunaryant
Rahayu,Rahayu
beserta,serta
suaminya,suami
Alwin,Alwin
Basri,Basr
Rabu,Rabu
19,19
2,2
2025,2025
Keduanya,Kedua
disangka,sangka
terlibat,libat
perkara,perkara
korupsi,korupsi
proyek,proyek
pengadaan,ada
barang,barang
jasa,jasa
lingkungan,lingkung
Pemerintah,Pemerintah
Kota,Kota
Semarang,Semarang
Jawa,Jawa
Tengah,Tengah
menerima,menerima
uang,uang
miliaran,miliar
rupiah,rupiah
Berita,Berita
korupsi,korupsi
menjerat,jerat
kepala,kepala
daerah,daerah
ujung,ujung
barat,barat
timur,timur
Indonesia,Indonesia
muncul,muncul
Catatan,Catat
Kompas,Kompas
pemilihan,pemilih
kepala,kepala
daerah,daerah
langsung,langsung
2005,2005
2020,2020
144,144
korupsi,korupsi
daerah,daerah
Lima,Lima
korupsi,korupsi
daerah,daerah
mereda,reda
Korupsi,Korups
pemerintahan,pemerintah
daerah,daerah
halnya,hal
lembaga,lembaga
negara,negara
tingkat,tingkat
pusat,pusat
mengakar,akar
membudaya,budaya
Dalam,Dalam
Infrastructure,Infrastructure
Quality,Quality
Local,Local
Government,Government
Spending,Spending
and,and
Corruption,Corruption
2012,2012
laporan,lapor
riset,riset
kerja,kerja
USAID,USAID
KPPOD,KPPOD
SEADI,SEADI
korupsi,korupsi
mengurangi,mengurang
biaya,biaya
proyek,proyek
konstruksi,konstruksi
5,5
20,20
persen,persen
total,total
biaya,biaya
proyek,proyek
Jika,Jika
biaya,biaya
investasi,investasi
pemeliharaan,pemelihara
dikorupsi,dikorups
5,5
persen,persen
keuangan,uang
negara,negara
berkembang,kembang
diprediksi,diprediks
terbebani,beban
18,18
miliar,miliar
dollar,dollar
AS,AS
Laporan,Lapor
riset,riset
biaya,biaya
ilegal,ilegal
menurunkan,urun
kualitas,kualitas
proyek,proyek
pemerintah,pemerintah
meningkatkan,meningkat
anggaran,anggar
belanja,belanja
30,30
50,50
persen,persen
Dalam,Dalam
negara,negara
berkembang,kembang
uang,uang
hasil,hasil
korupsi,korupsi
dinikmati,nikmat
pejabat,jabat
pemerintah,pemerintah
militer,militer
Korupsi,Korups
menyebabkan,menyebab
berkurangnya,kurang
meniadakan,meniada
insentif,insentif
swasta,swasta
berkapasitas,kapasitas
digandeng,gandeng
menjalankan,menjal
program,program
pelayanan,layan
publik,publik
Masalah,Masa
perkotaan,perkota
pengelolaan,pengelola
sampah,sampah
kunjung,kunjung
teratasi,atas
Lagi,Lag
warga,warga
pembayar,bayar
pajak,pajak
korbannya,korban
Membangun,Membangun
sarana,sarana
prasarana,prasarana
publik,publik
pengolahan,olah
sampah,sampah
mudah,mudah
murah,murah
Prosesnya,Proses
instan,instan
Penggunaan,Pengguna
anggaran,anggar
daerah,daerah
efisien,efisien
transparan,transparan
menggandeng,gandeng
ketiga,tiga
berkompeten,kompeten
negara,negara
maju,maju
mempercepat,mempercepat
terwujudnya,wujud
fasilitas,fasilitas
dibutuhkan,butuh
kota,kota
Publik,Publik
elite,elite
pejabat,jabat
korupsi,korupsi
diberantas,berantas
tuntas,tuntas
Jika,Jika
daerah,daerah
berkubang,kubang
negara,negara
maju,maju
Melanjutkan,Melanjut
Cita,Cita
cita,cita
Politik,Politik
Kartini,Kartin
Kartini,Kartin
mencalonkan,calon
pejabat,jabat
publik,publik
Namun,Namun
mempraktikkan,praktik
politik,politik
etis,etis
otentik,otentik
Politik,Politik
berpihak,pihak
kaum,kaum
tertindas,tindas
Setiap,Setiap
21,21
April,April
bangsa,bangsa
Indonesia,Indonesia
memperingati,memperingat
Hari,Har
Kartini,Kartin
momen,momen
reflektif,reflektif
perjuangan,perjuang
emansipasi,emansipasi
perempuan,perempuan
Raden,Raden
Ajeng,Ajeng
Kartini,Kartin
hidup,hidup
rezim,rezim
kolonial,kolonial
Hindia,Hindia
Belanda,Belanda
pahlawan,pahlawan
perempuan,perempuan
Ia,Ia
peletak,letak
dasar,dasar
kesadaran,sadar
kebangsaan,bangsa
keadilan,adil
sosial,sosial
inklusif,inklusif
Gagasan,Gagas
gagasannya,gagas
pendidikan,pendid
kebebasan,bebas
berpikir,pikir
kesetaraan,kesetara
jender,jender
menjadikannya,menjad
tokoh,tokoh
politik,politik
arti,arti
substantif,substantif
Indonesia,Indonesia
merdeka,merdeka
Dalam,Dalam
surat,surat
suratnya,surat
sahabat,sahabat
pena,pena
Belanda,Belanda
Kartini,Kartin
kritik,kritik
tajam,tajam
ketidakadilan,ketidakadil
struktural,struktural
dialami,alam
perempuan,perempuan
pribumi,pribumi
akses,akses
pendidikan,pendid
partisipasi,partisipasi
sosial,sosial
Bagi,Bag
Kartini,Kartin
pendidikan,pendid
alat,alat
mobilitas,mobilitas
sosial,sosial
instrumen,instrumen
transformasi,transformasi
bangsa,bangsa
Kartini,Kartin
menguasai,menguasa
bahasa,bahasa
Belanda,Belanda
Perancis,Perancis
Jawa,Jawa
membaca,baca
karya,karya
karya,karya
Max,Max
Havelaar,Havelaar
karya,karya
Multatuli,Multatul
tajam,tajam
mengkritik,kritik
kolonialisme,kolonialisme
Kecerdasannya,Kecerdas
membentuk,bentuk
pandangan,pandang
kritis,kritis
ketidakadilan,ketidakadil
sosial,sosial
posisi,posisi
perempuan,perempuan
masyarakat,masyarakat
kolonial,kolonial
Penghormatan,Penghormat
mendalam,dalam
Kartini,Kartin
salah,salah
satunya,satu
Pramoedya,Pramoedya
Ananta,Ananta
Toer,Toer
buku,buku
Panggil,Panggil
Aku,A
Kartini,Kartin
Saja,Saja
Buku,Bu
setebal,setebal
304,304
halaman,halaman
42,42
persennya,persen
membahas,bahas
Kartini,Kartin
pemikir,pemikir
politik,politik
progresif,progresif
ikon,ikon
domestik,domestik
simbol,simbol
emansipasi,emansipasi
ala,ala
kolonial,kolonial
Surat,Surat
surat,surat
Kartini,Kartin
diterjemahkan,terjemah
42,42
bahasa,bahasa
bukti,bukti
gagasannya,gagas
memiliki,milik
pengaruh,pengaruh
global,global
melampaui,lampau
zamannya,zaman
Fondasi,Fondas
bangsa,bangsa
berdaya,daya
saing,saing
Lebih,Lebih
120,120
surat,surat
surat,surat
Kartini,Kartin
kali,kali
diterbitkan,terbit
1903,1903
menggugah,gugah
kesadaran,sadar
orang,orang
Indonesia,Indonesia
berubah,ubah
Namun,Namun
perjuangan,perjuang
kesetaraan,kesetara
jender,jender
selesai,selesai
Diskriminasi,Diskriminas
ketimpangan,timpang
jumpai,jumpa
lini,lini
kehidupan,hidup
Laporan,Lapor
Global,Global
Gender,Gender
Gap,Gap
Index,Index
2023,2023
dirilis,rilis
World,World
Economic,Economic
Forum,Forum
menempatkan,empat
Indonesia,Indonesia
peringkat,peringkat
87,87
146,146
negara,negara
Skor,Skor
mengalami,alam
perubahan,rubah
2022,2022
0,0
697,697
menandakan,anda
Indonesia,Indonesia
mencapai,capa
69,69
7,7
persen,persen
kesetaraan,kesetara
jender,jender
Dalam,Dalam
konteks,konteks
legislatif,legislatif
keterwakilan,keterwakil
perempuan,perempuan
DPR,DPR
RI,RI
hasil,hasil
Pemilu,Pemilu
2024,2024
21,21
9,9
persen,persen
tipis,tipis
20,20
5,5
persen,persen
periode,periode
2019,2019
2024,2024
Angka,Angka
ambang,ambang
batas,batas
afirmatif,afirmatif
30,30
persen,persen
diamanatkan,amanat
Undang,Undang
Undang,Undang
UU,UU
No,No
2,2
2008,2008
Partai,Parta
Politik,Politik
UU,UU
No,No
7,7
2017,2017
Pemilu,Pemilu
Dari,Dar
18,18
partai,partai
peserta,serta
Pemilu,Pemilu
2024,2024
berhasil,hasil
memenuhi,memenuh
keterwakilan,keterwakil
perempuan,perempuan
proporsional,proporsional
fraksi,fraksi
parlemen,parlemen
Ini,In
menandakan,anda
sistem,sistem
politik,politik
dibelenggu,belenggu
dominasi,dominasi
struktural,struktural
laki,laki
laki,laki
kultur,kultur
patriarki,patriark
mengakar,akar
Padahal,Padahal
studi,studi
McKinsey,McKinsey
and,and
Company,Company
perusahaan,perusaha
keberagaman,keberagam
jender,jender
memiliki,milik
25,25
persen,persen
mengalami,alam
profitabilitas,profitabilitas
dibandingkan,banding
rekan,rekan
rekan,rekan
Forbes,Forbes
2020,2020
Dengan,Deng
partisipasi,partisipasi
perempuan,perempuan
politik,politik
tuntutan,tuntut
representasi,representasi
syarat,syarat
mutlak,mutlak
demokrasi,demokrasi
sehat,sehat
responsif,responsif
Dalam,Dalam
buku,buku
Panggil,Panggil
Aku,A
Kartini,Kartin
Saja,Saja
Pramoedya,Pramoedya
mengutip,mengutip
surat,surat
Kartini,Kartin
Estelle,Estelle
Zeehandelaar,Zeehandelaar
25,25
Mei,Me
1899,1899
Aku,A
besaran,besar
mewujudkan,wujud
cita,cita
citaku,cita
menaikkan,naik
derajat,derajat
peradaban,peradab
Rakyat,Rakyat
Pernyataan,Pernyata
retorika,retorika
Kartini,Kartin
perjuangannya,perjuang
perjuangan,perjuang
politik,politik
Sebuah,Sebuah
perjuangan,perjuang
membebaskan,bebas
rakyat,rakyat
belenggu,belenggu
kolonialisme,kolonialisme
feodalisme,feodalisme
pendidikan,pendid
kesadaran,sadar
kritis,kritis
Kartini,Kartin
politik,politik
etis,etis
Kartini,Kartin
mencalonkan,calon
pejabat,jabat
publik,publik
Namun,Namun
mempraktikkan,praktik
politik,politik
etis,etis
otentik,otentik
Politik,Politik
berpihak,pihak
kaum,kaum
tertindas,tindas
kepentingan,penting
elektoral,elektoral
Ia,Ia
mengkritik,kritik
sistem,sistem
feodalisme,feodalisme
Jawa,Jawa
kolonialisme,kolonialisme
Belanda,Belanda
bersamaan,sama
kekuatan,kuat
hegemonik,hegemonik
mengunci,mengunc
perempuan,perempuan
penjara,penjara
domestik,domestik
ketidaktahuan,ketidaktahu
Perjuangan,Perjuang
Kartini,Kartin
perjuangan,perjuang
kelas,kelas
perjuangan,perjuang
jender,jender
Jika,Jika
Kartini,Kartin
hidup,hidup
barangkali,barangkali
bersuara,suara
lantang,lantang
minimnya,minim
perempuan,perempuan
kepemimpinan,kepemimpin
strategis,strategis
partai,partai
politik,politik
rendahnya,rendah
anggaran,anggar
responsif,responsif
jender,jender
APBN,APBN
tingginya,tinggi
angka,angka
kekerasan,keras
berbasis,basis
jender,jender
Data,Data
Komnas,Komnas
Perempuan,Perempu
2023,2023
mencatat,catat
289,289
111,111
kekerasan,keras
perempuan,perempuan
Angka,Angka
turun,turun
12,12
persen,persen
dibandingkan,banding
2022,2022
Tanpa,Tanpa
keberpihakan,keberpiha
politik,politik
kuat,kuat
isu,isu
cita,cita
cita,cita
Kartini,Kartin
terhenti,terhent
upacara,upacara
simbolik,simbolik
tahunan,tahun
Lebih,Lebih
kemajuan,maju
diukur,ukur
perempuan,perempuan
duduk,duduk
parlemen,parlemen
terlibat,libat
pembuatan,buat
keputusan,putus
strategis,strategis
Bank,Bank
Dunia,Dunia
mencatat,catat
negara,negara
negara,negara
indeks,indeks
kesetaraan,kesetara
jender,jender
cenderung,cenderung
memiliki,milik
pertumbuhan,pertumbuh
ekonomi,ekonomi
stabil,stabil
merata,rata
kebijakan,kebija
publik,publik
dihasilkan,hasil
inklusif,inklusif
berkeadilan,berkeadil
sosial,sosial
Di,D
tingkat,tingkat
lokal,lokal
keberadaan,keberada
pemimpin,pemimpin
perempuan,perempuan
terbukti,terbukt
berdampak,dampak
positif,positif
kualitas,kualitas
layanan,layan
publik,publik
Studi,Stud
UN,UN
Women,Women
kepala,kepala
daerah,daerah
perempuan,perempuan
cenderung,cenderung
memperhatikan,memperhat
isu,isu
pendidikan,pendid
kesehatan,sehat
anak,anak
pemberantasan,berantas
kemiskinan,miskin
berbasis,basis
komunitas,komunitas
Ini,In
sejalan,sejal
semangat,semangat
Kartini,Kartin
perempuan,perempuan
obyek,obyek
pembangunan,bangun
subyek,subyek
membentuk,bentuk
arah,arah
prioritas,prioritas
pembangunan,bangun
Tetap,Tetap
relevan,relevan
Memperingati,Memperingat
Hari,Har
Kartini,Kartin
sebatas,batas
mengenakan,gena
kebaya,kebaya
menyanyikan,menyany
lagu,lagu
Ibu,Ibu
Kita,Kita
Kartini,Kartin
instansi,instansi
pemerintah,pemerintah
Ini,In
menagih,agih
janji,janji
konstitusi,konstitusi
warga,warga
negara,negara
diskriminasi,diskriminasi
jender,jender
berhak,hak
pendidikan,pendid
pekerjaan,kerja
partisipasi,partisipasi
politik,politik
Sudah,Sudah
agenda,agenda
politik,politik
perempuan,perempuan
ditempatkan,tempat
pinggiran,pinggir
arus,arus
utama,utama
pembangunan,bangun
nasional,nasional
Untuk,Untuk
mewujudkan,wujud
cita,cita
cita,cita
Kartini,Kartin
konteks,konteks
politik,politik
modern,modern
langkah,langkah
konkret,konkret
menyentuh,menyentuh
akar,akar
struktural,struktural
menghambat,hambat
partisipasi,partisipasi
perempuan,perempuan
Langkah,Lang
mendasar,dasar
mendorong,dorong
reformasi,reformasi
internal,internal
partai,partai
politik,politik
Partai,Parta
pintu,pintu
gerbang,gerbang
utama,utama
politik,politik
elektoral,elektoral
berkomitmen,komitmen
sistem,sistem
rekrutmen,rekrutmen
kaderisasi,kaderisasi
inklusif,inklusif
gender,gender
Sudah,Sudah
partai,partai
menanggalkan,anggal
praktik,praktik
praktik,praktik
patriarkal,patriarkal
menghambat,hambat
kemunculan,muncul
pemimpin,pemimpin
perempuan,perempuan
membangun,bangun
ekosistem,ekosistem
politik,politik
mendukung,dukung
memberdayakan,memberdaya
aman,aman
perempuan,perempuan
Di,D
sisi,sisi
regulasi,regulasi
penguatan,penguat
afirmasi,afirmasi
keterwakilan,keterwakil
perempuan,perempuan
agenda,agenda
legislatif,legislatif
berkelanjutan,berkelanjut
Pemerintah,Pemerintah
DPR,DPR
serius,serius
mengevaluasi,mengevaluas
implementasi,implementasi
kebijakan,kebija
afirmasi,afirmasi
30,30
persen,persen
keterwakilan,keterwakil
perempuan,perempuan
daftar,daftar
calon,calon
legislatif,legislatif
Perlu,Perlu
penguatan,penguat
sanksi,sanksi
bersifat,sifat
mengikat,ikat
partai,partai
memenuhi,memenuh
ketentuan,tentu
Aspek,Aspek
pendanaan,dana
faktor,faktor
krusial,krusial
meningkatkan,meningkat
partisipasi,partisipasi
politik,politik
perempuan,perempuan
Mengingat,Mengingat
kompetisi,kompetisi
politik,politik
ditentukan,tentu
kekuatan,kuat
modal,modal
negara,negara
hadir,hadir
skema,skema
pendanaan,dana
kampanye,kampanye
inklusif,inklusif
jender,jender
matching,matching
fund,fund
subsidi,subsidi
kampanye,kampanye
calon,calon
perempuan,perempuan
kalangan,kalang
akar,akar
rumput,rumput
Dengan,Deng
mengurangi,mengurang
ketimpangan,timpang
akses,akses
sumber,sumber
daya,daya
politik,politik
membuka,buka
ruang,ruang
setara,tara
perempuan,perempuan
bersaing,saing
menang,menang
kontestasi,kontestas
elektoral,elektoral
Lebih,Lebih
investasi,investasi
pendidikan,pendid
politik,politik
perempuan,perempuan
muda,muda
investasi,investasi
jangka,jangka
demokrasi,demokrasi
Program,Program
program,program
pendidikan,pendid
politik,politik
berbasis,basis
komunitas,komunitas
lembaga,lembaga
pendidikan,pendid
organisasi,organisasi
masyarakat,masyarakat
sipil,sipil
ormas,ormas
keagamaan,agama
diperluas,diperluas
mencetak,cetak
generasi,generasi
pemimpin,pemimpin
perempuan,perempuan
Kartini,Kartin
dibekali,bekal
kecakapan,cakap
intelektual,intelektual
keberanian,keberan
moral,moral
literasi,literas
digital,digital
ketajaman,tajam
analisis,analisis
kebijakan,kebija
menavigasi,menavigas
kompleksitas,kompleksitas
dunia,dunia
politik,politik
berubah,ubah
Upaya,Upaya
kesetaraan,kesetara
jender,jender
diwujudkan,wujud
nyata,nyata
Anggaran,Anggar
Responsif,Responsif
Gender,Gender
ARG,ARG
level,level
pemerintahan,pemerintah
ARG,ARG
kewajiban,wajib
administratif,administratif
alat,alat
pembangunan,bangun
memperhatikan,memperhat
kebutuhan,butuh
perempuan,perempuan
adil,adil
perencanaan,rencana
evaluasi,evaluasi
Komitmen,Komitmen
negara,negara
Inpres,Inpres
No,No
9,9
2000,2000
mewajibkan,wajib
kementerian,kementer
lembaga,lembaga
memasukkan,masuk
perspektif,perspektif
jender,jender
program,program
Di,D
daerah,daerah
dipertegas,dipertegas
Permendagri,Permendagr
No,No
67,67
2011,2011
Bahkan,Bah
ARG,ARG
masuk,masuk
dokumen,dokumen
perencanaan,rencana
nasional,nasional
RPJMN,RPJMN
dijalankan,dijal
instansi,instansi
Namun,Namun
praktiknya,praktik
pemerintah,pemerintah
daerah,daerah
ARG,ARG
formalitas,formalitas
Agenda,Agenda
politik,politik
Kartini,Kartin
simbol,simbol
perlawanan,perlawan
ketertindasan,ketertindas
struktural,struktural
eksklusi,eksklus
sosial,sosial
Lebih,Lebih
Kartini,Kartin
pengingat,ingat
bangsa,bangsa
merdeka,merdeka
penduduknya,duduk
disisihkan,sisih
ruang,ruang
publik,publik
pengambilan,ambil
keputusan,putus
Potensi,Potens
perempuan,perempuan
energi,energi
perubahan,rubah
energi,energi
mengalir,alir
denyut,denyut
kebijakan,kebija
publik,publik
Perempuan,Perempu
pelengkap,lengkap
demokrasi,demokrasi
pilar,pilar
utama,utama
menjaga,jaga
akal,akal
sehat,sehat
keberagaman,keberagam
Indonesia,Indonesia
Perempuan,Perempu
berdaya,daya
slogan,slogan
fondasi,fondasi
Indonesia,Indonesia
adil,adil
makmur,makmur
merdeka,merdeka
Cita,Cita
cita,cita
Kartini,Kartin
perempuan,perempuan
masyarakat,masyarakat
adil,adil
egaliter,egaliter
bermartabat,martabat
Saat,Saat
perempuan,perempuan
ruang,ruang
berkembang,kembang
demokrasi,demokrasi
hidup,hidup
pembangunan,bangun
berkeadilan,berkeadil
Selamat,Selamat
Hari,Har
Kartini,Kartin
Tati,Tat
Noviati,Noviat
Tenaga,Tenaga
Ahli,Ahl
DPR,DPR
RI,RI
Saya,Saya
termasyhur,masyhur
cinta,cinta
manusia,manusia
kebenaran,benar
RA,RA
Kartini,Kartin
Surat,Surat
Abendanon,Abendanon
1,1
Agustus,Agustus
1903,1903
Di,D
gempuran,gempur
teknologi,teknologi
pergeseran,pergeser
budaya,budaya
digital,digital
kerap,kerap
lupa,lupa
simbol,simbol
simbol,simbol
hadir,hadir
keseharian,kesehar
menghilang,hilang
Salah,Sa
satunya,satu
wajah,wajah
RA,RA
Kartini,Kartin
uang,uang
kertas,kertas
Dalam,Dalam
era,era
cashless,cashless
society,society
transaksi,transaksi
QRIS,QRIS
e,e
wallet,wallet
mobile,mobile
banking,banking
representasi,representasi
visual,visual
tokoh,tokoh
perempuan,perempuan
melekat,lekat
dompet,dompet
rakyat,rakyat
perlahan,perlahan
lenyap,lenyap
pandangan,pandang
Di,D
dunia,dunia
digital,digital
cepat,cepat
wajah,wajah
patut,patut
perginya,pergi
simbol,simbol
simbol,simbol
perempuan,perempuan
Kartini,Kartin
Setiap,Setiap
21,21
April,April
bangsa,bangsa
Indonesia,Indonesia
mengenang,genang
RA,RA
Kartini,Kartin
pelopor,pelopor
emansipasi,emansipasi
perempuan,perempuan
Namun,Namun
peringatan,peringat
terjebak,jebak
seremoni,seremoni
lomba,lomba
kebaya,kebaya
unggahan,unggah
bertema,tema
pastel,pastel
kutipan,kutip
viral,viral
Padahal,Padahal
pemikiran,pemikir
Kartini,Kartin
Ia,Ia
menulis,menulis
keberanian,keberan
kegelisahan,gelisah
menantang,menantang
tatanan,tatanan
mengekang,ekang
perempuan,perempuan
belajar,belajar
berpikir,pikir
bebas,bebas
Kartini,Kartin
perempuan,perempuan
menuntut,untut
perubahan,rubah
struktur,struktur
sosial,sosial
keyakinan,yakin
emansipasi,emansipasi
kebebasan,bebas
individual,individual
kebebasan,bebas
kolektif,kolektif
berpikir,pikir
Kartini,Kartin
perempuan,perempuan
wajahnya,wajah
muncul,muncul
uang,uang
kertas,kertas
Indonesia,Indonesia
pecahan,pecah
Rp,Rp
5,5
1953,1953
Rp,Rp
10,10
000,000
1985,1985
Ini,In
langkah,langkah
simbolik,simbolik
kuat,kuat
negara,negara
mengakui,aku
peran,peran
perempuan,perempuan
narasi,narasi
kebangsaan,bangsa
menyematkannya,emat
medium,medium
luas,luas
sirkulasinya,sirkulasi
uang,uang
Namun,Namun
wajah,wajah
Kartini,Kartin
tercetak,cetak
versi,versi
ditertibkan,tertib
perempuan,perempuan
cerdas,cerdas
anggun,anggun
berbakti,berbakt
mengguncang,guncang
tatanan,tatanan
Wajah,Wajah
Kartini,Kartin
uang,uang
kertas,kertas
representasi,representasi
emansipasi,emansipasi
diterima,terima
berprestasi,berprestas
bingkai,bingkai
sopan,sopan
nasionalis,nasionalis
Namun,Namun
simbol,simbol
abadi,abadi
Kini,Kin
uang,uang
fisik,fisik
Kartini,Kartin
beredar,edar
Ia,Ia
koleksi,koleksi
langka,langka
numismatis,numismatis
Tokoh,Tokoh
perempuan,perempuan
Cut,Cut
Nyak,Nyak
Dhien,Dhien
Cut,Cut
Meutia,Meutia
menggantikan,menggant
proporsi,proporsi
pahlawan,pahlawan
perempuan,perempuan
sejarah,sejarah
uang,uang
Indonesia,Indonesia
timpang,timpang
Dari,Dar
total,total
tokoh,tokoh
tampil,tampil
uang,uang
rupiah,rupiah
80,80
persen,persen
laki,laki
laki,laki
Ketimpangan,Ketimpang
mencerminkan,cermin
sempitnya,sempit
ruang,ruang
representasi,representasi
perempuan,perempuan
narasi,narasi
visual,visual
negara,negara
Di,D
uang,uang
berpindah,pindah
tangan,tangan
wajah,wajah
Kartini,Kartin
berpindah,pindah
menyapa,apa
pasar,pasar
perkantoran,perkantor
Kini,Kin
transaksi,transaksi
digital,digital
wajah,wajah
Tak,Tak
tokoh,tokoh
perempuan,perempuan
hadir,hadir
interaksi,interaksi
ekonomi,ekonomi
harian,hari
Dunia,Dunia
digital,digital
menciptakan,cipta
efisiensi,efisiensi
menghapus,hapus
jejak,jejak
simbolis,simbolis
menanamkan,menanam
ingatan,ingat
kolektif,kolektif
Apakah,Apa
hilangnya,hilang
uang,uang
fisik,fisik
hilangnya,hilang
kehadiran,hadir
perempuan,perempuan
ruang,ruang
publik,publik
ekonomi,ekonomi
Jika,Jika
representasi,representasi
muncul,muncul
seremoni,seremoni
tahunan,tahun
makna,makna
perjuangan,perjuang
perempuan,perempuan
realitas,realitas
keseharian,kesehar
Kita,Kita
menggali,menggal
ulang,ulang
sejarah,sejarah
Kartini,Kartin
simbol,simbol
pemikir,pemikir
gelisah,gelisah
tajam,tajam
progresif,progresif
Bagaimana,Bagaimana
membentuk,bentuk
ulang,ulang
ingatan,ingat
kolektif,kolektif
perjuangan,perjuang
perempuan,perempuan
Tak,Tak
festival,festival
tahunan,tahun
figur,figur
museum,museum
Kita,Kita
menciptakan,cipta
ruang,ruang
ruang,ruang
pemikiran,pemikir
Kartini,Kartin
pendidikan,pendid
media,media
kebijakan,kebija
publik,publik
Representasi,Representas
perempuan,perempuan
dunia,dunia
digital,digital
diperluas,diperluas
tokoh,tokoh
perempuan,perempuan
kontemporer,kontemporer
tampil,tampil
konten,konten
visual,visual
kepemimpinan,kepemimpin
teknologi,teknologi
budaya,budaya
populer,populer
Yang,Yang
kritis,kritis
dipilih,pilih
negara,negara
mewakili,wakil
perempuan,perempuan
sejarah,sejarah
visual,visual
Mengapa,Mengapa
tokoh,tokoh
ditampilkan,tampil
Mengapa,Mengapa
Kartini,Kartin
dulunya,dulu
radikal,radikal
dijadikan,dijad
simbol,simbol
netral,netral
Surat,Surat
surat,surat
Kartini,Kartin
penuh,penuh
kegelisahan,gelisah
ketimpangan,timpang
relevan,relevan
Dalam,Dalam
dunia,dunia
digital,digital
serba,serba
canggih,canggih
terjebak,jebak
definisi,definisi
dibatasi,batas
layar,layar
algoritma,algoritma
Teknologi,Teknolog
memudahkan,mudah
akses,akses
informasi,informasi
menimbulkan,menimbul
jarak,jarak
simbol,simbol
makna,makna
sejati,sejati
Kita,Kita
merawat,rawat
ingatan,ingat
sahih,sahih
melestarikan,melestar
citra,citra
dibakukan,baku
Kartini,Kartin
tampil,tampil
gambar,gambar
uang,uang
kertas,kertas
kutipan,kutip
kutipan,kutip
bertahan,bertah
sehari,sehar
berkebaya,kebaya
sehari,sehar
penuh,penuh
Perjuangan,Perjuang
Kartini,Kartin
penampilan,penampil
visual,visual
pemikiran,pemikir
Kartini,Kartin
memprovokasi,memprovokas
berpikir,pikir
melampaui,lampau
batas,batas
menantang,menantang
ketidakadilan,ketidakadil
tersembunyi,tersembuny
sistem,sistem
tergoyahkan,goyah
Bagaimana,Bagaimana
generasi,generasi
muda,muda
menghidupkan,hidup
semangat,semangat
Kartini,Kartin
dunia,dunia
serba,serba
digital,digital
Mungkin,Mungkin
uang,uang
kertas,kertas
ruang,ruang
digital,digital
inklusif,inklusif
suara,suara
kebijakan,kebija
adil,adil
keberanian,keberan
mengangkat,angkat
suara,suara
perempuan,perempuan
arus,arus
zaman,zaman
berubah,ubah
cepat,cepat
Mungkin,Mungkin
merawat,rawat
pemikiran,pemikir
Kartini,Kartin
kebun,kebun
nirkertas,nirkertas
menanamnya,menanam
bentuk,bentuk
edukasi,edukasi
luas,luas
budaya,budaya
populer,populer
mencakup,cakup
identitas,identitas
kebijakan,kebija
memperjuangkan,memperjuang
kesetaraan,kesetara
batas,batas
Tiada,Tiada
awan,awan
langit,langit
Semua,Semua
berubah,ubah
hujan,hujan
hilang,hilang
RA,RA
Kartini,Kartin
Surat,Surat
Stella,Stella
27,27
Oktober,Oktober
1902,1902
Semoga,Semoga
awan,awan
berubah,ubah
hujan,hujan
menyuburkan,menyubur
dunia,dunia
setara,tara
adil,adil
inklusif,inklusif
semangat,semangat
Kartini,Kartin
hidup,hidup
ruang,ruang
ciptakan,cipta
Media,Media
massa,massa
memiliki,milik
peran,peran
membentuk,bentuk
opini,opini
publik,publik
Sebagai,Sebaga
sumber,sumber
informasi,informasi
utama,utama
masyarakat,masyarakat
media,media
massa,massa
memiliki,milik
kekuatan,kuat
mempengaruhi,pengaruh
pandangan,pandang
sikap,sikap
publik,publik
isu,isu
peristiwa,peristiwa
Media,Media
massa,massa
berperan,per
sumber,sumber
informasi,informasi
utama,utama
masyarakat,masyarakat
Melalui,Melalu
platform,platform
surat,surat
kabar,kabar
majalah,majalah
radio,radio
televisi,televisi
internet,internet
media,media
massa,massa
berita,berita
informasi,informasi
topik,topik
politik,politik
ekonomi,ekonomi
sosial,sosial
budaya,budaya
Masyarakat,Masyarakat
mengandalkan,andal
media,media
massa,massa
berita,berita
terkini,terkin
mendalam,dalam
isu,isu
isu,isu
terkait,kait
kehidupan,hidup
Informasi,Informas
disajikan,disaj
media,media
massa,massa
membentuk,bentuk
persepsi,persepsi
pemahaman,pemaham
masyarakat,masyarakat
Bukan,Bu
media,media
massa,massa
memiliki,milik
peran,peran
membentuk,bentuk
agenda,agenda
publik,publik
menentukan,menentu
isu,isu
isu,isu
dianggap,anggap
dibahas,bahas
masyarakat,masyarakat
Media,Media
massa,massa
memilih,memilih
liputan,liput
luas,luas
isu,isu
mempengaruhi,pengaruh
perhatian,perhati
perbincangan,perbincang
publik,publik
Dengan,Deng
media,media
massa,massa
membantu,bantu
menentukan,menentu
isu,isu
isu,isu
dianggap,anggap
relevan,relevan
mendesak,desak
masyarakat,masyarakat
mempengaruhi,pengaruh
agenda,agenda
kebijakan,kebija
publik,publik
Media,Media
massa,massa
kali,kali
platform,platform
diskusi,diskusi
debat,debat
isu,isu
isu,isu
kontroversial,kontroversial
Melalui,Melalu
surat,surat
kabar,kabar
acara,acara
televisi,televisi
media,media
sosial,sosial
media,media
massa,massa
ruang,ruang
pandangan,pandang
pendapat,dapat
berbeda,beda
Ini,In
masyarakat,masyarakat
mendengar,dengar
sudut,sudut
pandang,pandang
debat,debat
berkelanjutan,berkelanjut
Diskusi,Diskus
membantu,bantu
membentuk,bentuk
opini,opini
publik,publik
ruang,ruang
pendapat,dapat
pemikiran,pemikir
Media,Media
massa,massa
berperan,per
pengawasan,awas
pemerintah,pemerintah
institusi,institusi
Dengan,Deng
investigasi,investigasi
jurnalistik,jurnalistik
melaporkan,lapor
pelanggaran,langgar
korupsi,korupsi
ketidakadilan,ketidakadil
media,media
massa,massa
kontrol,kontrol
publik,publik
pemerintah,pemerintah
institusi,institusi
Dalam,Dalam
media,media
massa,massa
membantu,bantu
membentuk,bentuk
opini,opini
publik,publik
fakta,fakta
mengkritisi,kritis
kebijakan,kebija
tindakan,tinda
dianggap,anggap
sesuai,sesuai
kepentingan,penting
masyarakat,masyarakat
Media,Media
massa,massa
memiliki,milik
kemampuan,mampu
membentuk,bentuk
sikap,sikap
perilaku,perilaku
masyarakat,masyarakat
pemaparan,apar
nilai,nilai
nilai,nilai
norma,norma
budaya,budaya
kontennya,konten
Dalam,Dalam
menghadapi,hadap
isu,isu
sosial,sosial
keadilan,adil
kesetaraan,kesetara
lingkungan,lingkung
media,media
massa,massa
mempengaruhi,pengaruh
persepsi,persepsi
tindakan,tinda
masyarakat,masyarakat
narasi,narasi
dibangun,bangun
pemberitaan,berita
program,program
program,program
hiburan,hibur
Selain,Selain
informasi,informasi
media,media
massa,massa
memiliki,milik
peran,peran
mengedukasi,mengedukas
masyarakat,masyarakat
Melalui,Melalu
program,program
pendidikan,pendid
dokumenter,dokumenter
artikel,artikel
mendalam,dalam
media,media
massa,massa
membantu,bantu
meningkatkan,meningkat
pengetahuan,pengetahu
pemahaman,pemaham
publik,publik
isu,isu
kompleks,kompleks
Dengan,Deng
informasi,informasi
akurat,akurat
terpercaya,percaya
media,media
massa,massa
membantu,bantu
membentuk,bentuk
opini,opini
publik,publik
berbasis,basis
pengetahuan,pengetahu
pemahaman,pemaham
Media,Media
massa,massa
mendorong,dorong
partisipasi,partisipasi
publik,publik
proses,proses
pengambilan,ambil
keputusan,putus
tindakan,tinda
sosial,sosial
Dengan,Deng
liputan,liput
luas,luas
isu,isu
isu,isu
partisipatif,partisipatif
pemilihan,pemilih
kampanye,kampanye
sosial,sosial
isu,isu
lingkungan,lingkung
media,media
massa,massa
mengajak,ajak
masyarakat,masyarakat
terlibat,libat
aktif,aktif
mempengaruhi,pengaruh
kebijakan,kebija
perubahan,rubah
Ini,In
membantu,bantu
membentuk,bentuk
opini,opini
publik,publik
berorientasi,berorientas
partisipasi,partisipasi
keterlibatan,keterlibat
aktif,aktif
kehidupan,hidup
publik,publik
Media,Media
massa,massa
memiliki,milik
peran,peran
mempromosikan,mempromos
kesadaran,sadar
pemahaman,pemaham
keragaman,ragam
budaya,budaya
nilai,nilai
nilai,nilai
multikultural,multikultural
Melalui,Melalu
liputan,liput
inklusif,inklusif
representatif,representatif
media,media
massa,massa
memperluas,memperluas
wawasan,wawas
masyarakat,masyarakat
kelompok,kelompok
etnis,etnis
agama,agama
budaya,budaya
Ini,In
membantu,bantu
membentuk,bentuk
opini,opini
publik,publik
toleran,toleran
menghargai,harga
perbedaan,perbeda
berupaya,upaya
membangun,bangun
harmoni,harmoni
sosial,sosial
Dalam,Dalam
era,era
informasi,informasi
digital,digital
media,media
massa,massa
berperan,per
mempromosikan,mempromos
keterbukaan,keterbuka
transparansi,transparansi
pemerintahan,pemerintah
institusi,institusi
Dengan,Deng
mempublikasikan,mempublikas
informasi,informasi
terkait,kait
kebijakan,kebija
publik,publik
penggunaan,guna
anggaran,anggar
tindakan,tinda
institusi,institusi
media,media
massa,massa
membantu,bantu
mengawasi,awas
tindakan,tinda
pemerintah,pemerintah
institusi,institusi
bertanggung,tanggung
publik,publik
Ini,In
membantu,bantu
membentuk,bentuk
opini,opini
publik,publik
berbasis,basis
akses,akses
informasi,informasi
transparan,transparan
akuntabel,akuntabel
Media,Media
massa,massa
mengemban,mengemb
tanggung,tanggung
mengikuti,ikut
prinsip,prinsip
etika,etika
jurnalistik,jurnalistik
Dalam,Dalam
informasi,informasi
membentuk,bentuk
opini,opini
publik,publik
media,media
massa,massa
keakuratan,akurat
keseimbangan,keseimbang
keadilan,adil
pemberitaannya,berita
Menghindari,Menghindar
sensationalisme,sensationalisme
diskriminasi,diskriminasi
manipulasi,manipulasi
informasi,informasi
prinsip,prinsip
ditegakkan,tegak
media,media
massa,massa
Dengan,Deng
media,media
massa,massa
membangun,bangun
kepercayaan,percaya
publik,publik
memainkan,ain
peran,peran
konstruktif,konstruktif
membentuk,bentuk
opini,opini
publik,publik
Media,Media
massa,massa
memiliki,milik
peran,peran
membentuk,bentuk
opini,opini
publik,publik
penyediaan,penyedia
informasi,informasi
pembentukan,pembentu
agenda,agenda
publik,publik
pencetus,cetus
diskusi,diskusi
debat,debat
pengawasan,awas
pemerintah,pemerintah
institusi,institusi
pembentukan,pembentu
sikap,sikap
perilaku,perilaku
pengedukasian,pengedukas
masyarakat,masyarakat
mendorong,dorong
partisipasi,partisipasi
publik,publik
mendorong,dorong
kesadaran,sadar
multikultural,multikultural
mempromosikan,mempromos
keterbukaan,keterbuka
transparansi,transparansi
menjalankan,menjal
tanggung,tanggung
etika,etika
jurnalistik,jurnalistik
Dalam,Dalam
era,era
terhubung,hubung
digital,digital
peran,peran
media,media
massa,massa
membentuk,bentuk
opini,opini
publik,publik
berdampak,dampak
luas,luas
Namun,Namun
media,media
massa,massa
memiliki,milik
kekurangan,kurang
risiko,risiko
Misalnya,Misal
bias,bias
media,media
mempengaruhi,pengaruh
pandang,pandang
publik,publik
isu,isu
media,media
massa,massa
cenderung,cenderung
memiliki,milik
kepentingan,penting
Selain,Selain
penyebaran,penyebar
berita,berita
palsu,palsu
hoaks,hoaks
informasi,informasi
terverifikasi,terverifikas
merusak,rusak
kepercayaan,percaya
masyarakat,masyarakat
media,media
massa,massa
Oleh,Oleh
masyarakat,masyarakat
mengembangkan,mengembang
literasi,literas
media,media
kemampuan,mampu
menganalisis,analisis
mengevaluasi,mengevaluas
memahami,memaham
informasi,informasi
diterima,terima
media,media
massa,massa
Dengan,Deng
memahami,memaham
sumber,sumber
informasi,informasi
kredibel,kredibel
memeriksa,memeriksa
fakta,fakta
mempertimbangkan,mempertimbang
sudut,sudut
pandang,pandang
berbeda,beda
masyarakat,masyarakat
mengembangkan,mengembang
pemahaman,pemaham
opini,opini
berlandaskan,landas
informasi,informasi
akurat,akurat
Dalam,Dalam
konteks,konteks
demokrasi,demokrasi
media,media
massa,massa
memiliki,milik
tanggung,tanggung
ruang,ruang
sudut,sudut
pandang,pandang
pendapat,dapat
berbeda,beda
adil,adil
seimbang,imbang
Ini,In
masyarakat,masyarakat
informasi,informasi
komprehensif,komprehensif
membangun,bangun
opini,opini
Dalam,Dalam
era,era
digital,digital
peran,peran
media,media
massa,massa
kompleks,kompleks
beragam,agam
Dengan,Deng
platform,platform
media,media
sosial,sosial
perkembangan,perkembang
teknologi,teknologi
individu,individu
memiliki,milik
peran,peran
membentuk,bentuk
opini,opini
publik,publik
berbagi,berbag
informasi,informasi
pandangan,pandang
pengalaman,alam
Oleh,Oleh
media,media
massa,massa
masyarakat,masyarakat
menghasilkan,hasil
informasi,informasi
akurat,akurat
berimbang,imbang
mempromosikan,mempromos
diskusi,diskusi
sehat,sehat
Media,Media
massa,massa
memainkan,ain
peran,peran
signifikan,signifikan
membentuk,bentuk
opini,opini
publik,publik
Melalui,Melalu
penyediaan,penyedia
informasi,informasi
pembentukan,pembentu
agenda,agenda
publik,publik
mendorong,dorong
diskusi,diskusi
pengawasan,awas
pemerintah,pemerintah
pembentukan,pembentu
sikap,sikap
perilaku,perilaku
pengedukasian,pengedukas
masyarakat,masyarakat
media,media
massa,massa
membentuk,bentuk
pandangan,pandang
sikap,sikap
publik,publik
isu,isu
Namun,Namun
literasi,literas
media,media
penggunaan,guna
informasi,informasi
kritis,kritis
masyarakat,masyarakat
membentuk,bentuk
opini,opini
berlandaskan,landas
pemahaman,pemaham
akurat,akurat
seimbang,imbang
Sebagian,Sebag
mitra,mitra
Makan,Ma
bergizi,bergiz
Gratis,Gratis
mengeluhkan,geluh
bayaran,bayar
kerjanya,kerja
program,program
MBG,MBG
Berikut,Berikut
keluhan,keluh
lapangan,lapang
TEMPO,TEMPO
CO,CO
Jakarta,Jakarta
Program,Program
Makan,Ma
Bergizi,Bergiz
Gratis,Gratis
MBG,MBG
keluhan,keluh
mitra,mitra
Terbaru,Terbaru
keluhan,keluh
mitra,mitra
dapur,dapur
Kalibata,Kalibata
mengaku,menga
bayaran,bayar
yayasan,yayasan
Berikut,Berikut
rangkuman,rangkum
keluhan,keluh
mitra,mitra
MBG,MBG
program,program
Mitra,Mitra
MBG,MBG
Kalibata,Kalibata
Belum,Belum
Mendapatkan,Mendapat
Bayaran,Bayar
Mitra,Mitra
dapur,dapur
Makan,Ma
Bergizi,Bergiz
Gratis,Gratis
Satuan,Satu
Pelayanan,Pelayan
Pemenuhan,Pemenuh
Gizi,Giz
SPPG,SPPG
Kalibata,Kalibata
Jakarta,Jakarta
Selatan,Selat
mengaku,menga
bayar,bayar
sepeser,peser
beroperasi,beroperas
Februari,Februar
2025,2025
Kuasa,Kuasa
Hukum,Hukum
Danna,Danna
Harly,Harly
Putra,Putra
kliennya,klien
Ira,Ira
Mesra,Mesra
rela,rela
menjual,jual
aset,aset
modal,modal
mitra,mitra
program,program
Menyesalkan,Menyesal
tindakan,tinda
Yayasan,Yayas
MBN,MBN
membayarkan,bayar
sepeser,peser
hak,hak
Ibu,Ibu
Ira,Ira
mitra,mitra
dapur,dapur
Makan,Ma
Bergizi,Bergiz
Gratis,Gratis
Kalibata,Kalibata
Harly,Harly
konferensi,konferensi
pers,pers
Kalibata,Kalibata
Selasa,Selasa
15,15
April,April
2025,2025
Harly,Harly
total,total
kerugian,kerug
dialami,alam
kliennya,klien
mencapai,capa
Rp975,Rp975
375,375
000,000
Kerugian,Kerug
dihitung,hitung
berdasarkan,dasar
65,65
025,025
porsi,porsi
dimasak,masak
Ira,Ira
mitra,mitra
tahap,tahap
Gaji,Gaj
Staf,Staf
SPPG,SPPG
Jawa,Jawa
Tengah,Tengah
Belum,Belum
Dibayar,Dibayar
Tata,Tata
nama,nama
terpaksa,paksa
menjual,jual
motornya,motor
memenuhi,memenuh
kebutuhan,butuh
sehari,sehar
Ia,Ia
staf,staf
Satuan,Satu
Pelayanan,Pelayan
Pemenuhan,Pemenuh
Gizi,Giz
SPPG,SPPG
dapur,dapur
produksi,produksi
Makan,Ma
Bergizi,Bergiz
Gratis,Gratis
Semenjak,Semenjak
program,program
Tata,Tata
gajinya,gaji
Jual,Jual
HP,HP
singkat,singkat
diwawancarai,wawancara
Senin,Senin
24,24
Maret,Maret
2025,2025
Tata,Tata
salah,salah
SPPG,SPPG
Jawa,Jawa
Tengah,Tengah
Kerjanya,Kerja
Kadang,Kadang
mengurusi,urus
dapur,dapur
larut,larut
malam,malam
Sejak,Sejak
Tata,Tata
pembicaraan,bicara
terkait,kait
gaji,gaji
Ia,Ia
berulang,ulang
kali,kali
BGN,BGN
ketidakpastian,ketidakpast
Sabar,Sabar
Masih,Masih
proses,proses
Tata,Tata
menirukan,meniru
BGN,BGN
Kepala,Kepala
Badan,Bad
Gizi,Giz
Nasional,Nasional
BGN,BGN
Dadan,Dad
Hindayana,Hindayana
membantah,bantah
terkait,kait
menunggaknya,menunggak
gaji,gaji
staf,staf
SPPG,SPPG
Ia,Ia
berdalih,dalih
status,status
staf,staf
Pegawai,Pegawa
Pemerintah,Pemerintah
Perjanjian,Perjanj
Kerja,Kerja
PPPK,PPPK
anggaran,anggar
gaji,gaji
berasal,asal
APBN,APBN
turun,turun
Gaji,Gaj
SPPG,SPPG
APBN,APBN
masuk,masuk
pagu,pagu
PPPK,PPPK
Nah,Nah
status,status
PPPK,PPPK
diambil,ambil
sumber,sumber
Dadan,Dad
dikonfirmasi,dikonfirmas
aplikasi,aplikasi
perpesanan,perpesan
Minggu,Minggu
23,23
Maret,Maret
2025,2025
Kepala,Kepala
Chef,Chef
Makan,Ma
Bergizi,Bergiz
Gratis,Gratis
Talangi,Talang
Bahan,Bah
Masakan,Masa
Kepala,Kepala
Chef,Chef
Dapur,Dapur
Sehat,Sehat
Anak,Anak
Bangsa,Bangsa
Jonie,Jonie
Kusuma,Kusuma
Hadi,Had
memimpin,memimpin
Satuan,Satu
Pelayanan,Pelayan
Pemenuhan,Pemenuh
Gizi,Giz
SPPG,SPPG
Lapangan,Lapang
Udara,Udara
Halim,Halim
Perdana,Perdana
Kusuma,Kusuma
bercerita,cerita
sistem,sistem
pembayaran,bayar
modal,modal
pelaksanaan,laksana
program,program
Makan,Ma
Bergizi,Bergiz
Gratis,Gratis
MBG,MBG
Menurut,Menurut
Jonie,Jonie
restoran,restoran
mitra,mitra
menalangi,alang
biaya,biaya
produksi,produksi
memperoleh,memperoleh
bahan,bahan
bahan,bahan
menu,menu
MBG,MBG
Nanti,Nant
reimburse,reimburse
Badan,Bad
Gizi,Giz
Nasional,Nasional
minggu,minggu
Jonie,Jonie
menyebut,menyebut
sistem,sistem
permodalan,permodal
MBG,MBG
ditemui,temu
SD,SD
Angkasa,Angkasa
5,5
Halim,Halim
Jakarta,Jakarta
Timur,Timur
Senin,Senin
6,6
Januari,Januar
2025,2025
Lomba,Lomba
lari,lari
maraton,maraton
Beijing,Beijing
diikuti,ikut
robot,robot
robot,robot
kegigihan,gigih
China,China
unggul,unggul
bidang,bidang
teknologi,teknologi
Ajang,Ajang
lari,lari
maraton,maraton
half,half
marathon,marathon
Yuzhuang,Yuzhuang
Beijing,Beijing
China,China
Sabtu,Sabtu
19,19
4,4
2025,2025
berbeda,beda
ajang,ajang
lari,lari
Tak,Tak
12,12
000,000
manusia,manusia
pesertanya,serta
21,21
robot,robot
Ukuran,Ukur
robot,robot
peserta,serta
half,half
marathon,marathon
bervariasi,bervarias
Ada,Ada
tingginya,tinggi
1,1
2,2
meter,meter
Ada,Ada
memiliki,milik
1,1
8,8
meter,meter
Sesuai,Sesua
disyaratkan,syarat
robot,robot
robot,robot
tungkai,tungkai
berlari,berlar
Panitia,Panitia
memisahkan,memisah
jalur,jalur
lari,lari
manusia,manusia
jalur,jalur
robot,robot
Peserta,Peserta
kategori,kategori
robot,robot
perusahaan,perusaha
perusahaan,perusaha
teknologi,teknologi
bidang,bidang
robotik,robotik
China,China
Mereka,Mereka
mengikuti,ikut
lomba,lomba
ubahnya,ubah
menguji,menguj
produk,produk
robot,robot
Dilaporkan,Dilapor
media,media
CNN,CNN
Wired,Wired
robot,robot
peserta,serta
gagal,gagal
finis,finis
Ada,Ada
berputar,putar
putar,putar
karuan,karuan
roboh,roboh
Ada,Ada
robot,robot
terjatuh,jatuh
garis,garis
start,start
Dalam,Dalam
lomba,lomba
robot,robot
didampingi,damping
manusia,manusia
bertugas,tugas
mengendalikan,endal
robot,robot
kadang,kadang
kadang,kadang
memeganginya,memegang
Baterai,Batera
diganti,digant
lomba,lomba
Jika,Jika
robot,robot
peserta,serta
diganti,digant
penalti,penalti
tambahan,tambah
tempuh,tempuh
10,10
menit,menit
Untuk,Untuk
kategori,kategori
robot,robot
pemenangnya,menang
Tiangong,Tiangong
Ultra,Ultra
Beijing,Beijing
Innovation,Innovation
Center,Center
of,of
Human,Hum
Robotics,Robotics
Guna,Guna
menyelesaikan,menyelesa
jarak,jarak
21,21
kilometer,kilometer
Tiangong,Tiangong
Ultra,Ultra
2,2
jam,jam
40,40
menit,menit
ketimbang,ketimbang
kebanyakan,kebanya
manusia,manusia
atlet,atlet
Di,D
kategori,kategori
manusia,manusia
pria,pria
catatan,catat
pemenang,menang
Yuzhuang,Yuzhuang
Half,Half
Marathon,Marathon
1,1
jam,jam
2,2
menit,menit
Keikutsertaan,Keikutserta
robot,robot
lomba,lomba
lari,lari
menyuguhkan,menyuguh
tantangan,tantang
ringan,ringan
Selama,Selama
problem,problem
pengembangan,pengembang
robot,robot
humanoid,humanoid
menyerupai,menyerupa
manusia,manusia
memastikannya,memast
bergerak,gerak
mengalami,alam
kerusakan,rusa
hardware,hardware
Bagi,Bag
manusia,manusia
urusan,urus
berlari,berlar
berjam,jam
jam,jam
robot,robot
sulit,sulit
dilakoni,lakon
Komponen,Komponen
robot,robot
rusak,rusak
akibat,akibat
gerakan,gera
berulang,ulang
ulang,ulang
Belum,Belum
isu,isu
kestabilan,stabil
kemampuan,mampu
menjaga,jaga
arah,arah
gerakan,gera
Dengan,Deng
mengikuti,ikut
lomba,lomba
lari,lari
perusahaan,perusaha
teknologi,teknologi
mengatasi,atas
isu,isu
isu,isu
China,China
gigih,gigih
membangun,bangun
kemampuan,mampu
teknologinya,teknologi
Pendidikan,Pendid
berkualitas,kualitas
bidang,bidang
sains,sains
matematika,matematika
rekayasa,rekayasa
fondasi,fondasi
Posisinya,Posis
negara,negara
manufaktur,manufaktur
terbesar,besar
dunia,dunia
dilengkapi,lengkap
kemampuan,mampu
teknologinya,teknologi
menyaingi,menyaing
Amerika,Amerika
Serikat,Serikat
Sampai,Sampa
China,China
dipandang,pandang
AS,AS
ancaman,ancam
Washington,Washington
membatasi,batas
penjualan,jual
cip,cip
canggih,canggih
negara,negara
Penampilan,Penampil
robot,robot
humanoid,humanoid
ajang,ajang
half,half
marathon,marathon
barulah,baru
permulaan,permula
Robotik,Robotik
kian,kian
maju,maju
terintegrasi,terintegras
teknologi,teknologi
kecerdasan,cerdas
buatan,buat
canggih,canggih
Siap,Siap
era,era
robot,robot
nan,nan
cerdas,cerdas
Beberapa,Beberapa
asosiasi,asosiasi
usaha,usaha
pengamat,amat
mengkhawatirkan,khawatir
relaksasi,relaksasi
regulasi,regulasi
tingkat,tingkat
komponen,komponen
negeri,negeri
TKDN,TKDN
mengancam,ancam
industri,industri
negeri,negeri
memicu,memicu
hengkangnya,hengkang
industri,industri
diperlakukan,diperlaku
setara,tara
Kompas,Kompas
21,21
4,4
2025,2025
TKDN,TKDN
instrumen,instrumen
nontarif,nontarif
melindungi,lindung
industri,industri
negeri,negeri
AS,AS
dianggap,anggap
membatasi,batas
akses,akses
perusahaan,perusaha
AS,AS
pasar,pasar
Indonesia,Indonesia
Selain,Selain
TKDN,TKDN
pro,pro
kontra,kontra
rencana,rencana
penghapusan,hapus
kuota,kuota
impor,impor
Kebijakan,Kebija
liberalisasi,liberalisasi
impor,impor
dikhawatirkan,khawatir
Indonesia,Indonesia
kian,kian
dibanjiri,banjir
barang,barang
impor,impor
memukul,memukul
petani,petan
lokal,lokal
mengancam,ancam
swasembada,swasembada
pangan,pangan
Apalagi,Apalag
kebijakan,kebija
berlaku,berla
AS,AS
negara,negara
Komitmen,Komitmen
perlindungan,perlindung
industri,industri
negeri,negeri
pemerintah,pemerintah
Kalangan,Kalang
pelaku,pela
usaha,usaha
pengamat,amat
berharap,harap
pemerintah,pemerintah
gampang,gampang
menyerah,menyerah
tekanan,tekan
negara,negara
Salah,Sa
misi,misi
terpenting,penting
delegasi,delegasi
RI,RI
negosiasi,negosiasi
AS,AS
kesepakatan,sepakat
penurunan,urun
tarif,tarif
resiprokal,resiprokal
32,32
persen,persen
AS,AS
Untuk,Untuk
melunakkan,lunak
kubu,kubu
AS,AS
Indonesia,Indonesia
menawarkan,awar
menambah,ambah
volume,volume
impor,impor
AS,AS
melonggarkan,longgar
TKDN,TKDN
menghapus,hapus
kuota,kuota
impor,impor
kemudahan,mudah
perusahaan,perusaha
AS,AS
investasi,investasi
Indonesia,Indonesia
Total,Total
16,16
poin,poin
kebijakan,kebija
Indonesia,Indonesia
dinilai,nila
merugikan,merug
AS,AS
AS,AS
daya,daya
tawar,tawar
kuat,kuat
mencoba,coba
memaksakan,aksa
syarat,syarat
syarat,syarat
menguntungkan,untung
Pemerintah,Pemerintah
dihadapkan,hadap
tantangan,tantang
komitmen,komitmen
penurunan,urun
tarif,tarif
resiprokal,resiprokal
dicapai,capa
mencederai,cedera
industri,industri
pasar,pasar
ekonomi,ekonomi
negeri,negeri
Pelonggaran,Pelonggar
TKDN,TKDN
membuka,buka
akses,akses
investasi,investasi
memfasilitasi,fasilitas
perdagangan,perdagang
bilateral,bilateral
Demikian,Demik
penghapusan,hapus
kuota,kuota
impor,impor
menekan,mene
permainan,permain
rente,rente
membantu,bantu
stabilisasi,stabilisasi
harga,harga
pangan,pangan
Namun,Namun
langkah,langkah
kesiapan,kesiap
industri,industri
negeri,negeri
berbasis,basis
strategi,strategi
industrialisasi,industrialisas
nasional,nasional
jangka,jangka
Mitigasi,Mitigas
dampak,dampak
kesepakatan,sepakat
dicapai,capa
disiapkan,siap
mengamankan,gam
pasar,pasar
negeri,negeri
serbuan,serbu
produk,produk
dumping,dumping
negara,negara
negara,negara
terdampak,dampak
kebijakan,kebija
tarif,tarif
Trump,Trump
Negosiasi,Negosias
AS,AS
menghasilkan,hasil
formula,formula
perjanjian,perjanj
perdagangan,perdagang
bilateral,bilateral
menguntungkan,untung
Indonesia,Indonesia
Salah,Sa
langkah,langkah
kebijakan,kebija
menyelamatkan,menyelamat
industri,industri
negeri,negeri
memacu,acu
cepat,cepat
deindustrialisasi,deindustrialisas
pelaku,pela
negeri,negeri
kian,kian
terdesak,desak
produk,produk
impor,impor
pelaku,pela
industri,industri
beralih,alih
importir,importir
dianggap,anggap
menguntungkan,untung
Kebijakan,Kebija
tarif,tarif
Trump,Trump
momentum,momentum
Indonesia,Indonesia
membenahi,benah
iklim,iklim
investasi,investasi
ekosistem,ekosistem
kebijakan,kebija
penguatan,penguat
daya,daya
saing,saing
industri,industri
negeri,negeri
Hal,Hal
resilien,resilien
menghadapi,hadap
perubahan,rubah
kebijakan,kebija
negara,negara
mitra,mitra
dagang,dagang
rezim,rezim
perdagangan,perdagang
global,global
ramah,ramah
Kementerian,Kementer
Komunikasi,Komunikas
Informatika,Informatika
Kominfo,Kominfo
merilis,rilis
laporan,lapor
Indonesia,Indonesia
membutuhkan,butuh
500,500
000,000
talenta,talenta
digital,digital
menutup,menutup
kesenjangan,senjang
3,3
juta,juta
talenta,talenta
digital,digital
2030,2030
Namun,Namun
anak,anak
Indonesia,Indonesia
menghadapi,hadap
kesulitan,sulit
menguasai,menguasa
salah,salah
fondasi,fondasi
pendidikan,pendid
Science,Science
Technology,Technology
Engineering,Engineering
Mathematics,Mathematics
STEM,STEM
Matematika,Matematika
Berdasarkan,Berdasar
survei,survei
Programme,Programme
for,for
International,International
Student,Student
Assessment,Assessment
PISA,PISA
2018,2018
kemampuan,mampu
Matematika,Matematika
siswa,siswa
Indonesia,Indonesia
peringkat,peringkat
75,75
81,81
negara,negara
71,71
persen,persen
siswa,siswa
mencapai,capa
kompetensi,kompetensi
minimum,minimum
Ketakutan,Ketakut
Matematika,Matematika
kali,kali
disebabkan,sebab
kurangnya,kurang
pemahaman,pemaham
dasar,dasar
minimnya,minim
metode,metode
pembelajaran,pembelajar
menyenangkan,menyenang
efektif,efektif
sekolah,sekolah
rumah,rumah
Pendidikan,Pendid
STEM,STEM
anak,anak
memahami,memaham
teknologi,teknologi
mengasah,asah
kemampuan,mampu
berpikir,pikir
kritis,kritis
logis,logis
kreatif,kreatif
Menurut,Menurut
Taufiq,Taufiq
Wisnu,Wisnu
COO,COO
Algorithmics,Algorithmics
Indonesia,Indonesia
pendidikan,pendid
STEM,STEM
fondasi,fondasi
kuat,kuat
anak,anak
anak,anak
berkembang,kembang
dunia,dunia
digital,digital
Di,D
Algorithmics,Algorithmics
menyediakan,menyedia
program,program
program,program
dirancang,rancang
membangun,bangun
kemampuan,mampu
pendekatan,dekat
interaktif,interaktif
menyenangkan,menyenang
Taufiq,Taufiq
Wisnu,Wisnu
keterangan,terang
tertulis,tulis
Senin,Senin
2,2
12,12
2024,2024
Ia,Ia
Algorithmics,Algorithmics
hadir,hadir
kursus,kursus
Matematika,Matematika
inovatif,inovatif
anak,anak
anak,anak
usia,usia
6,6
7,7
10,10
12,12
Program,Program
bertujuan,tuju
menghadapi,hadap
tantangan,tantang
akademik,akademik
sekolah,sekolah
memperkenalkan,memperkenal
dasar,dasar
dasar,dasar
Matematika,Matematika
menyenangkan,menyenang
efektif,efektif
Ada,Ada
keunggulan,unggul
kursus,kursus
pengembangan,pengembang
keterampilan,terampil
berpikir,pikir
Kursus,Kursus
dirancang,rancang
mengasah,asah
kemampuan,mampu
berpikir,pikir
logis,logis
kritis,kritis
spasial,spasial
analitis,analitis
Anak,Anak
anak,anak
diajarkan,ajar
menyelesaikan,menyelesa
kompleks,kompleks
tingkat,tingkat
olimpiade,olimpiade
meraih,raih
keunggulan,unggul
kompetisi,kompetisi
akademik,akademik
Baca,Baca
Bagaimana,Bagaimana
Metode,Metode
Pengajaran,Pengajar
Matematika,Matematika
PAUD,PAUD
Ini,In
Jawabannya,Jawab
Keunggulan,Keunggul
metode,metode
pembelajaran,pembelajar
inovatif,inovatif
Setiap,Setiap
sesi,sesi
pelajaran,pelajar
dirancang,rancang
menciptakan,cipta
pengalaman,alam
belajar,belajar
menarik,arik
efektif,efektif
Metodenya,Metode
meliputi,liput
warm,warm
up,up
permainan,permain
logika,logika
menstimulus,stimulus
minat,minat
belajar,belajar
pengenalan,pengenal
topik,topik
sederhana,sederhana
menarik,arik
materi,materi
mudah,mudah
dipahami,paham
Kemudian,Kemud
latihan,latih
interaktif,interaktif
platform,platform
digital,digital
meningkatkan,meningkat
pemahaman,pemaham
materi,materi
Diikuti,Diikut
revisi,revisi
materi,materi
memperkuat,memperkuat
daya,daya
diskusi,diskusi
hasil,hasil
belajar,belajar
arahan,arah
mendukung,dukung
kemajuan,maju
belajar,belajar
siswa,siswa
Selain,Selain
akses,akses
belajar,belajar
fleksibel,fleksibel
Anak,Anak
anak,anak
memiliki,milik
akses,akses
24,24
7,7
platform,platform
online,online
meninjau,meninjau
materi,materi
latihan,latih
tambahan,tambah
Hal,Hal
belajar,belajar
sesuai,sesuai
kecepatan,cepat
kebutuhan,butuh
Kursus,Kursus
membangun,bangun
cinta,cinta
Matematika,Matematika
pendekatan,dekat
berbasis,basis
permainan,permain
math,math
battles,battles
teka,teka
teki,teki
analitis,analitis
kuis,kuis
interaktif,interaktif
anak,anak
anak,anak
termotivasi,termotivas
menikmati,nikmat
proses,proses
belajar,belajar
Kami,Kam
mengajarkan,ajar
anak,anak
anak,anak
menghitung,hitung
mengembangkan,mengembang
keterampilan,terampil
berpikir,pikir
kritis,kritis
analitis,analitis
Tujuan,Tuju
membangun,bangun
generasi,generasi
takut,takut
Matematika,Matematika
mencintainya,cinta
memahami,memaham
relevansinya,relevansi
kehidupan,hidup
sehari,sehar
imbuh,imbuh
Taufiq,Taufiq
Dikatakan,Dikata
Algorithmics,Algorithmics
berkomitmen,komitmen
mendukung,dukung
visi,visi
Indonesia,Indonesia
negara,negara
unggul,unggul
bidang,bidang
teknologi,teknologi
inovasi,inovasi
mencetak,cetak
generasi,generasi
muda,muda
menguasai,menguasa
coding,coding
memiliki,milik
keterampilan,terampil
berpikir,pikir
kritis,kritis
analitis,analitis
Matematika,Matematika
Dengan,Deng
pendekatan,dekat
pembelajaran,pembelajar
interaktif,interaktif
menyenangkan,menyenang
berbasis,basis
teknologi,teknologi
Algorithmics,Algorithmics
berusaha,usaha
anak,anak
anak,anak
Indonesia,Indonesia
menghadapi,hadap
tantangan,tantang
era,era
digital,digital
berkembang,kembang
Indonesia,Indonesia
memiliki,milik
potensi,potensi
pemimpin,pemimpin
bidang,bidang
digital,digital
teknologi,teknologi
Dengan,Deng
anak,anak
anak,anak
pendidikan,pendid
STEM,STEM
inovatif,inovatif
mempercepat,mempercepat
tercapainya,capa
visi,visi
tutup,tutup
Taufiq,Taufiq
