kata_awal,kata_stemming,kata_dasar_terdeteksi
jakarta,jakarta,akar
cnn,cnn,cnn
indonesia,indonesia,don
kepergian,pergi,erg
mendiang,mendiang,dia
paus,paus,aus
fransiskus,fransiskus,kus
senin,senin,sen
21,21,21
4,4,4
memunculkan,muncul,mu
penerus,penerus,eru
pemimpin,pemimpin,impi
umat,umat,mat
katolik,katolik,ato
dunia,dunia,dunia
nama,nama,ama
kardinal,kardinal,ardi
mencuat,mencuat,cua
dianggap,anggap,angga
calon,calon,alon
kuat,kuat,kuat
penerus,penerus,eru
paus,paus,aus
fransiskus,fransiskus,kus
nama,nama,ama
menorehkan,menoreh,menor
sejarah,sejarah,ara
terpilih,terpilih,ili
menggantikan,mengganti,anti
paus,paus,aus
fransiskus,fransiskus,kus
lantaran,lantar,anta
berasal,berasal,asa
kawasan,kawasan,asa
asia,asia,asi
afrika,afrika,afrika
nama,nama,ama
kardinal,kardinal,ardi
digadang,gadang,ada
gadang,gadang,ada
kuat,kuat,kuat
penerus,penerus,eru
paus,paus,aus
fransiskus,fransiskus,kus
pemimpin,pemimpin,impi
umat,umat,mat
katolik,katolik,ato
vatikan,vatikan,ati
luis,luis,uis
antonio,antonio,ton
sang,sang,sang
fransiskus,fransiskus,kus
asia,asia,asi
luis,luis,uis
antonio,antonio,ton
tagle,tagle,tagle
salah,salah,ala
kandidat,kandidat,ida
unggulan,unggul,gul
bursa,bursa,bur
pemilihan,pemilih,ili
penerus,penerus,eru
paus,paus,aus
fransiskus,fransiskus,kus
pria,pria,pria
berasal,berasal,asa
filipina,filipina,ili
berpotensi,berpotens,pot
paus,paus,aus
asia,asia,asi
sejarah,sejarah,ara
kardinal,kardinal,ardi
berusia,berusia,beru
67,67,67
populer,populer,pop
kalangan,kalang,ala
kaum,kaum,aum
progresif,progresif,es
gereja,gereja,eja
katolik,katolik,ato
dijuluki,juluk,juluk
fransiskus,fransiskus,kus
asia,asia,asi
pembawaannya,pembawa,awa
hangat,hangat,hang
pandangan,pandang,anda
progresif,progresif,es
mendiang,mendiang,dia
paus,paus,aus
fransiskus,fransiskus,kus
dianggap,anggap,angga
reformis,reformis,mi
gereja,gereja,eja
kardinal,kardinal,ardi
tagle,tagle,tagle
terkenal,terkenal,ken
kesederhanaannya,sederhana,ana
mendiang,mendiang,dia
paus,paus,aus
fransiskus,fransiskus,kus
tinggal,tinggal,tin
seminari,seminari,ari
filipina,filipina,ili
20,20,20
menempati,menempat,empat
kamar,kamar,ama
ac,ac,ac
televisi,televisi,isi
diangkat,angkat,angka
uskup,uskup,kup
menolak,menolak,lak
mobil,mobil,mob
dinas,dinas,din
memilih,memilih,ili
bus,bus,bus
jeepney,jeepney,jeepney
edward,edward,edward
pentin,pentin,pen
pakar,pakar,akar
vatikan,vatikan,ati
penulis,penulis,lis
buku,buku,buk
the,the,the
next,next,next
pope,pope,pop
the,the,the
leading,leading,adi
cardinal,cardinal,ardi
candidates,candidates,candi
kardinal,kardinal,ardi
tagle,tagle,tagle
salah,salah,ala
favorit,favorit,favorit
paus,paus,aus
fransiskus,fransiskus,kus
menggantikannya,mengganti,anti
kardinal,kardinal,ardi
tagle,tagle,tagle
menjabat,menjabat,aba
kepala,kepala,ala
dikasteri,dikaster,aster
evangelisasi,evangelisas,angel
gereja,gereja,eja
kandidat,kandidat,ida
kuat,kuat,kuat
usianya,usia,sia
tergolong,tergolong,erg
muda,muda,mu
pentin,pentin,pen
dikutip,kutip,kuti
the,the,the
telegraph,telegraph,rap
usianya,usia,sia
penghalangnya,penghalang,ala
terpilih,terpilih,ili
penerus,penerus,eru
paus,paus,aus
fransiskus,fransiskus,kus
kardinal,kardinal,ardi
cenderung,cenderung,cenderung
berhati,berhat,berhat
hati,hati,ati
memilih,memilih,ili
paus,paus,aus
relatif,relatif,ati
muda,muda,mu
kepemimpinannya,kepemimpin,impi
puluhan,puluh,pul
pemilihan,pemilih,ili
paus,paus,aus
relatif,relatif,ati
muda,muda,mu
dianggap,anggap,angga
menghambat,menghambat,ham
peluang,peluang,elu
kardinal,kardinal,ardi
terpilih,terpilih,ili
paus,paus,aus
peter,ter,ter
turkson,turkson,tur
penasihat,nasihat,asi
paus,paus,aus
penasihat,nasihat,asi
kunci,kunci,kunci
paus,paus,aus
fransiskus,fransiskus,kus
isu,isu,isu
isu,isu,isu
perubahan,rubah,bah
iklim,iklim,iklim
keadilan,adil,adi
sosial,sosial,sia
kardinal,kardinal,ardi
peter,ter,ter
turkson,turkson,tur
dianggap,anggap,angga
calon,calon,alon
kuat,kuat,kuat
pemimpin,pemimpin,impi
umat,umat,mat
katolik,katolik,ato
dunia,dunia,dunia
lahir,lahir,lah
ghana,ghana,ana
turkson,turkson,tur
menorehkan,menoreh,menor
sejarah,sejarah,ara
paus,paus,aus
kulit,kulit,kuli
hitam,hitam,hit
terpilih,terpilih,ili
kardinal,kardinal,ardi
berusia,berusia,beru
76,76,76
tahuun,tahuun,tahu
diangkat,angkat,angka
uskup,uskup,kup
agung,agung,agun
cape,cape,ape
coast,coast,coast
paus,paus,aus
yohanes,yohanes,es
paulus,paulus,lus
ii,i,i
1992,1992,1992
sebelas,sebelas,bel
turkson,turkson,tur
diangkat,angkat,angka
kardinal,kardinal,ardi
sejarah,sejarah,ara
negara,negara,ara
afrika,afrika,afrika
barat,barat,ara
paus,paus,aus
benediktus,benediktus,dik
xvi,xv,xv
memanggil,memanggil,emang
turkson,turkson,tur
vatikan,vatikan,ati
2009,2009,2009
menjadikannya,menjadi,adi
kepala,kepala,ala
dewan,dewan,dewa
kepausan,paus,aus
keadilan,adil,adi
perdamaian,perdamai,ama
lembaga,lembaga,aga
mempromosikan,mempromosi,mem
keadilan,adil,adi
sosial,sosial,sia
hak,hak,hak
asasi,asasi,asa
manusia,manusia,anu
perdamaian,perdamai,ama
dunia,dunia,dunia
jabatannya,jabat,aba
turkson,turkson,tur
salah,salah,ala
penasihat,nasihat,asi
terdekat,terdekat,dek
paus,paus,aus
isu,isu,isu
isu,isu,isu
perubahan,rubah,bah
iklim,iklim,iklim
menarik,menarik,ari
perhatian,perhati,ati
luas,luas,luas
kehadirannya,hadir,adi
konferensi,konferensi,konferensi
internasional,internasional,asi
forum,forum,forum
ekonomi,ekonomi,ekon
davos,davos,davos
2016,2016,2016
paus,paus,aus
fransiskus,fransiskus,kus
menggabungkan,menggabung,abu
departemen,departemen,depa
dipimpin,pimpin,impi
kardinal,kardinal,ardi
turkson,turkson,tur
kantor,kantor,kan
menganggap,menganggap,angga
langkah,langkah,angka
penggabungan,penggabung,abu
departemen,departemen,depa
memicu,memicu,mem
perebutan,rebut,rebu
pengaruh,pengaruh,aru
turkson,turkson,tur
kardinal,kardinal,ardi
kardinal,kardinal,ardi
turkson,turkson,tur
mengundurkan,mengundur,dur
jabatan,jabat,aba
2021,2021,2021
memimpin,memimpin,impi
akademi,akademi,adem
kepausan,paus,aus
bidang,bidang,bida
ilmu,ilmu,ilmu
pengetahuan,pengetahu,eta
ilmu,ilmu,ilmu
sosial,sosial,sia
2023,2023,2023
wawancara,wawancara,anca
bbc,bbc,bbc
turkson,turkson,tur
mengaku,menga,menga
berdoa,berdoa,doa
terpilih,terpilih,ili
paus,paus,aus
pengkritiknya,pengkritik,itik
menilai,nila,nila
turkson,turkson,tur
berkampanye,berkampanye,kam
jabatan,jabat,aba
tertinggi,tertingg,erti
gereja,gereja,eja
katolik,katolik,ato
intensitasnya,intensitas,intens
tampil,tampil,pil
media,media,dia
peter,ter,ter
erdo,erdo,erdo
hungaria,hungaria,ari
kalangan,kalang,ala
konservatif,konservatif,ati
muncul,muncul,mu
nama,nama,ama
peter,ter,ter
erdo,erdo,erdo
kardinal,kardinal,ardi
hungaria,hungaria,ari
uskup,uskup,kup
agung,agung,agun
esztergom,esztergom,erg
budapest,budapest,ape
calon,calon,alon
kuat,kuat,kuat
pengganti,penggant,enggan
paus,paus,aus
fransiskus,fransiskus,kus
pentin,pentin,pen
erdo,erdo,erdo
kandidat,kandidat,ida
kuat,kuat,kuat
sayap,sayap,ayap
konservatif,konservatif,ati
gereja,gereja,eja
menilai,nila,nila
menyukai,menyuka,yuk
kardinal,kardinal,ardi
berusia,berusia,beru
72,72,72
ahli,ahli,ahli
hukum,hukum,hukum
kanon,kanon,kan
dab,dab,dab
mahir,mahir,mah
hukum,hukum,hukum
gereja,gereja,eja
umat,umat,mat
katolik,katolik,ato
gereja,gereja,eja
dikembalikan,kembali,ali
kondisi,kondisi,isi
hukum,hukum,hukum
gerejawi,gerejawi,awi
berkembang,berkembang,ban
kepemimpinan,kepemimpin,impi
paus,paus,aus
fransiskus,fransiskus,kus
erdo,erdo,erdo
dianggap,anggap,angga
sosok,sosok,sok
aman,aman,ama
dipercaya,percaya,per
pentin,pentin,pen
teologis,teologis,log
erdo,erdo,erdo
berpandangan,berpandang,anda
konservatif,konservatif,ati
pidatonya,pidato,ato
eropa,eropa,opa
menekankan,menekan,enek
akar,akar,akar
kekristenan,kristen,kristen
benua,benua,benua
dinilai,nila,nila
pragmatis,pragmatis,ati
terbuka,terbuka,buk
berselisih,berselisih,isi
paus,paus,aus
fransiskus,fransiskus,kus
berbeda,berbeda,beda
rohaniwan,rohaniw,ani
tradisionalis,tradisionalis,adi
menarik,menarik,ari
perhatian,perhati,ati
vatikan,vatikan,ati
krisis,krisis,isi
migran,migran,mi
2015,2015,2015
erdo,erdo,erdo
memiliki,milik,ili
pandangan,pandang,anda
berseberangan,berseberang,bera
seruan,seru,eru
paus,paus,aus
fransiskus,fransiskus,kus
gereja,gereja,eja
gereja,gereja,eja
menerima,menerima,rim
pengungsi,pengungs,gun
erdo,erdo,erdo
dianggap,anggap,angga
bentuk,bentuk,bentuk
perdagangan,perdagang,aga
manusia,manusia,anu
pernyataan,pernyata,nyata
sejalan,sejal,eja
pandangan,pandang,anda
nasionalis,nasionalis,ali
perdana,perdana,ana
menteri,menteri,ente
hungaria,hungaria,ari
viktor,viktor,viktor
orban,orb,orb
pietro,pietro,pietro
parolin,parolin,lin
italia,italia,ali
sekretaris,sekretaris,ari
negara,negara,ara
vatikan,vatikan,ati
perdana,perdana,ana
menteri,menteri,ente
de,de,de
facto,facto,facto
vatikan,vatikan,ati
pietro,pietro,pietro
parolin,parolin,lin
dianggap,anggap,angga
salah,salah,ala
kandidat,kandidat,ida
terkuat,terkuat,kuat
pengganti,penggant,enggan
paus,paus,aus
namanya,nama,ama
dikenal,kenal,ken
perang,perang,era
ukraina,ukraina,ain
vatikan,vatikan,ati
mencoba,mencoba,coba
memosisikan,memosisi,emosi
penengah,penengah,eneng
netral,netral,net
menjembatani,menjembatan,bata
dialog,dialog,dia
kyiv,kyiv,kyiv
moskow,moskow,moskow
konflik,konflik,konflik
thomas,thomas,mas
reese,reese,es
imam,imam,imam
katolik,katolik,ato
amerika,amerika,erik
serikat,serikat,erik
penulis,penulis,lis
buku,buku,buk
inside,inside,ide
the,the,the
vatican,vatic,ati
parolin,parolin,lin
diplomat,diplomat,diplo
kompeten,kompeten,kom
parolin,parolin,lin
dianggap,anggap,angga
otak,otak,otak
diplomasi,diplomasi,asi
internasional,internasional,asi
paus,paus,aus
fransiskus,fransiskus,kus
kesalahan,salah,ala
reputasinya,reputasi,asi
tercoreng,tercoreng,cor
akibat,akibat,aki
skandal,skandal,anda
properti,properti,erti
menyebabkan,menyebab,bab
vatikan,vatikan,ati
merugi,merug,eru
jutaan,juta,juta
euro,euro,euro
pembelian,pembeli,bel
gedung,gedung,dung
bekas,bekas,bek
showroom,showroom,om
harrods,harrods,harrods
london,london,don
inggris,inggris,inggris
kompeten,kompeten,kom
wewenang,wewenang,nan
bawahannya,bawah,awa
salah,salah,ala
pemimpinnya,pemimpin,impi
proses,proses,es
persidangan,persidang,dan
membayangi,membayang,ayan
peluang,peluang,elu
kepausannya,paus,aus
pastor,pastor,pas
reese,reese,es
kandidat,kandidat,ida
keempat,empat,empat
kardinal,kardinal,ardi
menyebut,menyebut,menyebut
nama,nama,ama
nama,nama,ama
dianggap,anggap,angga
kalah,kalah,ala
cocok,cocok,cocok
pemimpin,pemimpin,impi
umat,umat,mat
katolik,katolik,ato
kardinal,kardinal,ardi
jose,jose,ose
tolentino,tolentino,tin
calaca,calaca,ala
de,de,de
mendonca,mendonca,don
muncul,muncul,mu
kandidat,kandidat,ida
kuat,kuat,kuat
mengganti,menggant,enggan
paus,paus,aus
fransiskus,fransiskus,kus
berasal,berasal,asa
kaum,kaum,aum
progresif,progresif,es
gereja,gereja,eja
kardinal,kardinal,ardi
pulau,pulau,pul
madeira,madeira,ira
portugal,portugal,tugal
paus,paus,aus
fransiskus,fransiskus,kus
kepala,kepala,ala
departemen,departemen,depa
budaya,budaya,budaya
pendidikan,pendidi,pen
italia,italia,ali
muncul,muncul,mu
nama,nama,ama
kardinal,kardinal,ardi
matteo,matteo,mat
zuppi,zupp,zupp
uskup,uskup,kup
agung,agung,agun
bologna,bologna,bol
calon,calon,alon
kuat,kuat,kuat
penerus,penerus,eru
paus,paus,aus
fransiskus,fransiskus,kus
dianggap,anggap,angga
sosok,sosok,sok
progresif,progresif,es
paus,paus,aus
fransiskus,fransiskus,kus
kawasan,kawasan,asa
eropa,eropa,opa
kardinal,kardinal,ardi
mario,mario,ari
grech,grech,grech
malta,malta,mal
menjabat,menjabat,aba
sekretaris,sekretaris,ari
jenderal,jenderal,dera
sinode,sinode,ode
uskup,uskup,kup
dianggap,anggap,angga
memiliki,milik,ili
peluang,peluang,elu
menduduki,menduduk,duduk
posisi,posisi,isi
tertinggi,tertingg,erti
gereja,gereja,eja
katolik,katolik,ato
grech,grech,grech
dikenal,kenal,ken
paus,paus,aus
fransiskus,fransiskus,kus
memiliki,milik,ili
kecenderungan,cenderung,cenderung
konservatif,konservatif,ati
menjadikannya,menjadi,adi
kandidat,kandidat,ida
kompromi,kompromi,kom
diterima,terima,rim
kalangan,kalang,ala
afrika,afrika,afrika
nama,nama,ama
kardinal,kardinal,ardi
robert,robert,robert
sarah,sarah,ara
guinea,guinea,guinea
digadang,gadang,ada
gadang,gadang,ada
kandidat,kandidat,ida
kuat,kuat,kuat
pengganti,penggant,enggan
paus,paus,aus
fransiskus,fransiskus,kus
dikenal,kenal,ken
kritiknya,kritik,itik
ideologi,ideologi,ide
gender,gender,gen
penolakannya,penola,nol
radikalisme,radikalisme,adi
islam,islam,islam
rds,rds,rds
jakarta,jakarta,akar
cnbc,cnbc,cnbc
indonesia,indonesia,don
penggunaan,pengguna,gun
sistem,sistem,sis
pembayaran,pembayar,ayar
indonesia,indonesia,don
seper,per,per
quick,quick,quick
responese,responese,es
indonesian,indonesi,don
standard,standard,anda
qris,qris,qris
gerbang,gerbang,ban
pembayaran,pembayar,ayar
nasional,nasional,asi
salah,salah,ala
pembahasan,pembahas,bah
negosiasi,negosiasi,asi
perdagangan,perdagang,aga
pemerintah,pemerin,meri
amerika,amerika,erik
serikat,serikat,erik
as,as,as
menteri,menteri,ente
koordinator,koordinator,ato
bidang,bidang,bida
perekonomian,perekonomi,ekon
airlangga,airlangga,air
hartarto,hartarto,arta
pemerintah,pemerin,meri
berkoordinasi,berkoordinas,berko
bank,bank,ban
indonesia,indonesia,don
bi,b,b
otoritas,otoritas,oto
jasa,jasa,asa
keuangan,uang,uan
ojk,ojk,ojk
terkait,terkait,kait
masukan,masu,asu
as,as,as
berkoordinasi,berkoordinas,berko
ojk,ojk,ojk
bi,b,b
terkait,terkait,kait
payment,payment,payment
amerika,amerika,erik
airlangga,airlangga,air
konferensi,konferensi,konferensi
pers,pers,per
daring,daring,ari
diku,d,d
p,p,p
minggu,minggu,inggu
20,20,20
4,4,4
2025,2025,2025
sayangnya,sayang,ayan
airlangga,airlangga,air
dak,dak,dak
pemerintah,pemerin,meri
indonesia,indonesia,don
bi,b,b
ojk,ojk,ojk
menghadapi,menghadap,ada
tarif,tarif,ari
as,as,as
catatan,catat,cat
provider,provider,ide
kartu,kartu,kartu
kenamaan,nama,ama
as,as,as
melobi,lob,lob
pemerintah,pemerin,meri
bank,bank,ban
indonesia,indonesia,don
perihal,perihal,hal
penggunaan,pengguna,gun
gpn,gpn,gpn
2019,2019,2019
bi,b,b
dak,dak,dak
melonggarkan,longgar,gar
aturan,atur,atur
wajib,wajib,aji
gpn,gpn,gpn
2019,2019,2019
silam,silam,lam
setahun,tahun,hun
diluncurkannya,luncur,cur
gpn,gpn,gpn
indonesia,indonesia,don
menghapus,menghapus,apu
kewajiban,wajib,aji
menggandeng,menggandeng,den
perusahaan,perusaha,eru
switching,switching,switching
lokal,lokal,lok
bisnis,bisnis,bis
sistem,sistem,sis
pembayaran,pembayar,ayar
domes,domes,dom
k,k,k
perusahaan,perusaha,eru
as,as,as
mastercard,mastercard,aster
visa,visa,isa
perubahan,rubah,bah
mengizinkan,mengizin,gizi
perusahaan,perusaha,eru
as,as,as
memproses,memproses,es
transaksi,transaksi,aksi
kartu,kartu,kartu
kredit,kredit,edit
rekanan,rekan,kan
lokal,lokal,lok
sumber,sumber,sum
reuters,reuters,ter
jumat,jumat,jumat
4,4,4
10,10,10
2019,2019,2019
kemenangan,menang,mena
lobi,lobi,lob
pemerintah,pemerin,meri
as,as,as
tekanan,kanan,ana
negara,negara,ara
asia,asia,asi
mengeluarkan,mengeluar,elu
aturan,atur,atur
khusus,khusus,hus
menggenjot,menggenjot,gen
alat,alat,ala
pembayaran,pembayar,ayar
lokal,lokal,lok
tulis,tulis,lis
media,media,dia
reuters,reuters,ter
salinan,salin,ali
email,email,email
pejabat,jabat,aba
as,as,as
ekseku,ekse,eks
f,f,f
perusahaan,perusaha,eru
kartu,kartu,kartu
detail,detail,detail
email,email,email
200,200,200
halaman,halaman,ala
aturan,atur,atur
kebebasan,bebas,bas
informasi,informasi,asi
as,as,as
komunikasi,komunikasi,asi
via,via,via
surat,surat,rat
elektronik,elektronik,elektro
april,april,april
2018,2018,2018
agustus,agustus,agus
2019,2019,2019
email,email,email
salah,salah,ala
perusahaan,perusaha,eru
mastercard,mastercard,aster
melobi,lob,lob
perwakilan,perwakil,aki
dagang,dagang,aga
as,as,as
ustr,ustr,ustr
india,india,dia
vietnam,vietnam,vietnam
laos,laos,laos
ukraina,ukraina,ain
gana,gana,ana
diterbitkannya,terbit,bit
gpn,gpn,gpn
pemrosesan,pemroses,es
transaksi,transaksi,aksi
negeri,negeri,neger
perusahaan,perusaha,eru
switching,switching,switching
mayoritas,mayoritas,ayo
sahamnya,saham,ham
dimiliki,milik,ili
investor,investor,es
negeri,negeri,neger
aturan,atur,atur
visa,visa,isa
mastercard,mastercard,aster
dak,dak,dak
langsung,langsung,angsu
memproses,memproses,es
transaksi,transaksi,aksi
pembayaran,pembayar,ayar
menggandeng,menggandeng,den
partner,partner,par
lokal,lokal,lok
visa,visa,isa
mastercard,mastercard,aster
langsung,langsung,angsu
memproses,memproses,es
transaksi,transaksi,aksi
nasabah,nasabah,aba
indonesia,indonesia,don
singapura,singapura,apu
gpn,gpn,gpn
diprediksi,diprediks,dik
menekan,mene,mene
laba,laba,aba
mastercard,mastercard,aster
visa,visa,isa
fee,fee,fee
kartu,kartu,kartu
kredit,kredit,edit
keuntungannya,untung,tun
indonesia,indonesia,don
permintaan,perminta,mi
pengecualian,pengecuali,ali
gpn,gpn,gpn
salah,salah,ala
permintaan,perminta,mi
as,as,as
indonesia,indonesia,don
fasilitas,fasilitas,asi
generalized,generalized,ali
system,system,tem
of,of,of
preferences,preferences,es
gsp,gsp,gsp
fasilitas,fasilitas,asi
tarif,tarif,ari
bea,bea,bea
masuk,masuk,asu
rendah,rendah,dah
produk,produk,duk
ekspor,ekspor,eks
indonesia,indonesia,don
as,as,as
fasilitas,fasilitas,asi
ditangguhkan,tangguh,angguh
2022,2022,2022
tempo,tempo,empo
co,co,co
jakarta,jakarta,akar
ekonom,ekonom,ekon
ins,ins,ins
tute,tute,tute
for,for,for
development,development,elo
of,of,of
economics,economics,eco
and,and,and
finance,finance,ina
indef,indef,indef
fadhil,fadhil,fadhil
hasan,hasan,asa
menilai,nila,nila
dampak,dampak,dam
kebijakan,kebija,ebi
tarif,tarif,ari
resiprokal,resiprokal,es
amerika,amerika,erik
serikat,serikat,erik
indonesia,indonesia,don
rela,rela,ela
f,f,f
moderat,moderat,dera
pendapat,pendapat,apa
sisi,sisi,isi
perdagangan,perdagang,aga
impact,impact,impact
mbulkan,mbul,mbul
kebijakan,kebija,ebi
trump,trump,rum
resiprocal,resiprocal,cal
tariff,tariff,ari
perdagangan,perdagang,aga
indonesia,indonesia,don
moderat,moderat,dera
diskusi,diskusi,diskus
publik,publik,lik
waspada,waspada,ada
genderang,genderang,dera
perang,perang,era
dagang,dagang,aga
diadakan,ada,ada
indef,indef,indef
jakarta,jakarta,akar
jumat,jumat,jumat
4,4,4
april,april,april
2025,2025,2025
fadhil,fadhil,fadhil
menyebut,menyebut,menyebut
10,10,10
komoditas,komoditas,kom
ekspor,ekspor,eks
indonesia,indonesia,don
terdampak,terdampak,dam
tarif,tarif,ari
resiprokal,resiprokal,es
as,as,as
dilansir,lansir,lansir
produk,produk,duk
ekspor,ekspor,eks
indonesia,indonesia,don
seper,per,per
teks,teks,eks
l,l,l
garmen,garmen,gar
alas,alas,ala
kaki,kaki,aki
minyak,minyak,mi
sawit,sawit,awi
terkena,terkena,ken
dampak,dampak,dam
kebijakan,kebija,ebi
terkhusus,terkhusus,hus
industri,industri,dus
teks,teks,eks
l,l,l
indonesia,indonesia,don
dikhawa,dikhawa,awa
rkan,r,r
kian,kian,kia
merosot,merosot,merosot
asosiasi,asosiasi,asi
produsen,produsen,dus
serat,serat,era
benang,benang,bena
filament,filament,amen
indonesia,indonesia,don
mencatat,mencatat,cat
60,60,60
perusahaan,perusaha,eru
teks,teks,eks
l,l,l
tutu,tutu,tutu
sisi,sisi,isi
kementerian,menteri,ente
ketenagakerjaan,ketenagakerja,aga
mencatat,mencatat,cat
24,24,24
ribu,ribu,ibu
buruh,buruh,bur
teks,teks,eks
l,l,l
terkena,terkena,ken
pemutusan,pemutus,emut
hubungan,hubung,bun
kerja,kerja,kerja
phk,phk,phk
2024,2024,2024
ikatan,ikat,ikat
pengusaha,pengusaha,gus
konveksi,konveksi,eks
bekarya,karya,arya
memrediksi,memrediks,dik
penutuan,penutu,pen
pabrik,pabrik,pabrik
phk,phk,phk
terungkap,terungkap,eru
perusahaan,perusaha,eru
menengah,menengah,eneng
phk,phk,phk
industri,industri,dus
menengah,menengah,eneng
ikm,ikm,ikm
diperkiran,diperkir,kir
mencapai,mencapa,apa
1,1,1
000,000,000
unit,unit,uni
tenaga,tenaga,aga
kerja,kerja,kerja
kehilangan,hilang,hilang
mata,mata,mat
pencaharian,pencahari,ari
ratusan,ratus,atus
ribu,ribu,ibu
orang,orang,orang
kebijakan,kebija,ebi
diterapkan,terap,era
negara,negara,ara
pesaing,saing,ain
indonesia,indonesia,don
seper,per,per
vietnam,vietnam,vietnam
malaysia,malaysia,ala
thailand,thailand,hai
menilai,nila,nila
dampaknya,dampak,dam
indonesia,indonesia,don
cenderung,cenderung,cenderung
ringan,ringan,inga
vietnam,vietnam,vietnam
malaysia,malaysia,ala
menghadapi,menghadap,ada
level,level,level
tarif,tarif,ari
nggi,ngg,ngg
dibandingkan,banding,ban
indonesia,indonesia,don
amerika,amerika,erik
serikat,serikat,erik
menempa,menempa,menempa
posisi,posisi,isi
mitra,mitra,mi
dagang,dagang,aga
terbesar,terbesar,besar
indonesia,indonesia,don
tiongkok,tiongkok,ion
10,10,10
5,5,5
persen,persen,per
total,total,tal
ekspor,ekspor,eks
indonesia,indonesia,don
pasar,pasar,asa
amerika,amerika,erik
menjadikan,menjadi,adi
negara,negara,ara
salah,salah,ala
tujuan,tuju,tuju
utama,utama,ama
produk,produk,duk
unggulan,unggul,gul
tanah,tanah,ana
air,air,air
indonesia,indonesia,don
berhasil,berhasil,asi
mencatatkan,mencatat,cat
surplus,surplus,lus
perdagangan,perdagang,aga
signifikan,signifikan,ikan
as,as,as
16,16,16
8,8,8
miliar,miliar,ili
dolar,dolar,dol
as,as,as
surplus,surplus,lus
nilai,nilai,ilai
ekspor,ekspor,eks
indonesia,indonesia,don
as,as,as
melebihi,lebih,ebi
nilai,nilai,ilai
impornya,impor,impor
negara,negara,ara
mencerminkan,mencermin,cermin
hubungan,hubung,bun
perdagangan,perdagang,aga
cenderung,cenderung,cenderung
menguntungkan,menguntung,gun
indonesia,indonesia,don
kondisi,kondisi,isi
berpotensi,berpotens,pot
berubah,rubah,bah
presiden,presiden,den
amerika,amerika,erik
serikat,serikat,erik
donald,donald,don
trump,trump,rum
mengumumkan,mengumum,gum
kebijakan,kebija,ebi
terkait,terkait,kait
tarif,tarif,ari
impor,impor,impor
rabu,rabu,abu
2,2,2
april,april,april
2025,2025,2025
pernyataannya,pernyata,nyata
trump,trump,rum
menetapkan,menetap,eta
kenaikan,kenai,ken
tarif,tarif,ari
impor,impor,impor
angka,angka,angka
minimum,minimum,ini
10,10,10
persen,persen,per
berlaku,berla,berla
negara,negara,ara
dunia,dunia,dunia
indonesia,indonesia,don
kebijakan,kebija,ebi
langkah,langkah,angka
diklaim,klaim,klaim
bertujuan,bertuju,tuju
melindungi,lindung,dung
industri,industri,dus
domes,domes,dom
k,k,k
as,as,as
mengurangi,mengurang,rang
ketergantungan,ketergantung,antun
produk,produk,duk
negeri,negeri,neger
da,da,da
ar,ar,ar
negara,negara,ara
negara,negara,ara
terkena,terkena,ken
dampak,dampak,dam
kebijakan,kebija,ebi
indonesia,indonesia,don
menempa,menempa,menempa
urutan,urut,urut
kedelapan,delap,delap
tarif,tarif,ari
dikenakan,kena,ken
mencapai,mencapa,apa
32,32,32
persen,persen,per
tergolong,tergolong,erg
nggi,ngg,ngg
dibandingkan,banding,ban
negara,negara,ara
berpotensi,berpotens,pot
menekan,mene,mene
daya,daya,daya
saing,saing,ain
produk,produk,duk
ekspor,ekspor,eks
indonesia,indonesia,don
pasar,pasar,asa
amerika,amerika,erik
60,60,60
negara,negara,ara
tercantum,tercantum,cantum
da,da,da
ar,ar,ar
penerima,penerima,pen
kebijakan,kebija,ebi
tarif,tarif,ari
dikenai,kena,ken
tarif,tarif,ari
mbal,mbal,bal
besarnya,besar,besar
ditentukan,tentu,tentu
berdasarkan,berdasar,asa
tarif,tarif,ari
kenakan,kena,ken
produk,produk,duk
ekspor,ekspor,eks
as,as,as
kebijakan,kebija,ebi
dianggap,anggap,angga
bentuk,bentuk,bentuk
respons,respons,es
prak,prak,rak
k,k,k
perdagangan,perdagang,aga
pemerintah,pemerin,meri
as,as,as
dinilai,nila,nila
dak,dak,dak
adil,adil,adi
merugikan,rugi,rugi
kepen,pen,pen
ngan,ng,ng
ekonomi,ekonomi,ekon
domes,domes,dom
k,k,k
da,da,da
ar,ar,ar
indonesia,indonesia,don
satunya,satu,sat
negara,negara,ara
asia,asia,asi
tenggara,tenggara,ara
terdampak,terdampak,dam
negara,negara,ara
seper,per,per
malaysia,malaysia,ala
kamboja,kamboja,kam
vietnam,vietnam,vietnam
thailand,thailand,hai
mengalami,mengalam,ala
kenaikan,kenai,ken
tarif,tarif,ari
24,24,24
persen,persen,per
49,49,49
persen,persen,per
46,46,46
persen,persen,per
36,36,36
persen,persen,per
trump,trump,rum
kebijakan,kebija,ebi
tarif,tarif,ari
bertujuan,bertuju,tuju
menciptakan,mencipta,cip
lapangan,lapang,apa
kerja,kerja,kerja
negeri,negeri,neger
pejabat,jabat,aba
pemerintahannya,pemerintah,meri
beranggapan,beranggap,angga
as,as,as
dirugikan,rugi,rugi
negara,negara,ara
prak,prak,rak
k,k,k
perdagangan,perdagang,aga
dianggap,anggap,angga
dak,dak,dak
adil,adil,adi
tarif,tarif,ari
tarif,tarif,ari
diancamkan,ancam,anca
trump,trump,rum
diumumkan,umum,mu
acara,acara,acar
bertajuk,bertajuk,aju
make,make,make
america,america,meri
wealthy,wealthy,wealthy
again,again,aga
digelar,gelar,ela
rose,rose,ose
garden,garden,den
gedung,gedung,dung
pu,pu,pu
h,h,h
beredarnya,beredar,dar
narasi,narasi,ara
operasi,operasi,asi
caesar,caesar,es
ditanggung,tanggung,anggun
badan,badan,ada
penyelenggara,penyelenggara,ara
jaminan,jamin,ami
sosial,sosial,sia
kesehatan,sehat,seh
bpjs,bpjs,bpjs
hamil,hamil,ami
memeriksakan,memeriksa,erik
bpjs,bpjs,bpjs
kehamilan,hamil,ami
memunculkan,muncul,mu
kekhawatiran,khawatir,ati
kalangan,kalang,ala
calon,calon,alon
dokter,dokter,dok
peneliti,penelit,pen
kesehatan,sehat,seh
maternal,maternal,mat
penulis,penulis,lis
menilai,nila,nila
isu,isu,isu
kebingungan,bingung,bin
publik,publik,lik
memanfaatkan,manfaat,man
jaminan,jamin,ami
kesehatan,sehat,seh
bpjs,bpjs,bpjs
meluncurkan,luncur,cur
jaminan,jamin,ami
kesehatan,sehat,seh
nasional,nasional,asi
jkn,jkn,jkn
2014,2014,2014
akses,akses,akses
masyarakat,masyarakat,ara
pelayanan,layan,ayan
kesehatan,sehat,seh
persalinan,persalin,ali
meningkat,meningkat,meni
drastis,drastis,drastis
studi,studi,studi
pertumbuhan,pertumbuh,per
signifikan,signifikan,ikan
persalinan,persalin,ali
ditangani,tangan,angan
tenaga,tenaga,aga
kesehatan,sehat,seh
fasilitas,fasilitas,asi
pelayanan,layan,ayan
penyempitan,penyempit,pen
kesenjangan,senjang,sen
akses,akses,akses
antarkelompok,antarkelompok,anta
sosioekonomi,sosioekonom,ekon
hamil,hamil,ami
perdesaan,perdesa,desa
wilayah,wilayah,ayah
kebijakan,kebija,ebi
penyelamat,penyelamat,ama
memperoleh,memperoleh,emper
pertolongan,pertolong,long
medis,medis,medis
luasnya,luas,luas
cakupan,cakup,aku
jkn,jkn,jkn
memunculkan,muncul,mu
konsekuensi,konsekuensi,konsekuen
terduga,terduga,duga
masyarakat,masyarakat,ara
kali,kali,ali
menganggap,menganggap,angga
bpjs,bpjs,bpjs
berlaku,berla,berla
otomatis,otomatis,ati
tindakan,tinda,tin
memperhatikan,memperhati,ati
ketentuan,tentu,tentu
indikasi,indikasi,asi
fenomena,fenomena,enom
media,media,dia
sosial,sosial,sia
hamil,hamil,ami
memilih,memilih,ili
kontrol,kontrol,kontrol
kehamilan,hamil,ami
biaya,biaya,biaya
mandiri,mandiri,diri
klinik,klinik,ini
dokter,dokter,dok
pilihan,pilih,ili
persalinan,persalin,ali
caesar,caesar,es
mengandalkan,mengandal,anda
bpjs,bpjs,bpjs
perspektif,perspektif,pek
hak,hak,hak
pasien,pasien,asi
berhak,berhak,hak
menentukan,menentu,menentu
persalinan,persalin,ali
dirasa,rasa,asa
terbaik,terbaik,baik
perspektif,perspektif,pek
sistem,sistem,sis
kesehatan,sehat,seh
pembiayaan,pembiaya,biaya
dana,dana,ana
publik,publik,lik
semestinya,semest,es
mempertimbangkan,mempertimbang,ban
efisiensi,efisiensi,efisien
indikasi,indikasi,asi
medis,medis,medis
medis,medis,medis
operasi,operasi,asi
caesar,caesar,es
menyelamatkan,menyelamat,ama
nyawa,nyawa,awa
komplikasi,komplikasi,asi
serius,serius,seri
kelainan,lain,ain
letak,letak,eta
janin,janin,ani
plasenta,plasenta,las
previa,previa,via
preeklamsia,preeklamsia,lam
berat,berat,bera
ketuban,ketuban,ban
pecah,pecah,cah
overuse,overuse,eru
penggunaan,pengguna,gun
indikasi,indikasi,asi
medis,medis,medis
who,who,who
merekomendasikan,rekomendasi,asi
idealnya,ideal,ide
angka,angka,angka
persalinan,persalin,ali
caesar,caesar,es
berkisar,berkisar,isa
10,10,10
15,15,15
persen,persen,per
total,total,tal
persalinan,persalin,ali
melebihi,lebih,ebi
batas,batas,atas
menurunkan,menurun,menu
angka,angka,angka
kematian,mati,ati
bayi,bayi,bayi
signifikan,signifikan,ikan
indonesia,indonesia,don
tren,tren,tren
operasi,operasi,asi
caesar,caesar,es
meningkat,meningkat,meni
signifikan,signifikan,ikan
menyentuh,menyentuh,yen
18,18,18
5,5,5
persen,persen,per
2017,2017,2017
jakarta,jakarta,akar
mencapai,mencapa,apa
31,31,31
1,1,1
persen,persen,per
survei,survei,survei
demografi,demografi,demo
kesehatan,sehat,seh
indonesia,indonesia,don
angka,angka,angka
caesar,caesar,es
cenderung,cenderung,cenderung
kalangan,kalang,ala
berpendidikan,berpendidi,pen
berstatus,berstatus,atus
ekonomi,ekonomi,ekon
tinggal,tinggal,tin
perkotaan,perkota,kota
operasi,operasi,asi
caesar,caesar,es
memiliki,milik,ili
risiko,risiko,isi
indikasi,indikasi,asi
membahayakan,membahaya,bah
keselamatan,selamat,ama
bayi,bayi,bayi
dasarnya,dasar,asa
kebijakan,kebija,ebi
diterapkan,terap,era
negara,negara,ara
thailand,thailand,hai
universal,universal,sal
coverage,coverage,era
scheme,scheme,hem
ucs,ucs,ucs
menanggung,menanggung,anggun
biaya,biaya,biaya
caesar,caesar,es
terindikasi,terindikas,dik
medis,medis,medis
singapura,singapura,apu
medishield,medishield,medis
life,life,life
menanggung,menanggung,anggun
caesar,caesar,es
kecuali,kecuali,ali
penulis,penulis,lis
menyebut,menyebut,menyebut
peraturan,peratur,atur
adil,adil,adi
definisi,definisi,definisi
indikasi,indikasi,asi
medis,medis,medis
kerap,kerap,era
area,area,are
abu,abu,abu
abu,abu,abu
dokter,dokter,dok
tenaga,tenaga,aga
kesehatan,sehat,seh
risiko,risiko,isi
manfaat,manfaat,man
metode,metode,metode
persalinan,persalin,ali
transparan,transparan,ara
hamil,hamil,ami
memahami,memaham,ham
hak,hak,hak
kewajibannya,wajib,aji
peserta,serta,serta
bpjs,bpjs,bpjs
sudut,sudut,sudu
pandang,pandang,anda
sistem,sistem,sis
kesehatan,sehat,seh
operasi,operasi,asi
caesar,caesar,es
tergolong,tergolong,erg
mahal,mahal,hal
menyita,menyita,nyi
sumber,sumber,sum
daya,daya,daya
berdasarkan,berdasar,asa
data,data,data
bpjs,bpjs,bpjs
tindakan,tinda,tin
salah,salah,ala
pos,pos,pos
pengeluaran,pengeluar,elu
terbesar,terbesar,besar
meningkat,meningkat,meni
2019,2019,2019
36,36,36
persen,persen,per
persalinan,persalin,ali
ditanggung,tanggung,anggun
bpjs,bpjs,bpjs
caesar,caesar,es
fenomena,fenomena,enom
melonjaknya,lonjak,lonjak
angka,angka,angka
caesar,caesar,es
indikasi,indikasi,asi
menggambarkan,menggambar,ambar
tantangan,tantang,anta
moral,moral,moral
hazard,hazard,hazard
peserta,serta,serta
bebas,bebas,bas
prosedur,prosedur,dur
berbiaya,berbiaya,biaya
dianggap,anggap,angga
gratis,gratis,ati
dana,dana,ana
jkn,jkn,jkn
berasal,berasal,asa
kontribusi,kontribusi,bus
idealnya,ideal,ide
dimanfaatkan,manfaat,man
optimal,optimal,mal
pembuat,pembuat,bua
kebijakan,kebija,ebi
menegakkan,menegak,menegak
standar,standar,anda
indikasi,indikasi,asi
medis,medis,medis
ketat,ketat,eta
angka,angka,angka
caesar,caesar,es
ditanggung,tanggung,anggun
bpjs,bpjs,bpjs
membengkak,membengkak,bengkak
bpjs,bpjs,bpjs
terancam,rancam,anca
defisit,defisit,defisit
berdampak,berdampak,dam
kualitas,kualitas,ali
layanan,layan,ayan
penulis,penulis,lis
memahami,memaham,ham
keputusan,putus,putu
persalinan,persalin,ali
perkara,perkara,ara
medis,medis,medis
aman,aman,ama
kenyamanan,nyaman,ama
keyakinan,yakin,aki
pribadi,pribadi,adi
ditempatkan,tempat,empat
konteks,konteks,eks
kepentingan,penting,pen
publik,publik,lik
memperhatikan,memperhati,ati
keberlanjutan,keberlanjut,anju
program,program,gram
jkn,jkn,jkn
anggaran,anggar,angga
habis,habis,abis
tersedot,tersedot,dot
pos,pos,pos
sepenuhnya,sepenuh,pen
akses,akses,akses
layanan,layan,ayan
hamil,hamil,ami
berisiko,risiko,isi
daerah,daerah,daerah
tertinggal,tertinggal,erti
terganggu,terganggu,erg
kebijakan,kebija,ebi
dirumuskan,rumus,mu
memenuhi,memenuh,mem
hak,hak,hak
individual,individual,dua
menjaga,menjaga,aga
asas,asas,asa
gotong,gotong,got
royong,royong,ong
penulis,penulis,lis
menyarankan,menyaran,ara
mengubah,mengubah,bah
narasi,narasi,ara
terkait,terkait,kait
persalinan,persalin,ali
edukasi,edukasi,asi
memadai,mada,ada
masyarakat,masyarakat,ara
menganggap,menganggap,angga
caesar,caesar,es
pilihan,pilih,ili
risiko,risiko,isi
promosi,promosi,mosi
kesehatan,sehat,seh
menumbuhkan,menumbuh,menu
pemahaman,pemaham,ham
persalinan,persalin,ali
normal,normal,mal
kali,kali,ali
aman,aman,ama
murah,murah,mu
pemulihannya,pemulih,mu
cepat,cepat,cepat
komplikasi,komplikasi,asi
fasilitas,fasilitas,asi
kesehatan,sehat,seh
tingkat,tingkat,tin
fktp,fktp,fktp
garda,garda,gar
terdepan,terdep,ter
hamil,hamil,ami
fktp,fktp,fktp
beroperasi,beroperas,era
24,24,24
jam,jam,jam
kekurangan,kurang,kur
alat,alat,ala
tenaga,tenaga,aga
medis,medis,medis
siaga,siaga,aga
akibatnya,akibat,aki
masyarakat,masyarakat,ara
cenderung,cenderung,cenderung
merujuk,rujuk,rujuk
rumah,rumah,mah
sakit,sakit,aki
opsi,opsi,opsi
caesar,caesar,es
mudah,mudah,dah
diambil,ambil,ambi
peserta,serta,serta
bpjs,bpjs,bpjs
penguatan,penguat,gua
infrastruktur,infrastruktur,infrastruktur
kualitas,kualitas,ali
fktp,fktp,fktp
ketiga,tiga,iga
transparansi,transparansi,ara
biaya,biaya,biaya
prosedur,prosedur,dur
bpjs,bpjs,bpjs
pasien,pasien,asi
ditingkatkan,tingkat,tin
masyarakat,masyarakat,ara
memahami,memaham,ham
konsekuensi,konsekuensi,konsekuen
finansial,finansial,finansial
kesehatan,sehat,seh
pilihan,pilih,ili
memahami,memaham,ham
prosedur,prosedur,dur
rujukan,ruju,uju
jkn,jkn,jkn
pemeriksaan,pemeriksa,erik
rutin,rutin,rutin
fktp,fktp,fktp
formalitas,formalitas,ali
sarana,sarana,ana
deteksi,deteksi,deteksi
komplikasi,komplikasi,asi
pemeriksaan,pemeriksa,erik
data,data,data
indikasi,indikasi,asi
medis,medis,medis
terpantau,terpantau,anta
memicu,memicu,mem
kesimpangsiuran,kesimpangsiur,es
ditanggung,tanggung,anggun
tidaknya,tidak,ida
operasi,operasi,asi
caesar,caesar,es
komunikasi,komunikasi,asi
efektif,efektif,efek
bpjs,bpjs,bpjs
tenaga,tenaga,aga
medis,medis,medis
kunci,kunci,kunci
edukasi,edukasi,asi
komprehensif,komprehensif,ehe
calon,calon,alon
kontrol,kontrol,kontrol
kehamilan,hamil,ami
bijak,bijak,bijak
caesar,caesar,es
sesuai,sesuai,es
indikasi,indikasi,asi
medis,medis,medis
sah,sah,sah
tren,tren,tren
penggunaan,pengguna,gun
caesar,caesar,es
indikasi,indikasi,asi
medis,medis,medis
dibiarkan,biar,biar
keseimbangan,keseimbang,ban
dana,dana,ana
jaminan,jamin,ami
kesehatan,sehat,seh
melindungi,lindung,dung
masyarakat,masyarakat,ara
terganggu,terganggu,erg
pemangku,mang,man
kepentingan,penting,pen
pemerintah,pemerin,meri
penyedia,penyedia,dia
layanan,layan,ayan
peserta,serta,serta
bersinergi,bersinerg,bersin
keberlangsungan,keberlangsung,angsu
jkn,jkn,jkn
kesehatan,sehat,seh
anak,anak,ana
indonesia,indonesia,don
komisi,komisi,isi
iii,ii,ii
dpr,dpr,dpr
mengundang,mengundang,dan
mantan,mantan,anta
pemain,main,ain
sirkus,sirkus,kus
oriental,oriental,orien
circus,circus,cir
indonesia,indonesia,don
oci,oc,oc
audiensi,audiensi,audiensi
rapat,rapat,apa
dengar,dengar,den
pendapat,pendapat,apa
rdpu,rdpu,rdpu
mantan,mantan,anta
pekerja,kerja,kerja
sirkus,sirkus,kus
mengaku,menga,menga
dieksploitasi,dieksploitas,eks
mengalami,mengalam,ala
pelanggaran,langgar,angga
hak,hak,hak
asasi,asasi,asa
manusia,manusia,anu
pengelola,pengelola,elo
oci,oc,oc
taman,taman,ama
safari,safari,ari
1970,1970,1970
an,an,an
anggota,anggota,anggota
komisi,komisi,isi
iii,ii,ii
dpr,dpr,dpr
abdullah,abdul,abdu
audiensi,audiensi,audiensi
digelar,gelar,ela
siang,siang,sia
jam,jam,jam
14,14,14
00,00,00
wib,wib,wib
rencananya,rencana,ana
abdullah,abdul,abdu
dihubungi,hubung,bun
senin,senin,sen
21,21,21
april,april,april
2025,2025,2025
abdullah,abdul,abdu
rdpu,rdpu,rdpu
digelar,gelar,ela
terbuka,terbuka,buk
tertutup,tertutup,ter
terbuka,terbuka,buk
tertutup,tertutup,ter
tergantung,tergantung,antun
kesepakatan,sepakat,epak
forum,forum,forum
rapat,rapat,apa
politikus,politikus,itik
partai,partai,arta
kebangkitan,bangkit,angkit
bangsa,bangsa,angsa
pkb,pkb,pkb
menyebut,menyebut,menyebut
audiensi,audiensi,audiensi
dihadiri,hadir,adi
pengelola,pengelola,elo
oci,oc,oc
aktif,aktif,aktif
adapula,adapula,ada
aparat,aparat,apa
penegak,penegak,pen
hukum,hukum,hukum
berpartisipasi,berpartisipas,arti
audiensi,audiensi,audiensi
direktur,direktur,direk
kriminal,kriminal,ina
polda,polda,pol
jawa,jawa,awa
barat,barat,ara
panggil,panggil,pan
gus,gus,gus
abduh,abduh,abdu
sapaan,sapa,apa
abdullah,abdul,abdu
rencana,rencana,ana
rdpu,rdpu,rdpu
eks,eks,eks
pekerja,kerja,kerja
sirkus,sirkus,kus
ketua,ketua,ketu
komisi,komisi,isi
iii,ii,ii
habiburokhman,habiburokhm,bur
habiburokhman,habiburokhm,bur
berkomunikasi,berkomunikas,berko
langsung,langsung,angsu
kuasa,kuasa,asa
hukum,hukum,hukum
pemain,main,ain
sirkus,sirkus,kus
bernama,bernama,ama
muhammad,muhammad,ham
sholeh,sholeh,hol
senin,senin,sen
panggil,panggil,pan
rdpu,rdpu,rdpu
habiburokhman,habiburokhm,bur
kompleks,kompleks,eks
parlemen,parlemen,lem
jakarta,jakarta,akar
kamis,kamis,ami
17,17,17
april,april,april
2025,2025,2025
habiburokhman,habiburokhm,bur
kehadiran,hadir,adi
korban,korban,ban
mengaku,menga,menga
dieksploitasi,dieksploitas,eks
prioritas,prioritas,prioritas
didengarkan,dengar,den
mendorong,mendorong,dor
ditindaklanjuti,ditindaklanjut,anju
jenis,jenis,jenis
pelanggaran,langgar,angga
hukum,hukum,hukum
orang,orang,orang
diselesaikan,selesai,es
bertanggung,bertanggung,anggun
dikenakan,kena,ken
hukuman,hukum,hukum
berat,berat,bera
politikus,politikus,itik
partai,partai,arta
gerindra,gerindra,indra
mantan,mantan,anta
pekerja,kerja,kerja
sirkus,sirkus,kus
oriental,oriental,orien
circus,circus,cir
indonesia,indonesia,don
oci,oc,oc
mengadukan,mengadu,adu
dugaan,duga,duga
eksploitasi,eksploitasi,asi
pelanggaran,langgar,angga
hak,hak,hak
asasi,asasi,asa
manusia,manusia,anu
kementerian,menteri,ente
hak,hak,hak
asasi,asasi,asa
manusia,manusia,anu
ham,ham,ham
jakarta,jakarta,akar
selatan,selatan,ela
selasa,selasa,asa
15,15,15
april,april,april
2025,2025,2025
tindak,tindak,tin
kekerasan,keras,era
perbudakan,perbuda,per
eksploitasi,eksploitasi,asi
anak,anak,ana
mantan,mantan,anta
pekerja,kerja,kerja
diduga,duga,duga
1970,1970,1970
an,an,an
pemilik,milik,ili
oci,oc,oc
taman,taman,ama
safari,safari,ari
indonesia,indonesia,don
delapan,delapan,apa
orang,orang,orang
perwakilan,perwakil,aki
korban,korban,ban
hadir,hadir,adi
perempuan,perempuan,empu
paruh,paruh,aru
baya,baya,baya
menceritakan,mencerita,ceri
kronologi,kronologi,kronologi
dipekerjakan,dipekerja,kerja
anak,anak,ana
anak,anak,ana
pemain,main,ain
sirkus,sirkus,kus
oci,oc,oc
mengaku,menga,menga
mengalami,mengalam,ala
bentuk,bentuk,bentuk
penyiksaan,penyiksa,nyi
dipukul,pukul,pukul
disetrum,setrum,rum
dipaksa,paksa,aksa
kondisi,kondisi,isi
sakit,sakit,aki
dipisahkan,pisah,isa
anaknya,anak,ana
dipaksa,paksa,aksa
makan,makan,akan
kotoran,kotor,kotor
hewan,hewan,ewa
wakil,wakil,aki
menteri,menteri,ente
ham,ham,ham
mugiyanto,mugiyanto,iya
pelanggaran,langgar,angga
ham,ham,ham
cerita,cerita,ceri
korban,korban,ban
perbudakan,perbuda,per
penyiksaan,penyiksa,nyi
pelanggaran,langgar,angga
hak,hak,hak
aman,aman,ama
hak,hak,hak
pendidikan,pendidi,pen
hak,hak,hak
identitas,identitas,den
hadapan,hadap,ada
korban,korban,ban
pendamping,pendamping,dam
korban,korban,ban
wartawan,wartaw,arta
kementerian,menteri,ente
ham,ham,ham
mengambil,mengambil,ambi
langkah,langkah,angka
kejadian,jadi,adi
kejadian,jadi,adi
terulang,terulang,eru
mugiyanto,mugiyanto,iya
kementeriannya,menteri,ente
berkoordinasi,berkoordinas,berko
kementerian,menteri,ente
lembaga,lembaga,aga
menindaklanjuti,menindaklanjut,anju
komisaris,komisaris,ari
taman,taman,ama
safari,safari,ari
indonesia,indonesia,don
pelatih,latih,ati
satwa,satwa,sat
oriental,oriental,orien
circus,circus,cir
indonesia,indonesia,don
oci,oc,oc
tony,tony,ton
sumampouw,sumampouw,ampo
membantah,memb,mem
perusahaannya,perusaha,eru
mengeksploitasi,mengeksploitas,eks
pekerja,kerja,kerja
sirkus,sirkus,kus
oci,oc,oc
mengada,mengada,ada
tony,tony,ton
dihubungi,hubung,bun
pesan,pesan,es
whatsapp,whatsapp,sap
selasa,selasa,asa
15,15,15
april,april,april
2025,2025,2025
berbicara,berbicara,ara
media,media,dia
arus,arus,aru
utama,utama,ama
mainstream,mainstream,ain
perhatian,perhati,ati
mesti,mesti,es
beralih,beralih,ali
media,media,dia
konvensional,konvensional,ion
televisi,televisi,isi
koran,koran,kor
majalah,majalah,aja
radio,radio,adi
mempertimbangkan,mempertimbang,ban
kekuatan,kuat,kuat
ekonomi,ekonomi,ekon
pengaruh,pengaruh,aru
masyarakat,masyarakat,ara
media,media,dia
arus,arus,aru
utama,utama,ama
media,media,dia
medsos,medsos,medsos
mesin,mesin,es
pencari,pencar,pen
e,e,e
commerce,commerce,om
konteks,konteks,eks
studi,studi,studi
ekonomi,ekonomi,ekon
politik,politik,itik
media,media,dia
kian,kian,kia
memperhitungkan,memperhitung,emper
keberadaan,keberada,ada
raksasa,raksasa,aksa
digital,digital,digit
google,google,google
facebook,facebook,facebook
amazon,amazon,ama
microsoft,microsoft,mi
kekuatan,kuat,kuat
utama,utama,ama
kontestasi,kontestas,es
media,media,dia
global,global,bal
mengambil,mengambil,ambi
keuntungan,untung,tun
proses,proses,es
revolusi,revolusi,evolusi
digital,digital,digit
penetrasi,penetrasi,asi
bisnisnya,bisnis,bis
melampaui,lampau,lam
batas,batas,atas
geografis,geografis,geografi
cepat,cepat,cepat
mengubah,mengubah,bah
konstelasi,konstelasi,asi
media,media,dia
global,global,bal
regional,regional,ion
nasional,nasional,asi
perkembangan,perkembang,ban
pesat,pesat,es
media,media,dia
guncangan,guncang,cang
serius,serius,seri
daya,daya,daya
hidup,hidup,dup
media,media,dia
indikasi,indikasi,asi
penurunan,penurun,nur
performa,performa,forma
industri,industri,dus
surat,surat,rat
kabar,kabar,aba
jatuhnya,jatuh,jatuh
harga,harga,harga
saham,saham,ham
perusahaan,perusaha,eru
surat,surat,rat
kabar,kabar,aba
menurunnya,menurun,menu
pembaca,pembaca,baca
merosotnya,merosot,merosot
pendapatan,pendapat,apa
iklan,iklan,iklan
surutnya,surut,surut
sirkulasi,sirkulasi,asi
menerus,menerus,eru
berita,berita,beri
surat,surat,rat
kabar,kabar,aba
terpaksa,terpaksa,aksa
gulung,gulung,gul
tikar,tikar,tik
perampingan,ramping,pin
mengurangi,mengurang,rang
frekuensi,frekuensi,frekuen
volume,volume,lum
terbitan,terbit,bit
terdengar,terdengar,den
penjuru,penjuru,juru
dunia,dunia,dunia
sisi,sisi,isi
pendapatan,pendapat,apa
iklan,iklan,iklan
khalayak,khalayak,ala
radio,radio,adi
tv,tv,tv
mengalami,mengalam,ala
tren,tren,tren
penurunan,penurun,nur
indonesia,indonesia,don
terlepas,terlepas,lepa
tren,tren,tren
global,global,bal
mendasar,mendasar,asa
mendasar,mendasar,asa
media,media,dia
konvensional,konvensional,ion
surut,surut,surut
perkembangan,perkembang,ban
media,media,dia
digital,digital,digit
digarisbawahi,digarisbawah,ari
media,media,dia
digital,digital,digit
berkembang,berkembang,ban
pesat,pesat,es
mengambil,mengambil,ambi
surplus,surplus,lus
ekonomi,ekonomi,ekon
dinikmati,nikmat,mat
media,media,dia
konvensional,konvensional,ion
media,media,dia
digital,digital,digit
global,global,bal
media,media,dia
jurnalistik,jurnalistik,ali
web,web,web
mesin,mesin,es
pencari,pencar,pen
medsos,medsos,medsos
e,e,e
commerce,commerce,om
aras,aras,ara
pengambilalihan,pengambilalih,ali
surplus,surplus,lus
ekonomi,ekonomi,ekon
media,media,dia
konvensional,konvensional,ion
nasional,nasional,asi
media,media,dia
digital,digital,digit
global,global,bal
berciri,bercir,cir
nonjurnalistik,nonjurnalistik,ali
perubahan,rubah,bah
lanskap,lanskap,kap
komunikasi,komunikasi,asi
informasi,informasi,asi
menciptakan,mencipta,cip
iklim,iklim,iklim
persaingan,persaing,ain
media,media,dia
timpang,timpang,pan
google,google,google
facebook,facebook,facebook
twitter,twitter,ter
baidu,baidu,baid
yahoo,yahoo,aho
sesungguhnya,sungguh,sun
perusahaan,perusaha,eru
media,media,dia
teknologi,teknologi,log
model,model,mode
hubungan,hubung,bun
khalayak,khalayak,ala
dikembangkan,kembang,ban
berbeda,berbeda,beda
posisi,posisi,isi
media,media,dia
sesungguhnya,sungguh,sun
media,media,dia
dualitas,dualitas,ali
institusi,institusi,institusi
sosial,sosial,sia
melayani,layan,ayan
masyarakat,masyarakat,ara
informasi,informasi,asi
komunikasi,komunikasi,asi
institusi,institusi,institusi
bisnis,bisnis,bis
motif,motif,motif
utamanya,utama,ama
keuntungan,untung,tun
ekonomi,ekonomi,ekon
perusahaan,perusaha,eru
media,media,dia
proses,proses,es
komodifikasi,komodifikas,kas
informasi,informasi,asi
meraih,raih,rai
keuntungan,untung,tun
pendapatan,pendapat,apa
iklan,iklan,iklan
praktiknya,praktik,praktik
media,media,dia
sepenuhnya,sepenuh,pen
diperlakukan,diperlaku,aku
subyek,subyek,sub
hukum,hukum,hukum
perusahaan,perusaha,eru
media,media,dia
hadir,hadir,adi
kekuatan,kuat,kuat
pengaruh,pengaruh,aru
langsung,langsung,angsu
memengaruhi,memengaruh,aru
daya,daya,daya
hidup,hidup,dup
media,media,dia
mengalami,mengalam,ala
pelembagaan,lembaga,aga
rupa,rupa,rupa
konteks,konteks,eks
tercipta,tercipta,cip
iklim,iklim,iklim
persaingan,persaing,ain
timpang,timpang,pan
media,media,dia
bergerak,bergerak,era
aturan,atur,atur
batasan,batas,atas
larangan,larang,ara
media,media,dia
beroperasi,beroperas,era
aturan,atur,atur
batasan,batas,atas
ketiga,tiga,iga
media,media,dia
menggantikan,mengganti,anti
kedudukan,kedudu,udu
fungsi,fungsi,fungsi
media,media,dia
ruang,ruang,rua
publik,publik,lik
beradab,beradab,ada
mengesampingkan,mengesamping,es
peranan,peran,era
demokratisnya,demokratis,ati
medsos,medsos,medsos
berkembang,berkembang,ban
forum,forum,forum
diskusi,diskusi,diskus
mengesampingkan,mengesamping,es
kepantasan,pantas,anta
ruang,ruang,rua
publik,publik,lik
etika,etika,etik
komunikasi,komunikasi,asi
medsos,medsos,medsos
berkembang,berkembang,ban
sarana,sarana,ana
artikulasi,artikulasi,arti
kebebasan,bebas,bas
sarana,sarana,ana
menuangkan,menuang,menu
sikap,sikap,kap
acuh,acuh,acu
acuh,acuh,acu
prasangka,prasangka,angka
buruk,buruk,bur
kebencian,benci,benci
perwujudan,perwujud,per
ruang,ruang,rua
publik,publik,lik
beretika,beretika,beret
beradab,beradab,ada
kedudukan,kedudu,udu
media,media,dia
konvensional,konvensional,ion
tergantikan,terganti,anti
arti,arti,arti
media,media,dia
konvensional,konvensional,ion
kelemahan,lemah,lem
kelemahan,lemah,lem
kelemahan,lemah,lem
dikontrol,kontrol,kontrol
sistem,sistem,sis
terlembaga,terlembaga,aga
sistem,sistem,sis
hukum,hukum,hukum
etika,etika,etik
mengantisipasi,mengantisipas,anti
mengendalikan,mengendali,ali
praktik,praktik,praktik
kebebasan,bebas,bas
media,media,dia
konvensional,konvensional,ion
antisipasi,antisipasi,anti
pengendalian,pengendali,ali
penerapan,penerap,era
etika,etika,etik
komunikasi,komunikasi,asi
medsos,medsos,medsos
sulit,sulit,suli
terbentur,terbentur,bentur
anonimitas,anonimitas,anonim
ambiguitas,ambiguitas,ambi
posisi,posisi,isi
ruang,ruang,rua
publik,publik,lik
ruang,ruang,rua
privat,privat,privat
ambivalensi,ambivalensi,ambi
komunikasi,komunikasi,asi
massa,massa,mas
komunikasi,komunikasi,asi
interpersonal,interpersonal,nal
sifat,sifat,sif
media,media,dia
berbasis,berbasis,asi
internet,internet,intern
berkarakter,berkarakter,ara
transnasional,transnasional,asi
borderless,borderless,bor
fungsi,fungsi,fungsi
medsos,medsos,medsos
ruang,ruang,rua
komunikasi,komunikasi,asi
mengalami,mengalam,ala
pelembagaan,lembaga,aga
tuntas,tuntas,tas
pajak,pajak,aja
pengelola,pengelola,elo
medsos,medsos,medsos
diterapkan,terap,era
sepenuhnya,sepenuh,pen
pengelola,pengelola,elo
medsos,medsos,medsos
imunitas,imunitas,imun
sengketa,sengketa,eta
penyebaran,penyebar,bar
hoaks,hoaks,hoaks
medsos,medsos,medsos
proteksi,proteksi,eks
negara,negara,ara
bertolak,bertolak,lak
kenyataan,nyata,nyata
mempertahankan,mempertahan,emper
eksistensi,eksistensi,eks
media,media,dia
konvensional,konvensional,ion
media,media,dia
jurnalistik,jurnalistik,ali
semestinya,semest,es
prioritas,prioritas,prioritas
keberadaan,keberada,ada
pers,pers,per
kekuatan,kuat,kuat
keempat,empat,empat
demokrasi,demokrasi,asi
relevan,relevan,rel
mendesak,mendesak,desa
diselamatkan,selamat,ama
derasnya,deras,dera
arus,arus,aru
hoaks,hoaks,hoaks
medsos,medsos,medsos
masyarakat,masyarakat,ara
butuh,butuh,butuh
pers,pers,per
profesional,profesional,es
beretika,beretika,beret
hoaks,hoaks,hoaks
mesti,mesti,es
dilawan,dilaw,dil
informasi,informasi,asi
proporsional,proporsional,ion
bertanggung,bertanggung,anggun
pers,pers,per
profesional,profesional,es
diharapkan,harap,ara
medsos,medsos,medsos
mengingkari,mengingkar,gin
kelemahan,lemah,lem
pers,pers,per
profesional,profesional,es
terkait,terkait,kait
penegakan,penega,pen
etika,etika,etik
jurnalistik,jurnalistik,ali
mempertahankan,mempertahan,emper
eksistensi,eksistensi,eks
pers,pers,per
media,media,dia
massa,massa,mas
konvensional,konvensional,ion
strategis,strategis,rat
konteks,konteks,eks
demokratisasi,demokratisasi,asi
perwujudan,perwujud,per
ruang,ruang,rua
publik,publik,lik
beradab,beradab,ada
mempertahankan,mempertahan,emper
eksistensi,eksistensi,eks
media,media,dia
jurnalistik,jurnalistik,ali
memiliki,milik,ili
makna,makna,makna
resiprokral,resiprokral,es
sisi,sisi,isi
media,media,dia
jurnalistik,jurnalistik,ali
dituntut,tuntut,tun
menyesuaikan,menyesuai,es
perubahan,rubah,bah
perilaku,perilaku,aku
masyarakat,masyarakat,ara
kian,kian,kia
terpola,terpola,pol
mengakses,mengakses,akses
informasi,informasi,asi
digital,digital,digit
problem,problem,lem
masyarakat,masyarakat,ara
kekurangan,kurang,kur
informasi,informasi,asi
kelimpahruahan,kelimpahruah,keli
informasi,informasi,asi
media,media,dia
jurnalistik,jurnalistik,ali
mempertahankan,mempertahan,emper
standar,standar,anda
jurnalisme,jurnalisme,ali
baku,baku,aku
mengikuti,mengikut,ikut
mode,mode,mode
penyajian,penyaji,aji
informasi,informasi,asi
serba,serba,serba
instan,instan,instan
cepat,cepat,cepat
memperhatikan,memperhati,ati
akurasi,akurasi,aku
kelayakan,kelaya,ela
ruang,ruang,rua
publik,publik,lik
media,media,dia
jurnalistik,jurnalistik,ali
masuk,masuk,asu
habitat,habitat,bit
kompetitornya,kompetitor,kom
medsos,medsos,medsos
semestinya,semest,es
media,media,dia
jurnalistik,jurnalistik,ali
menampilkan,menampil,enam
medsos,medsos,medsos
hoaks,hoaks,hoaks
mesti,mesti,es
dilawan,dilaw,dil
jurnalisme,jurnalisme,ali
beradab,beradab,ada
mencerahkan,mencerah,cerah
masyarakat,masyarakat,ara
negara,negara,ara
mesti,mesti,es
hadir,hadir,adi
proteksi,proteksi,eks
proteksi,proteksi,eks
arti,arti,arti
rigid,rigid,rigid
komitmen,komitmen,kom
menciptakan,mencipta,cip
iklim,iklim,iklim
bisnis,bisnis,bis
media,media,dia
sehat,sehat,seh
perlakuan,perlaku,aku
khusus,khusus,hus
perusahaan,perusaha,eru
medsos,medsos,medsos
mesin,mesin,es
pencari,pencar,pen
e,e,e
commerce,commerce,om
asing,asing,asi
memperlakukan,memperlaku,aku
layaknya,layak,ayak
perusahaan,perusaha,eru
media,media,dia
perusahaan,perusaha,eru
media,media,dia
mesti,mesti,es
bayar,bayar,ayar
pajak,pajak,aja
perusahaan,perusaha,eru
media,media,dia
asing,asing,asi
bayar,bayar,ayar
pajak,pajak,aja
perusahaan,perusaha,eru
media,media,dia
nasional,nasional,asi
mesti,mesti,es
membayar,membayar,ayar
royalti,royalti,royal
hak,hak,hak
cipta,cipta,cip
konten,konten,konte
media,media,dia
semestinya,semest,es
perusahaan,perusaha,eru
asing,asing,asi
membayar,membayar,ayar
memanfaatkan,manfaat,man
konten,konten,konte
media,media,dia
nasional,nasional,asi
perusahaan,perusaha,eru
media,media,dia
berbadan,berbad,bad
hukum,hukum,hukum
indonesia,indonesia,don
syarat,syarat,ara
menjalankan,menjalan,ala
bisnis,bisnis,bis
media,media,dia
berlaku,berla,berla
perusahaan,perusaha,eru
media,media,dia
asing,asing,asi
mempertahankan,mempertahan,emper
eksistensi,eksistensi,eks
media,media,dia
massa,massa,mas
nasional,nasional,asi
pengertian,pengerti,erti
menciptakan,mencipta,cip
iklim,iklim,iklim
persaingan,persaing,ain
usaha,usaha,sah
seimbang,imbang,ban
sehat,sehat,seh
negara,negara,ara
peserta,serta,serta
konferensi,konferensi,konferensi
asia,asia,asi
afrika,afrika,afrika
1955,1955,1955
sikap,sikap,kap
tunduk,tunduk,duk
polarisasi,polarisasi,ari
perang,perang,era
dingin,dingin,din
memilih,memilih,ili
netralitas,netralitas,ali
strategi,strategi,rat
mempertahankan,mempertahan,emper
kedaulatan,daulat,aula
netralitas,netralitas,ali
bentuk,bentuk,bentuk
resistensi,resistens,es
logika,logika,log
dominasi,dominasi,asi
pelarian,lari,ari
tanggung,tanggung,anggun
sejarah,sejarah,ara
lahir,lahir,lah
tekad,tekad,ekad
berdiri,berdir,berdir
subyek,subyek,sub
politik,politik,itik
tatanan,tatanan,ana
dunia,dunia,dunia
dibelah,dibe,dibe
blok,blok,blok
kekuasaan,kuasa,asa
dunia,dunia,dunia
berubah,rubah,bah
polarisasi,polarisasi,ari
ideologis,ideologis,ide
memudar,memudar,dar
struktur,struktur,struktur
kekuasaan,kuasa,asa
global,global,bal
runtuh,runtuh,runtuh
menyaksikan,menyaksi,aksi
transformasi,transformasi,asi
dunia,dunia,dunia
bipolar,bipolar,bipolar
dunia,dunia,dunia
semu,semu,mu
multipolar,multipolar,mu
kekuatan,kuat,kuat
kekuatan,kuat,kuat
muncul,muncul,mu
sistem,sistem,sis
ekonomi,ekonomi,ekon
politik,politik,itik
menopang,menopang,opa
ketimpangan,timpang,pan
bertahan,bertah,bertah
kapitalisme,kapitalisme,ali
global,global,bal
melemah,lemah,lem
menyesuaikan,menyesuai,es
wajah,wajah,aja
lanskap,lanskap,kap
negara,negara,ara
negara,negara,ara
global,global,bal
south,south,south
terjebak,terjebak,bak
struktur,struktur,struktur
relasi,relasi,asi
timpang,timpang,pan
perdagangan,perdagang,aga
teknologi,teknologi,log
keuangan,uang,uan
narasi,narasi,ara
perang,perang,era
dagang,dagang,aga
as,as,as
china,china,hina
memanas,memanas,ana
memperjelas,memperjelas,ela
dinamika,dinamika,ami
presiden,presiden,den
trump,trump,rum
menerapkan,menerap,era
tarif,tarif,ari
145,145,145
persen,persen,per
produk,produk,duk
china,china,hina
dalih,dalih,ali
melindungi,lindung,dung
industri,industri,dus
domestik,domestik,dom
menanggapi,menanggap,angga
tuduhan,tuduh,duh
keterlibatan,keterlibat,eter
china,china,hina
distribusi,distribusi,bus
fentanil,fentanil,ani
pasar,pasar,asa
as,as,as
china,china,hina
membalas,membalas,ala
tarif,tarif,ari
125,125,125
persen,persen,per
produk,produk,duk
produk,produk,duk
as,as,as
konflik,konflik,konflik
pertukaran,pertukar,per
kebijakan,kebija,ebi
fiskal,fiskal,fiskal
perang,perang,era
simbol,simbol,bol
dominasi,dominasi,asi
kontrol,kontrol,kontrol
ekonomi,ekonomi,ekon
dunia,dunia,dunia
dampaknya,dampak,dam
dirasakan,rasa,asa
negara,negara,ara
negara,negara,ara
global,global,bal
south,south,south
terlibat,terlibat,iba
langsung,langsung,angsu
pertarungan,pertarung,aru
tarif,tarif,ari
sanksi,sanksi,ksi
alat,alat,ala
ekonomi,ekonomi,ekon
senjata,senjata,sen
geopolitik,geopolitik,geopolitik
negara,negara,ara
negara,negara,ara
memiliki,milik,ili
kekuatan,kuat,kuat
struktural,struktural,struktur
dipaksa,paksa,aksa
penonton,penonton,non
menanggung,menanggung,anggun
biaya,biaya,biaya
ekspor,ekspor,eks
terganggu,terganggu,erg
nilai,nilai,ilai
tukar,tukar,tuk
bergejolak,bergejolak,erg
ketergantungan,ketergantung,antun
pasar,pasar,asa
pisau,pisau,isa
bermata,bermata,berma
keberpihakan,keberpiha,keberpiha
strategis,strategis,rat
netralitas,netralitas,ali
memperburuk,memperburuk,bur
posisi,posisi,isi
negara,negara,ara
berkembang,berkembang,ban
memiliki,milik,ili
daya,daya,daya
tawar,tawar,awa
menghadapi,menghadap,ada
tekanan,kanan,ana
eksternal,eksternal,eks
dunia,dunia,dunia
beroperasi,beroperas,era
logika,logika,log
sanksi,sanksi,ksi
tarif,tarif,ari
menyediakan,menyedia,dia
ruang,ruang,rua
aman,aman,ama
posisi,posisi,isi
diam,diam,dia
bicara,bicara,ara
keberpihakan,keberpiha,keberpiha
ideologis,ideologis,ide
era,era,era
perang,perang,era
dingin,dingin,din
butuhkan,butuh,butuh
netralitas,netralitas,ali
keberpihakan,keberpiha,keberpiha
strategis,strategis,rat
berpijak,berpijak,pijak
kedaulatan,daulat,aula
pembangunan,pembangun,ban
nasional,nasional,asi
kekuatan,kuat,kuat
domestik,domestik,dom
pragmatisme,pragmatisme,ati
dibingkai,bingka,bin
visi,visi,isi
jangka,jangka,angka
oportunisme,oportunisme,opor
lanskap,lanskap,kap
china,china,hina
mitra,mitra,mi
membuka,membuka,buk
peluang,peluang,elu
negara,negara,ara
berkembang,berkembang,ban
pendekatannya,pendekat,dek
mengikat,mengikat,ikat
politik,politik,itik
tawarannya,tawar,awa
kali,kali,ali
konkret,konkret,konkret
dibandingkan,banding,ban
janji,janji,janji
retoris,retoris,ret
kekuatan,kuat,kuat
soft,soft,soft
power,power,power
china,china,hina
insentif,insentif,insentif
ekonomi,ekonomi,ekon
disertai,serta,serta
tekanan,kanan,ana
ideologis,ideologis,ide
belt,belt,bel
and,and,and
road,road,road
initiative,initiative,ati
lembaga,lembaga,aga
keuangan,uang,uan
pembangunan,pembangun,ban
alternatif,alternatif,alter
jaringan,jaring,ari
dagang,dagang,aga
digital,digital,digit
china,china,hina
menghadirkan,menghadir,adi
kerangka,kerangka,angka
kerja,kerja,kerja
cair,cair,air
dibandingkan,banding,ban
lembaga,lembaga,aga
global,global,bal
north,north,north
imf,imf,imf
bank,bank,ban
dunia,dunia,dunia
kerap,kerap,era
membawa,membawa,awa
agenda,agenda,agen
liberalisasi,liberalisasi,ali
paksa,paksa,aksa
afrika,afrika,afrika
china,china,hina
menggelontorkan,menggelontor,elo
4,4,4
6,6,6
miliar,miliar,ili
dollar,dollar,dol
as,as,as
setahun,tahun,hun
68,68,68
persennya,persen,per
disalurkan,salur,alu
angola,angola,gol
sisanya,sisa,isa
tersebar,tersebar,bar
30,30,30
proyek,proyek,oyek
sektor,sektor,sek
pertanian,pertani,ani
energi,energi,energi
manufaktur,manufaktur,anu
pertambangan,pertambang,ambang
asia,asia,asi
tenggara,tenggara,ara
china,china,hina
memperluas,memperluas,emper
produksi,produksi,duk
manufakturnya,manufaktur,anu
vietnam,vietnam,vietnam
thailand,thailand,hai
malaysia,malaysia,ala
ekspansi,ekspansi,eks
sektor,sektor,sek
panel,panel,pan
surya,surya,surya
respons,respons,es
tarif,tarif,ari
as,as,as
amerika,amerika,erik
latin,latin,ati
china,china,hina
mengamankan,mengaman,ama
proyek,proyek,oyek
kereta,kereta,eret
api,api,api
pelabuhan,labuh,abu
pembangkit,pembangkit,angkit
energi,energi,energi
brasil,brasil,asi
ekuador,ekuador,dor
uni,uni,uni
eropa,eropa,opa
terpaksa,terpaksa,aksa
meluncurkan,luncur,cur
proyek,proyek,oyek
tandingan,tanding,din
global,global,bal
gateway,gateway,ewa
target,target,tar
300,300,300
miliar,miliar,ili
euro,euro,euro
respons,respons,es
langsung,langsung,angsu
pengaruh,pengaruh,aru
china,china,hina
kian,kian,kia
meluas,luas,luas
eropa,eropa,opa
manuver,manuver,anu
ganda,ganda,anda
realitas,realitas,ali
strategi,strategi,rat
dibutuhkan,butuh,butuh
global,global,bal
south,south,south
netralitas,netralitas,ali
steril,steril,steril
kemampuan,mampu,ampu
memainkan,main,ain
manuver,manuver,anu
ganda,ganda,anda
keterlibatan,keterlibat,eter
aktif,aktif,aktif
kekuatan,kuat,kuat
dibarengi,bareng,are
komitmen,komitmen,kom
menjaga,menjaga,aga
posisi,posisi,isi
otonom,otonom,om
dunia,dunia,dunia
kian,kian,kia
bergantung,bergantung,antun
kemampuan,mampu,ampu
mengelola,mengelola,elo
ketergantungan,ketergantung,antun
bentuk,bentuk,bentuk
kekuasaan,kuasa,asa
negara,negara,ara
vietnam,vietnam,vietnam
meksiko,meksiko,eks
turki,turk,tur
posisi,posisi,isi
geografis,geografis,geografi
ekonomi,ekonomi,ekon
rawan,rawan,awa
diubah,ubah,bah
keunggulan,unggul,gul
strategis,strategis,rat
dikelola,kelola,elo
diplomasi,diplomasi,asi
cerdas,cerdas,cerdas
diversifikasi,diversifikasi,asi
mitra,mitra,mi
kejelasan,jelas,ela
arah,arah,ara
pembangunan,pembangun,ban
domestik,domestik,dom
negara,negara,ara
berkembang,berkembang,ban
merancang,rancang,anca
hubungan,hubung,bun
negerinya,negeri,neger
portofolio,portofolio,foli
dinamis,dinamis,ami
relasi,relasi,asi
arah,arah,ara
situlah,situ,itu
kedaulatan,daulat,aula
terbentuk,terbentuk,bentuk
penghindaran,penghindar,dar
konflik,konflik,konflik
kalkulasi,kalkulasi,alku
matang,matang,mat
titik,titik,itik
kesalahan,salah,ala
terbesar,terbesar,besar
mitra,mitra,mi
absennya,absen,absen
agenda,agenda,agen
nasional,nasional,asi
kuat,kuat,kuat
negara,negara,ara
global,global,bal
south,south,south
masuk,masuk,asu
orbit,orbit,bit
kekuatan,kuat,kuat
membawa,membawa,awa
posisi,posisi,isi
tawar,tawar,awa
menawar,menawar,awa
menadahkan,menadah,ada
tangan,tangan,angan
perencanaan,rencana,ana
pembangunan,pembangun,ban
berorientasi,berorientas,entas
kemandirian,mandiri,diri
investasi,investasi,asi
riset,riset,riset
penguasaan,penguasa,asa
teknologi,teknologi,log
kerja,kerja,kerja
internasional,internasional,asi
melanjutkan,lanjut,anju
siklus,siklus,lus
ketergantungan,ketergantung,antun
keberpihakan,keberpiha,keberpiha
china,china,hina
berangkat,berangkat,angka
fondasi,fondasi,asi
domestik,domestik,dom
kokoh,kokoh,koh
mencari,mencar,mencar
pelindung,lindung,dung
membangun,membangun,ban
keseimbangan,keseimbang,ban
global,global,bal
south,south,south
penerima,penerima,pen
pembangunan,pembangun,ban
perumus,rumus,mu
narasi,narasi,ara
global,global,bal
isu,isu,isu
transisi,transisi,isi
energi,energi,energi
keamanan,aman,ama
data,data,data
tatanan,tatanan,ana
keuangan,uang,uan
internasional,internasional,asi
negara,negara,ara
berkembang,berkembang,ban
memiliki,milik,ili
pengalaman,pengalam,ala
kepentingan,penting,pen
berbeda,berbeda,beda
negara,negara,ara
negara,negara,ara
global,global,bal
north,north,north
transisi,transisi,isi
hijau,hijau,hijau
dipaksakan,paksa,aksa
dukungan,dukung,duk
finansial,finansial,finansial
bentuk,bentuk,bentuk
kolonialisme,kolonialisme,ali
karbon,karbon,bon
arsitektur,arsitektur,arsitek
digital,digital,digit
global,global,bal
dikendalikan,kendali,ali
oligopoli,oligopoli,oli
korporat,korporat,kor
barat,barat,ara
timur,timur,mu
melanggengkan,langgeng,gen
ketimpangan,timpang,pan
mengatur,mengatur,atur
ulang,ulang,lang
aliansi,aliansi,ali
mendefinisikan,mendefinisi,definisi
ulang,ulang,lang
makna,makna,makna
kemajuan,maju,aju
keadilan,adil,adi
global,global,bal
pernyataan,pernyata,nyata
netralitas,netralitas,ali
memadai,mada,ada
berbahaya,berbahaya,bah
dunia,dunia,dunia
memilih,memilih,ili
diam,diam,dia
bersuara,bersuara,ara
digantikan,ganti,anti
suara,suara,ara
keras,keras,era
menegosiasikan,negosiasi,asi
kepentingan,penting,pen
dinegosiasikan,negosiasi,asi
1955,1955,1955
netralitas,netralitas,ali
pilihan,pilih,ili
aktif,aktif,aktif
2025,2025,2025
netralitas,netralitas,ali
bentuk,bentuk,bentuk
keterlibatan,keterlibat,eter
pasif,pasif,asi
sistem,sistem,sis
berpihak,berpihak,hak
kepentingan,penting,pen
segelintir,gelintir,gel
kekuatan,kuat,kuat
pilihan,pilih,ili
timur,timur,mu
barat,barat,ara
menyerah,menyerah,era
sistem,sistem,sis
membentuk,membentuk,bentuk
mencari,mencar,mencar
penjaga,penjaga,aga
mencari,mencar,mencar
ruang,ruang,rua
penentu,penentu,pen
china,china,hina
mitra,mitra,mi
strategis,strategis,rat
berguna,berguna,erg
kepentingan,penting,pen
memaksakan,memaksa,aksa
bentuk,bentuk,bentuk
tunggal,tunggal,tun
kekuasaan,kuasa,asa
isi,isi,isi
kesempatan,sempat,empat
berguna,berguna,erg
mengambilnya,mengambil,ambi
global,global,bal
south,south,south
meja,meja,eja
global,global,bal
penerima,penerima,pen
kemurahan,murah,mu
membawa,membawa,awa
agenda,agenda,agen
tawaran,tawar,awa
dunia,dunia,dunia
ditentukan,tentu,tentu
kuat,kuat,kuat
berani,berani,ani
membentuk,membentuk,bentuk
ulang,ulang,lang
kekuasaan,kuasa,asa
esok,esok,es
proyek,proyek,oyek
netralitas,netralitas,ali
global,global,bal
south,south,south
penentu,penentu,pen
berhenti,berhent,berhent
latar,latar,atar
narasi,narasi,ara
kekuatan,kuat,kuat
menulis,menulis,lis
cerita,cerita,ceri
bahasa,bahasa,asa
keberanian,berani,ani
mengambil,mengambil,ambi
posisi,posisi,isi
virdika,virdika,dik
rizky,rizky,rizky
utama,utama,ama
direktur,direktur,direk
eksekutif,eksekutif,eks
syndicate,syndicate,cat
dosen,dosen,dos
hubungan,hubung,bun
internasional,internasional,asi
president,president,den
university,university,sit
presiden,presiden,den
ri,r,r
prabowo,prabowo,bowo
subianto,subianto,sub
pekan,pekan,kan
april,april,april
2025,2025,2025
kejutan,kejut,keju
pernyataan,pernyata,nyata
kesediaan,sedia,dia
indonesia,indonesia,don
menerima,menerima,rim
evakuasi,evakuasi,aku
1,1,1
000,000,000
warga,warga,warga
gaza,gaza,gaz
mengalami,mengalam,ala
luka,luka,luk
luka,luka,luk
yatim,yatim,ati
piatu,piatu,piat
gelombang,gelombang,ban
presiden,presiden,den
prabowo,prabowo,bowo
mengadakan,mengada,ada
lawatan,lawat,awa
mengunjungi,mengunjung,gun
negara,negara,ara
timur,timur,mu
9,9,9
15,15,15
april,april,april
2025,2025,2025
keperluan,perlu,per
konsultasi,konsultasi,asi
upaya,upaya,paya
dukungan,dukung,duk
kesediaannya,sedia,dia
menerima,menerima,rim
evakuasi,evakuasi,aku
1,1,1
000,000,000
warga,warga,warga
gaza,gaza,gaz
negara,negara,ara
dikunjungi,kunjung,jun
presiden,presiden,den
prabowo,prabowo,bowo
dikenal,kenal,ken
memegang,memegang,gang
peran,peran,era
kunci,kunci,kunci
isu,isu,isu
palestina,palestina,es
mesir,sir,sir
jordania,jordania,ani
turki,turk,tur
qatar,qatar,atar
uni,uni,uni
emirat,emirat,emir
arab,arab,ara
uea,uea,uea
lawatan,lawat,awa
presiden,presiden,den
prabowo,prabowo,bowo
timur,timur,mu
khusus,khusus,hus
misi,misi,isi
isu,isu,isu
palestina,palestina,es
kali,kali,ali
presiden,presiden,den
ri,r,r
era,era,era
presiden,presiden,den
soekarno,soekarno,soe
diapresiasi,diapresias,dia
presiden,presiden,den
prabowo,prabowo,bowo
terkait,terkait,kait
isu,isu,isu
palestina,palestina,es
presiden,presiden,den
ri,r,r
ditafsirkan,tafsir,sir
lawatan,lawat,awa
presiden,presiden,den
prabowo,prabowo,bowo
upaya,upaya,paya
indonesia,indonesia,don
kepemimpinan,kepemimpin,impi
prabowo,prabowo,bowo
terlibat,terlibat,iba
kuat,kuat,kuat
langsung,langsung,angsu
isu,isu,isu
palestina,palestina,es
hati,hati,ati
hati,hati,ati
niat,niat,nia
tulus,tulus,lus
presiden,presiden,den
prabowo,prabowo,bowo
membantu,membantu,ban
rakyat,rakyat,rak
palestina,palestina,es
bersedia,bersedia,dia
menerima,menerima,rim
evakuasi,evakuasi,aku
warga,warga,warga
palestina,palestina,es
indonesia,indonesia,don
misi,misi,isi
tulus,tulus,lus
disertai,serta,serta
sikap,sikap,kap
penuh,penuh,pen
hati,hati,ati
hati,hati,ati
pasalnya,pasal,asa
presiden,presiden,den
prabowo,prabowo,bowo
kesediaan,sedia,dia
menerima,menerima,rim
evakuasi,evakuasi,aku
warga,warga,warga
gaza,gaza,gaz
indonesia,indonesia,don
israel,israel,isra
as,as,as
gencar,gencar,gen
gencarnya,gencar,gen
mengampanyekan,mengampanye,gam
agenda,agenda,agen
relokasi,relokasi,asi
warga,warga,warga
gaza,gaza,gaz
2,2,2
3,3,3
juta,juta,juta
jiwa,jiwa,jiwa
negara,negara,ara
menerimanya,menerima,rim
presiden,presiden,den
as,as,as
donald,donald,don
trump,trump,rum
kalinya,kali,ali
mengejutkan,mengejut,mengejut
inisiatifnya,inisiatif,ati
merelokasi,merelokas,elo
warga,warga,warga
gaza,gaza,gaz
25,25,25
januari,januari,anu
2025,2025,2025
dilantik,lantik,anti
presiden,presiden,den
as,as,as
trump,trump,rum
kesempatan,sempat,empat
tekadnya,tekad,ekad
relokasi,relokasi,asi
warga,warga,warga
gaza,gaza,gaz
dalih,dalih,ali
wilayah,wilayah,ayah
jalur,jalur,alu
gaza,gaza,gaz
hancur,hancur,cur
lebur,lebur,bur
akibat,akibat,aki
perang,perang,era
layak,layak,ayak
huni,huni,hun
trump,trump,rum
menjadikan,menjadi,adi
wilayah,wilayah,ayah
jalur,jalur,alu
gaza,gaza,gaz
pusat,pusat,pus
tujuan,tuju,tuju
pariwisata,pariwisata,ari
riviera,riviera,era
timur,timur,mu
mengikuti,mengikut,ikut
jejak,jejak,eja
kota,kota,kota
dubai,duba,dub
gemerlap,gemerlap,gemerlap
israel,israel,isra
bergembira,bergembira,bir
menyambut,menyambut,menyambut
penuh,penuh,pen
semangat,semangat,emang
inisiatif,inisiatif,ati
relokasi,relokasi,asi
warga,warga,warga
gaza,gaza,gaz
presiden,presiden,den
trump,trump,rum
israel,israel,isra
impian,impi,impi
dinanti,dinant,din
nantikan,nanti,anti
sesuai,sesuai,es
ideologi,ideologi,ide
kolonial,kolonial,kol
zionis,zionis,ion
memimpikan,mimpi,impi
kaum,kaum,aum
zionis,zionis,ion
yahudi,yahudi,udi
berjaya,berjaya,jaya
wilayah,wilayah,ayah
luas,luas,luas
membentang,membentang,benta
sungai,sungai,gai
nil,nil,nil
sungai,sungai,gai
eufrat,eufrat,rat
kementerian,menteri,ente
pertahanan,pertahan,per
israel,israel,isra
membentuk,membentuk,bentuk
direktorat,direktorat,direk
relokasi,relokasi,asi
warga,warga,warga
gaza,gaza,gaz
upaya,upaya,paya
menyukseskan,menyukses,es
agenda,agenda,agen
relokasi,relokasi,asi
warga,warga,warga
gaza,gaza,gaz
israel,israel,isra
merancang,rancang,anca
membangun,membangun,ban
bandara,bandara,anda
udara,udara,ara
jalur,jalur,alu
gaza,gaza,gaz
salah,salah,ala
titik,titik,itik
tolak,tolak,lak
proses,proses,es
relokasi,relokasi,asi
warga,warga,warga
gaza,gaza,gaz
negara,negara,ara
menerimanya,menerima,rim
as,as,as
israel,israel,isra
komunikasi,komunikasi,asi
negara,negara,ara
tujuan,tuju,tuju
relokasi,relokasi,asi
warga,warga,warga
gaza,gaza,gaz
mesir,sir,sir
jordania,jordania,ani
maroko,maroko,mar
sudan,sud,sud
somalia,somalia,ali
nama,nama,ama
indonesia,indonesia,don
trump,trump,rum
tujuan,tuju,tuju
relokasi,relokasi,asi
warga,warga,warga
gaza,gaza,gaz
mesir,sir,sir
jordania,jordania,ani
dicanangkan,canang,ana
as,as,as
israel,israel,isra
tujuan,tuju,tuju
prioritas,prioritas,prioritas
relokasi,relokasi,asi
warga,warga,warga
jalur,jalur,alu
gaza,gaza,gaz
kedekatan,dekat,dek
geografis,geografis,geografi
jalur,jalur,alu
gaza,gaza,gaz
utusan,utus,tus
khusus,khusus,hus
presiden,presiden,den
trump,trump,rum
timur,timur,mu
steve,steve,steve
witkoff,witkoff,witkoff
lobi,lobi,lob
pemerintah,pemerin,meri
mesir,sir,sir
jordania,jordania,ani
menerima,menerima,rim
relokasi,relokasi,asi
warga,warga,warga
gaza,gaza,gaz
negara,negara,ara
arab,arab,ara
witkoff,witkoff,witkoff
mengimi,mengim,gim
imingi,iming,mi
mesir,sir,sir
jordania,jordania,ani
bantuan,bantu,ban
ekonomi,ekonomi,ekon
penghapusan,penghapus,apu
utang,utang,tan
negeri,negeri,neger
mesir,sir,sir
jordania,jordania,ani
bersedia,bersedia,dia
menerima,menerima,rim
relokasi,relokasi,asi
warga,warga,warga
gaza,gaza,gaz
witkoff,witkoff,witkoff
ditengarai,tengara,ara
perundingan,runding,din
rahasia,rahasia,asi
maroko,maroko,mar
sudan,sud,sud
somalia,somalia,ali
menerima,menerima,rim
relokasi,relokasi,asi
warga,warga,warga
gaza,gaza,gaz
negara,negara,ara
negara,negara,ara
mesir,sir,sir
jordania,jordania,ani
menolak,menolak,lak
keras,keras,era
ide,ide,ide
relokasi,relokasi,asi
warga,warga,warga
gaza,gaza,gaz
negara,negara,ara
arab,arab,ara
negara,negara,ara
ktt,ktt,ktt
liga,liga,iga
arab,arab,ara
digelar,gelar,ela
kairo,kairo,air
mesir,sir,sir
4,4,4
maret,maret,are
2025,2025,2025
salah,salah,ala
rekomendasinya,rekomendasi,asi
menolak,menolak,lak
relokasi,relokasi,asi
warga,warga,warga
gaza,gaza,gaz
negara,negara,ara
penolakan,penola,nol
relokasi,relokasi,asi
warga,warga,warga
gaza,gaza,gaz
keputusan,putus,putu
bangsa,bangsa,angsa
arab,arab,ara
mesir,sir,sir
jordania,jordania,ani
ktt,ktt,ktt
liga,liga,iga
arab,arab,ara
posisi,posisi,isi
politik,politik,itik
mesir,sir,sir
jordania,jordania,ani
kuat,kuat,kuat
menolak,menolak,lak
relokasi,relokasi,asi
warga,warga,warga
gaza,gaza,gaz
keputusan,putus,putu
liga,liga,iga
arab,arab,ara
menolak,menolak,lak
relokasi,relokasi,asi
warga,warga,warga
gaza,gaza,gaz
as,as,as
israel,israel,isra
menolak,menolak,lak
keputusan,putus,putu
ktt,ktt,ktt
liga,liga,iga
arab,arab,ara
menolak,menolak,lak
relokasi,relokasi,asi
warga,warga,warga
gaza,gaza,gaz
as,as,as
israel,israel,isra
ngotot,ngotot,got
relokasi,relokasi,asi
warga,warga,warga
gaza,gaza,gaz
cepat,cepat,cepat
lambat,lambat,lam
paksa,paksa,aksa
sukarela,sukarela,are
isu,isu,isu
relokasi,relokasi,asi
warga,warga,warga
gaza,gaza,gaz
bola,bola,bol
panas,panas,ana
menggelinding,menggelinding,din
adu,adu,adu
agenda,agenda,agen
pertarungan,pertarung,aru
sengit,sengit,sen
agenda,agenda,agen
panggung,panggung,anggun
politik,politik,itik
timur,timur,mu
agenda,agenda,agen
relokasi,relokasi,asi
warga,warga,warga
gaza,gaza,gaz
diusung,usung,sun
as,as,as
israel,israel,isra
agenda,agenda,agen
penolakan,penola,nol
relokasi,relokasi,asi
warga,warga,warga
gaza,gaza,gaz
diadopsi,diadops,dia
liga,liga,iga
arab,arab,ara
pemerintah,pemerin,meri
indonesia,indonesia,don
tulus,tulus,lus
bersedia,bersedia,dia
menerima,menerima,rim
evakuasi,evakuasi,aku
warga,warga,warga
gaza,gaza,gaz
indonesia,indonesia,don
waspada,waspada,ada
pertarungan,pertarung,aru
agenda,agenda,agen
timur,timur,mu
waspada,waspada,ada
dicemaskan,cemas,cema
program,program,gram
evakuasi,evakuasi,aku
diusung,usung,sun
pemerintah,pemerin,meri
indonesia,indonesia,don
terperangkap,terperangkap,angka
program,program,gram
relokasi,relokasi,asi
as,as,as
israel,israel,isra
menghalangi,menghalang,ala
halangi,halang,ala
warga,warga,warga
gaza,gaza,gaz
jalur,jalur,alu
gaza,gaza,gaz
tanah,tanah,ana
air,air,air
jaminan,jamin,ami
pemerintah,pemerin,meri
indonesia,indonesia,don
mengevakuasi,mengevakuas,aku
warga,warga,warga
gaza,gaza,gaz
indonesia,indonesia,don
alasan,alas,ala
pengobatan,pengobat,gob
jalur,jalur,alu
gaza,gaza,gaz
pemerintah,pemerin,meri
indonesia,indonesia,don
jaminan,jamin,ami
warga,warga,warga
gaza,gaza,gaz
dievakuasi,dievakuas,aku
indonesia,indonesia,don
tanah,tanah,ana
air,air,air
keperluan,perlu,per
alasan,alas,ala
evakuasi,evakuasi,aku
selesai,selesai,es
proses,proses,es
jaminan,jamin,ami
problema,problema,lem
diplomatik,diplomatik,ati
indonesia,indonesia,don
hubungan,hubung,bun
diplomatik,diplomatik,ati
israel,israel,isra
indonesia,indonesia,don
jaminan,jamin,ami
ketiga,tiga,iga
palang,palang,ala
merah,merah,era
internasional,internasional,asi
icrc,icrc,icrc
komisi,komisi,isi
pbb,pbb,pbb
urusan,urus,urus
pengungsi,pengungs,gun
unhcr,unhcr,unhcr
negara,negara,ara
mesir,sir,sir
jordania,jordania,ani
turki,turk,tur
hubungan,hubung,bun
diplomatik,diplomatik,ati
israel,israel,isra
as,as,as
seandainya,anda,anda
indonesia,indonesia,don
jaminan,jamin,ami
ketiga,tiga,iga
jaminan,jamin,ami
israel,israel,isra
dipercaya,percaya,per
kepercayaan,percaya,per
internasional,internasional,asi
israel,israel,isra
rendah,rendah,dah
kepercayaan,percaya,per
internasional,internasional,asi
israel,israel,isra
dinodai,noda,noda
aksi,aksi,aksi
israel,israel,isra
melanggar,langgar,angga
kesepakatan,sepakat,epak
gencatan,gencat,cat
senjata,senjata,sen
gaza,gaza,gaz
dicapai,capa,apa
17,17,17
januari,januari,anu
2025,2025,2025
israel,israel,isra
menolak,menolak,lak
seruan,seru,eru
masyarakat,masyarakat,ara
internasional,internasional,asi
menghentikan,menghenti,henti
perang,perang,era
jalur,jalur,alu
gaza,gaza,gaz
menolak,menolak,lak
resolusi,resolusi,es
dk,dk,dk
pbb,pbb,pbb
no,no,no
2728,2728,2728
25,25,25
maret,maret,are
2024,2024,2024
menyerukan,menyeru,eru
gencatan,gencat,cat
senjata,senjata,sen
jalur,jalur,alu
gaza,gaza,gaz
israel,israel,isra
tampil,tampil,pil
negara,negara,ara
hukum,hukum,hukum
muka,muka,mu
bumi,bumi,bum
program,program,gram
pemerintah,pemerin,meri
indonesia,indonesia,don
mengevakuasi,mengevakuas,aku
warga,warga,warga
gaza,gaza,gaz
indonesia,indonesia,don
risiko,risiko,isi
beralih,beralih,ali
relokasi,relokasi,asi
sesuai,sesuai,es
proyek,proyek,oyek
as,as,as
israel,israel,isra
tradisi,tradisi,adi
megibung,megibung,bun
bali,bal,bal
kembul,kembul,kembu
bujana,bujana,ana
jawa,jawa,awa
simbol,simbol,bol
kebersamaan,kebersama,ama
menggambarkan,menggambar,ambar
kehangatan,hangat,hang
interaksi,interaksi,aksi
manusia,manusia,anu
aktivitas,aktivitas,aktivitas
sederhana,sederhana,ana
penuh,penuh,pen
makna,makna,makna
tradisi,tradisi,adi
makan,makan,akan
sekedar,sekedar,dar
berbagi,berbag,berbag
makanan,makan,akan
memperkuat,memperkuat,emper
hubungan,hubung,bun
individu,individu,idu
menjaga,menjaga,aga
harmoni,harmoni,harmoni
masyarakat,masyarakat,ara
era,era,era
modern,modern,mode
tradisi,tradisi,adi
terpinggirkan,terpinggir,gir
terancaman,rancam,anca
kepunahan,punah,pun
sejarah,sejarah,ara
megibung,megibung,bun
diyakini,yakin,aki
karangasem,karangasem,ara
bali,bal,bal
1614,1614,1614
caka,caka,cak
1692,1692,1692
masehi,masehi,mas
tradisi,tradisi,adi
diperkenalkan,diperkenal,ken
raja,raja,aja
karangasem,karangasem,ara
vii,vi,vi
i,i,i
gusti,gusti,gus
anglurah,anglurah,lurah
ketut,ketut,ketu
karangasem,karangasem,ara
pemimpin,pemimpin,impi
membawa,membawa,awa
kejayaan,jaya,jaya
karangasem,karangasem,ara
abad,abad,aba
18,18,18
ekspedisinya,ekspedisi,edisi
menaklukkan,menakluk,enak
kerajaan,raja,aja
sasak,sasak,asa
lombok,lombok,lombok
sang,sang,sang
raja,raja,aja
menciptakan,mencipta,cip
tradisi,tradisi,adi
memimpin,memimpin,impi
prajuritnya,prajurit,aju
cerita,cerita,ceri
masyarakat,masyarakat,ara
megibung,megibung,bun
raja,raja,aja
aturan,atur,atur
prajurit,prajurit,aju
makan,makan,akan
wadah,wadah,ada
istirahat,istirahat,ira
perang,perang,era
tradisi,tradisi,adi
bertujuan,bertuju,tuju
mempererat,mempererat,emper
solidaritas,solidaritas,ari
prajurit,prajurit,aju
menanamkan,menanam,ana
kesetaraan,kesetara,ara
membedakan,membeda,beda
status,status,atus
megibung,megibung,bun
terpisahkan,terpisah,isa
budaya,budaya,budaya
karangasem,karangasem,ara
upacara,upacara,acar
adat,adat,ada
acara,acara,acar
keluarga,keluarga,elu
megibung,megibung,bun
berasal,berasal,asa
gibung,gibung,bun
berbagi,berbag,berbag
tradisi,tradisi,adi
orang,orang,orang
duduk,duduk,duduk
melingkar,lingkar,ingkar
mengelilingi,mengeliling,gel
nasi,nasi,asi
lauk,lauk,auk
pauk,pauk,auk
diletakkan,letak,eta
nampan,nampan,nampan
mengambil,mengambil,ambi
makanan,makan,akan
bergantian,berganti,anti
tangan,tangan,angan
mencerminkan,mencermin,cermin
kesederhanaan,sederhana,ana
kebersamaan,kebersama,ama
aturan,atur,atur
utama,utama,ama
megibung,megibung,bun
mengambil,mengambil,ambi
makanan,makan,akan
orang,orang,orang
adil,adil,adi
menghormati,menghormat,hormat
serakah,serakah,era
nilai,nilai,ilai
melekat,lekat,leka
erat,erat,era
tradisi,tradisi,adi
jawa,jawa,awa
tradisi,tradisi,adi
makan,makan,akan
dikenal,kenal,ken
istilah,istilah,ilah
kembul,kembul,kembu
bujana,bujana,ana
nama,nama,ama
berasal,berasal,asa
kembul,kembul,kembu
berkumpul,berkumpul,kumpul
bujana,bujana,ana
hidangan,hidang,dan
tradisi,tradisi,adi
acara,acara,acar
kenduri,kenduri,dur
selamatan,selamat,ama
perayaan,raya,raya
adat,adat,ada
praktiknya,praktik,praktik
makanan,makan,akan
disajikan,saji,aji
daun,daun,daun
pisang,pisang,isa
membentang,membentang,benta
wadah,wadah,ada
hidangan,hidang,dan
meliputi,liput,lipu
nasi,nasi,asi
lauk,lauk,auk
pauk,pauk,auk
sayur,sayur,ayu
sambal,sambal,ambal
khas,khas,has
daerah,daerah,daerah
mencerminkan,mencermin,cermin
keberkahan,berkah,berkah
hasil,hasil,asi
bumi,bumi,bum
kembul,kembul,kembu
bujana,bujana,ana
menikmati,nikmat,mat
makanan,makan,akan
berbagi,berbag,berbag
doa,doa,doa
harapan,harap,ara
tradisi,tradisi,adi
memiliki,milik,ili
dimensi,dimensi,dim
spiritual,spiritual,iri
mendalam,mendalam,ala
sejarah,sejarah,ara
kembul,kembul,kembu
bujana,bujana,ana
dipercaya,percaya,per
berasal,berasal,asa
kehidupan,hidup,dup
masyarakat,masyarakat,ara
jawa,jawa,awa
menghargai,mengharga,harga
syukur,syukur,kur
kebersamaan,kebersama,ama
lingkaran,lingkar,ingkar
makan,makan,akan
orang,orang,orang
dianggap,anggap,angga
setara,tara,ara
memandang,memandang,anda
usia,usia,sia
jabatan,jabat,aba
status,status,atus
sosial,sosial,sia
nilai,nilai,ilai
kesederhanaan,sederhana,ana
syukur,syukur,kur
rezeki,rezeki,rezeki
tuhan,tuhan,tuhan
inti,inti,inti
utama,utama,ama
tradisi,tradisi,adi
makan,makan,akan
megibung,megibung,bun
kembul,kembul,kembu
bujana,bujana,ana
cerminan,cermin,cermin
kehidupan,hidup,dup
masyarakat,masyarakat,ara
tradisional,tradisional,adi
mengutamakan,mengutama,ama
kebersamaan,kebersama,ama
kesederhanaan,sederhana,ana
solidaritas,solidaritas,ari
lingkaran,lingkar,ingkar
makan,makan,akan
perbedaan,perbeda,beda
individu,individu,idu
orang,orang,orang
berbagi,berbag,berbag
hidangan,hidang,dan
bercengkerama,bercengkerama,ama
mempererat,mempererat,emper
hubungan,hubung,bun
kekeluargaan,keluarga,elu
komunitas,komunitas,kom
tradisi,tradisi,adi
makan,makan,akan
mengajarkan,mengajar,aja
nilai,nilai,ilai
nilai,nilai,ilai
menghormati,menghormat,hormat
keadilan,adil,adi
berbagi,berbag,berbag
kebersyukuran,kebersyukur,kur
nikmat,nikmat,mat
diperoleh,diperoleh,oleh
megibung,megibung,bun
aturan,atur,atur
mengambil,mengambil,ambi
makanan,makan,akan
menanamkan,menanam,ana
tanggung,tanggung,anggun
kembul,kembul,kembu
bujana,bujana,ana
mengajarkan,mengajar,aja
kebahagiaan,bahagia,bah
sejati,sejati,ati
kebersamaan,kebersama,ama
kesederhanaan,sederhana,ana
perkembangan,perkembang,ban
zaman,zaman,ama
tradisi,tradisi,adi
megibung,megibung,bun
kembul,kembul,kembu
bujana,bujana,ana
menghadapi,menghadap,ada
tantangan,tantang,anta
perubahan,rubah,bah
gaya,gaya,gaya
hidup,hidup,dup
modern,modern,mode
cenderung,cenderung,cenderung
individualis,individualis,ali
salah,salah,ala
penyebab,penyebab,bab
utama,utama,ama
tergerusnya,tergerus,erg
tradisi,tradisi,adi
masyarakat,masyarakat,ara
generasi,generasi,asi
muda,muda,mu
makan,makan,akan
terpisah,terpisah,isa
porsi,porsi,porsi
nilai,nilai,ilai
kebersamaan,kebersama,ama
diusung,usung,sun
tradisi,tradisi,adi
perlahan,perlahan,lah
memudar,memudar,dar
kekhawatiran,khawatir,ati
aspek,aspek,aspek
kebersihan,bersih,bersih
higienis,higienis,higienis
praktik,praktik,praktik
makan,makan,akan
kerap,kerap,era
alasan,alas,ala
tradisi,tradisi,adi
ditinggalkan,tinggal,tin
nilai,nilai,ilai
nilai,nilai,ilai
terkandung,terkandung,dung
megibung,megibung,bun
kembul,kembul,kembu
bujana,bujana,ana
berharga,berharga,harga
perdebatan,perdebat,debat
metode,metode,metode
penyajiannya,penyaji,aji
wuryan,wury,wury
wuryanati,wuryanat,ana
pemerhati,pemerhat,pemerhat
budaya,budaya,budaya
indonesia,indonesia,don
hilangnya,hilang,hilang
tradisi,tradisi,adi
megibung,megibung,bun
kembul,kembul,kembu
bujana,bujana,ana
kehilangan,hilang,hilang
warisan,waris,ari
budaya,budaya,budaya
filosofi,filosofi,filo
mendalam,mendalam,ala
hidup,hidup,dup
kebersamaan,kebersama,ama
harmoni,harmoni,harmoni
melestarikan,lestari,ari
tradisi,tradisi,adi
megibung,megibung,bun
kembul,kembul,kembu
bujana,bujana,ana
langkah,langkah,angka
menjaga,menjaga,aga
identitas,identitas,den
budaya,budaya,budaya
indonesia,indonesia,don
tradisi,tradisi,adi
simbol,simbol,bol
kekayaan,kaya,kaya
budaya,budaya,budaya
alat,alat,ala
memperkuat,memperkuat,emper
hubungan,hubung,bun
sosial,sosial,sia
komunitas,komunitas,kom
megibung,megibung,bun
kembul,kembul,kembu
bujana,bujana,ana
tradisi,tradisi,adi
makan,makan,akan
simbol,simbol,bol
mendalam,mendalam,ala
makanan,makan,akan
menyatukan,menyatu,menyatu
orang,orang,orang
orang,orang,orang
menciptakan,mencipta,cip
hubungan,hubung,bun
kuat,kuat,kuat
melahirkan,lahir,lah
syukur,syukur,kur
keberkahan,berkah,berkah
hidup,hidup,dup
tergerus,tergerus,erg
tradisi,tradisi,adi
ditemukan,temu,mu
komunitas,komunitas,kom
delanggu,delanggu,delan
jawa,jawa,awa
anak,anak,ana
anak,anak,ana
muda,muda,mu
terkadang,terkadang,ada
melakukannya,laku,aku
kegiatan,giat,giat
syukuran,syukur,kur
tantangan,tantang,anta
modernisasi,modernisasi,asi
aktivitas,aktivitas,aktivitas
sederhana,sederhana,ana
apresiasi,apresiasi,apresiasi
nilai,nilai,ilai
nilai,nilai,ilai
kebersamaan,kebersama,ama
pudar,pudar,dar
mari,mari,ari
lingkaran,lingkar,ingkar
menghidupkan,menghidup,dup
semangat,semangat,emang
megibung,megibung,bun
kembul,kembul,kembu
bujana,bujana,ana
kehidupan,hidup,dup
sehari,sehar,seh
tradisi,tradisi,adi
mengajarkan,mengajar,aja
kebahagiaan,bahagia,bah
sejati,sejati,ati
terletak,terletak,eta
kebersamaan,kebersama,ama
syukur,syukur,kur
orang,orang,orang
webinar,webinar,bin
hut,hut,hut
abkin,abkin,abkin
49,49,49
ii,i,i
pd,pd,pd
abkin,abkin,abkin
jawa,jawa,awa
ii,i,i
08,08,08
februari,februari,ari
2025,2025,2025
membahas,membahas,bah
peran,peran,era
strategis,strategis,rat
bimbingan,bimbing,bimbing
konseling,konseling,eling
penguatan,penguat,gua
karakter,karakter,ara
siswa,siswa,sis
prof,prof,pro
dr,dr,dr
nunuk,nunuk,nun
suryani,suryani,ani
m,m,m
pd,pd,pd
menarik,menarik,ari
dibahas,bahas,bah
materi,materi,mat
beliau,beliau,bel
mengerti,mengert,mengert
tantangan,tantang,anta
dihadapi,hadap,ada
guru,guru,guru
bimbingan,bimbing,bimbing
konseling,konseling,eling
strategi,strategi,rat
menghadapi,menghadap,ada
sistem,sistem,sis
pendidikan,pendidi,pen
indonesia,indonesia,don
bk,bk,bk
memiliki,milik,ili
peran,peran,era
pendidikan,pendidi,pen
karakter,karakter,ara
peserta,serta,serta
didik,didik,didik
layanan,layan,ayan
bk,bk,bk
menjadikan,menjadi,adi
karakter,karakter,ara
siswa,siswa,sis
mengadakan,mengada,ada
kegiatan,giat,giat
berguna,berguna,erg
peserta,serta,serta
didik,didik,didik
mengadakan,mengada,ada
ekstrakurikuler,ekstrakurikuler,aku
kegiatan,giat,giat
konseling,konseling,eling
bimbingan,bimbing,bimbing
memahami,memaham,ham
nilai,nilai,ilai
moral,moral,moral
pendidikan,pendidi,pen
karakter,karakter,ara
salah,salah,ala
fokus,fokus,fokus
utama,utama,ama
sistem,sistem,sis
pendidikan,pendidi,pen
indonesia,indonesia,don
seiring,iring,iri
upaya,upaya,paya
pemerintah,pemerin,meri
menciptakan,mencipta,cip
generasi,generasi,asi
cerdas,cerdas,cerdas
akademis,akademis,adem
memiliki,milik,ili
integritas,integritas,integritas
etika,etika,etik
nilai,nilai,ilai
nilai,nilai,ilai
moral,moral,moral
kuat,kuat,kuat
era,era,era
globalisasi,globalisasi,ali
penuh,penuh,pen
tantangan,tantang,anta
perubahan,rubah,bah
siswa,siswa,sis
memiliki,milik,ili
landasan,landas,anda
karakter,karakter,ara
kokoh,kokoh,koh
menghadapi,menghadap,ada
situasi,situasi,asi
permasalahan,permasalah,ala
kompleks,kompleks,eks
pendidikan,pendidi,pen
karakter,karakter,ara
berfokus,berfokus,fokus
penguasaan,penguasa,asa
pengetahuan,pengetahu,eta
pembentukan,pembentu,pembentu
sikap,sikap,kap
perilaku,perilaku,aku
positif,positif,pos
bimbingan,bimbing,bimbing
konseling,konseling,eling
memiliki,milik,ili
peran,peran,era
layanan,layan,ayan
bimbingan,bimbing,bimbing
konseling,konseling,eling
membantu,membantu,ban
siswa,siswa,sis
mengatasi,mengatas,atas
akademis,akademis,adem
berfungsi,berfungs,berfungs
sarana,sarana,ana
mengembangkan,mengembang,ban
karakter,karakter,ara
proses,proses,es
bimbingan,bimbing,bimbing
siswa,siswa,sis
dibimbing,bimbing,bimbing
memahami,memaham,ham
nilai,nilai,ilai
nilai,nilai,ilai
moral,moral,moral
sosial,sosial,sia
spiritual,spiritual,iri
membentuk,membentuk,bentuk
kepribadian,pribadi,adi
konselor,konselor,elo
berperan,berper,per
pendamping,pendamping,dam
membantu,membantu,ban
siswa,siswa,sis
mengenali,mengenal,gen
potensi,potensi,pot
mengatasi,mengatas,atas
tantangan,tantang,anta
mengembangkan,mengembang,ban
keterampilan,terampil,era
sosial,sosial,sia
berinteraksi,berinteraks,beri
lingkungan,lingkung,kung
webinar,webinar,bin
prof,prof,pro
dr,dr,dr
nunuk,nunuk,nun
suryani,suryani,ani
m,m,m
pd,pd,pd
guru,guru,guru
bk,bk,bk
tercapai,tercapa,apa
pendidikan,pendidi,pen
karakter,karakter,ara
tantangan,tantang,anta
dihadapi,hadap,ada
guru,guru,guru
pemerintah,pemerin,meri
pendidikan,pendidi,pen
indonesia,indonesia,don
menghadapi,menghadap,ada
tantangan,tantang,anta
kompleks,kompleks,eks
beragam,ragam,aga
kualitas,kualitas,ali
pendidikan,pendidi,pen
indonesia,indonesia,don
membanggakan,membangga,angga
skor,skor,kor
2022,2022,2022
angka,angka,angka
368,368,368
99,99,99
tertinggal,tertinggal,erti
477,477,477
63,63,63
salah,salah,ala
tantangan,tantang,anta
utama,utama,ama
rendahnya,rendah,dah
kualitas,kualitas,ali
pendidikan,pendidi,pen
dirasakan,rasa,asa
daerah,daerah,daerah
wilayah,wilayah,ayah
terpencil,terpencil,pen
berdampak,berdampak,dam
ketidakmerataan,ketidakmerata,era
akses,akses,akses
kesempatan,sempat,empat
belajar,belajar,aja
siswa,siswa,sis
disisi,sis,sis
kualitas,kualitas,ali
distribusi,distribusi,bus
guru,guru,guru
terbatas,terbatas,atas
juni,juni,jun
2024,2024,2024
50,50,50
guru,guru,guru
bersertifikat,bersertifikat,erti
pendidikan,pendidi,pen
kekurangan,kurang,kur
679,679,679
guru,guru,guru
2024,2024,2024
kesehatan,sehat,seh
mental,mental,mental
kalangan,kalang,ala
siswa,siswa,sis
perhatian,perhati,ati
data,data,data
siswa,siswa,sis
mengalami,mengalam,ala
psikologis,psikologis,kol
kecemasan,cemas,cema
depresi,depresi,depresi
mempengaruhi,mempengaruh,aru
perkembangan,perkembang,ban
akademis,akademis,adem
sosial,sosial,sia
fenomena,fenomena,enom
bullying,bullying,bullying
sekolah,sekolah,kol
isu,isu,isu
serius,serius,seri
ditangani,tangan,angan
merusak,rusak,rusa
kepercayaan,percaya,per
kesehatan,sehat,seh
mental,mental,mental
siswa,siswa,sis
memperkuat,memperkuat,emper
peran,peran,era
guru,guru,guru
bimbingan,bimbing,bimbing
konseling,konseling,eling
menangani,menangan,angan
isu,isu,isu
isu,isu,isu
menciptakan,mencipta,cip
lingkungan,lingkung,kung
belajar,belajar,aja
aman,aman,ama
mendukung,mendukung,duk
kebijakan,kebija,ebi
pemerintah,pemerin,meri
menanggapi,menanggap,angga
tantangan,tantang,anta
kementerian,menteri,ente
pendidikan,pendidi,pen
dasar,dasar,asa
menengah,menengah,eneng
kemendikdasmen,kemendikdasmen,das
mengeluarkan,mengeluar,elu
kebijakan,kebija,ebi
memperkuat,memperkuat,emper
pendidikan,pendidi,pen
karakter,karakter,ara
indonesia,indonesia,don
salah,salah,ala
langkah,langkah,angka
strategis,strategis,rat
penguatan,penguat,gua
peran,peran,era
guru,guru,guru
bimbingan,bimbing,bimbing
konseling,konseling,eling
mentor,mentor,mentor
pendamping,pendamping,dam
siswa,siswa,sis
kebijakan,kebija,ebi
guru,guru,guru
bimbingan,bimbing,bimbing
konseling,konseling,eling
berfungsi,berfungs,berfungs
pengawas,pengawas,awa
pembimbing,pembimbing,bimbing
aktif,aktif,aktif
membantu,membantu,ban
siswa,siswa,sis
mengatasi,mengatas,atas
hadapi,hadap,ada
lingkungan,lingkung,kung
sekolah,sekolah,kol
diharapkan,harap,ara
berkontribusi,berkontribus,berko
signifikan,signifikan,ikan
pengembangan,pengembang,ban
karakter,karakter,ara
kesejahteraan,sejahtera,eja
siswa,siswa,sis
peran,peran,era
guru,guru,guru
bimbingan,bimbing,bimbing
konseling,konseling,eling
guru,guru,guru
bk,bk,bk
berperan,berper,per
membentuk,membentuk,bentuk
sdm,sdm,sdm
mandiri,mandiri,diri
berkarakter,berkarakter,ara
guru,guru,guru
bk,bk,bk
konseling,konseling,eling
berfokus,berfokus,fokus
nilai,nilai,ilai
nilai,nilai,ilai
disiplin,disiplin,disiplin
tanggung,tanggung,anggun
kerja,kerja,kerja
keras,keras,era
etika,etika,etik
guru,guru,guru
bk,bk,bk
mengembangkan,mengembang,ban
keterampilan,terampil,era
komunikasi,komunikasi,asi
manajemen,manajemen,ana
konflik,konflik,konflik
kerja,kerja,kerja
tim,tim,tim
guru,guru,guru
bk,bk,bk
mendukung,mendukung,duk
kesehatan,sehat,seh
mental,mental,mental
kesehatan,sehat,seh
psikologis,psikologis,kol
siswa,siswa,sis
mendeteksi,mendeteks,eks
permasalahan,permasalah,ala
psikologis,psikologis,kol
pendampingan,pendamping,dam
layanan,layan,ayan
bk,bk,bk
peserta,serta,serta
didik,didik,didik
tenang,tenang,nan
nyaman,nyaman,ama
belajar,belajar,aja
percaya,percaya,per
menghadapi,menghadap,ada
tantangan,tantang,anta
sosial,sosial,sia
akademik,akademik,adem
guru,guru,guru
bk,bk,bk
mengarahkan,mengarah,ara
minat,minat,ina
bakat,bakat,bak
guru,guru,guru
bk,bk,bk
diharapkan,harap,ara
menciptakan,mencipta,cip
sekolah,sekolah,kol
nyaman,nyaman,ama
aman,aman,ama
guru,guru,guru
bk,bk,bk
harapkan,harap,ara
mengurangi,mengurang,rang
perilaku,perilaku,aku
bullying,bullying,bullying
lingkungan,lingkung,kung
sekolah,sekolah,kol
perilaku,perilaku,aku
bullying,bullying,bullying
anak,anak,ana
laki,laki,aki
laki,laki,aki
anak,anak,ana
perempuan,perempuan,empu
pembully,pembully,pembully
guru,guru,guru
bk,bk,bk
diharapkan,harap,ara
mengadakan,mengada,ada
konseling,konseling,eling
bimbingan,bimbing,bimbing
kelompok,kelompok,elo
anak,anak,ana
anak,anak,ana
perundungan,rundung,dung
siswa,siswa,sis
data,data,data
kpai,kpa,kpa
penurunan,penurun,nur
tingkat,tingkat,tin
kekerasan,keras,era
siswa,siswa,sis
disebabkan,sebab,bab
preventif,preventif,preventif
penurunan,penurun,nur
laporan,lapor,apo
data,data,data
simfoni,simfoni,fon
ppa,ppa,ppa
menunjukan,menunju,menu
tren,tren,tren
meningkat,meningkat,meni
disebabkan,sebab,bab
laporan,lapor,apo
meningkat,meningkat,meni
tim,tim,tim
pencegahan,pencegah,cegah
penanganan,penangan,angan
kekerasan,keras,era
ekosistem,ekosistem,ekosistem
satuan,satu,sat
pendidikan,pendidi,pen
satuan,satu,sat
tugas,tugas,gas
4,4,4
februari,februari,ari
2025,2025,2025
93,93,93
99,99,99
406,406,406
617,617,617
satuan,satu,sat
pendidikan,pendidi,pen
indonesia,indonesia,don
membentuk,membentuk,bentuk
tppk,tppk,tppk
kolaborasi,kolaborasi,asi
orang,orang,orang
tua,tua,tua
masyarakat,masyarakat,ara
melibatkan,libat,iba
orang,orang,orang
tua,tua,tua
komunitas,komunitas,kom
guru,guru,guru
bimbingan,bimbing,bimbing
konseling,konseling,eling
menciptakan,mencipta,cip
lingkungan,lingkung,kung
mendukung,mendukung,duk
perkembangan,perkembang,ban
karakter,karakter,ara
siswa,siswa,sis
aman,aman,ama
dihargai,harga,harga
tanggal,tanggal,angga
dipilih,pilih,ili
penghormatan,penghormat,hormat
sastrawan,sastraw,astra
william,william,william
shakespeare,shakespeare,are
miguel,miguel,gue
de,de,de
cervantes,cervantes,ante
wafat,wafat,wafa
berbeda,berbeda,beda
usulnya,usul,usul
tradisi,tradisi,adi
toko,toko,tok
buku,buku,buk
catalonia,catalonia,alon
spanyol,spanyol,pan
1923,1923,1923
menghormati,menghormat,hormat
karya,karya,arya
cervantes,cervantes,ante
diadopsi,diadops,dia
global,global,bal
buku,buku,buk
hak,hak,hak
cipta,cipta,cip
sedunia,dunia,dunia
mendorong,mendorong,dor
budaya,budaya,budaya
membaca,membaca,baca
penerbitan,penerbit,bit
perlindungan,perlindung,dung
hak,hak,hak
cipta,cipta,cip
momen,momen,momen
reflektif,reflektif,reflektif
menakar,menakar,akar
ulang,ulang,lang
manusia,manusia,anu
modern,modern,mode
menjadikan,menjadi,adi
buku,buku,buk
cermin,cermin,cermin
zaman,zaman,ama
jendela,jendela,ela
dunia,dunia,dunia
lanskap,lanskap,kap
digital,digital,digit
hiruk,hiruk,hiruk
pikuk,pikuk,kuk
muncul,muncul,mu
paradoks,paradoks,ara
pengetahuan,pengetahu,eta
diakses,akses,akses
genggaman,genggam,gam
masyarakat,masyarakat,ara
dunia,dunia,dunia
melabuhkan,labuh,abu
keheningan,hening,hening
buku,buku,buk
fisik,fisik,fisi
kebangkitan,bangkit,angkit
buku,buku,buk
fisik,fisik,fisi
era,era,era
digital,digital,digit
amerika,amerika,erik
serikat,serikat,erik
inggris,inggris,inggris
jerman,jerm,jerm
jepang,jepang,jepa
penjualan,penjual,jua
buku,buku,buk
cetak,cetak,cetak
meningkat,meningkat,meni
survei,survei,survei
pew,pew,pew
research,research,es
center,center,ente
2022,2022,2022
65,65,65
pembaca,pembaca,baca
muda,muda,mu
gen,gen,gen
z,z,z
memilih,memilih,ili
buku,buku,buk
fisik,fisik,fisi
alasan,alas,ala
sensorik,sensorik,sen
bau,bau,bau
kertas,kertas,kertas
tekstur,tekstur,eks
halaman,halaman,ala
ketiadaan,tiada,ada
kelelahan,lelah,ela
mata,mata,mat
fenomena,fenomena,enom
teori,teori,teori
embodied,embodied,bodi
cognition,cognition,ion
lakoff,lakoff,lak
johnson,johnson,johnson
1999,1999,1999
pengalaman,pengalam,ala
fisik,fisik,fisi
memengaruhi,memengaruh,aru
pemrosesan,pemroses,es
kognitif,kognitif,kognitif
membaca,membaca,baca
buku,buku,buk
fisik,fisik,fisi
dianggap,anggap,angga
menghadirkan,menghadir,adi
makna,makna,makna
dibandingkan,banding,ban
layar,layar,ayar
digital,digital,digit
cenderung,cenderung,cenderung
dangkal,dangkal,angka
shallow,shallow,hal
reading,reading,adi
derasnya,deras,dera
arus,arus,aru
digitalisasi,digitalisasi,ali
swedia,swedia,dia
mengadopsi,mengadops,dop
kebijakan,kebija,ebi
buku,buku,buk
fisik,fisik,fisi
15,15,15
buku,buku,buk
digital,digital,digit
pendidikan,pendidi,pen
pemerintah,pemerin,meri
swedia,swedia,dia
menemukan,menemu,mu
digitalisasi,digitalisasi,ali
masif,masif,asi
menurunkan,menurun,menu
tingkat,tingkat,tin
literasi,literas,era
pemahaman,pemaham,ham
membaca,membaca,baca
daya,daya,daya
konsentrasi,konsentrasi,asi
siswa,siswa,sis
fenomena,fenomena,enom
didukung,dukung,duk
survei,survei,survei
indonesia,indonesia,don
masyarakat,masyarakat,ara
memilih,memilih,ili
buku,buku,buk
fisik,fisik,fisi
dibandingkan,banding,ban
e,e,e
book,book,book
buku,buku,buk
fisik,fisik,fisi
nilai,nilai,ilai
kenyamanan,nyaman,ama
membaca,membaca,baca
kepuasan,puas,puas
psikologis,psikologis,kol
aspek,aspek,aspek
koleksi,koleksi,eks
dimiliki,milik,ili
buku,buku,buk
digital,digital,digit
kecenderungan,cenderung,cenderung
dianalisis,analisis,ali
pendekatan,pendekat,dek
teoritik,teoritik,itik
hermeneutika,hermeneutika,tik
psikologi,psikologi,kol
kognitif,kognitif,kognitif
membahas,membahas,bah
interaksi,interaksi,aksi
fisik,fisik,fisi
objek,objek,objek
bacaan,baca,baca
meningkatkan,meningkat,meni
pemahaman,pemaham,ham
retensi,retensi,ret
informasi,informasi,asi
studi,studi,studi
mizrachi,mizrach,mi
salaz,salaz,ala
2019,2019,2019
membaca,membaca,baca
buku,buku,buk
cetak,cetak,cetak
efektif,efektif,efek
pembelajaran,pembelajar,aja
akademik,akademik,adem
memudahkan,mudah,dah
penandaan,penanda,anda
konsentrasi,konsentrasi,asi
e,e,e
book,book,book
cocok,cocok,cocok
bacaan,baca,baca
ringan,ringan,inga
medium,medium,medium
membaca,membaca,baca
aksesibilitas,aksesibilitas,akses
kualitas,kualitas,ali
pengalaman,pengalam,ala
efektivitas,efektivitas,efek
kognitif,kognitif,kognitif
literasi,literas,era
indonesia,indonesia,don
terjebak,terjebak,bak
pusaran,pusar,pus
rendahnya,rendah,dah
minat,minat,ina
baca,baca,baca
indonesia,indonesia,don
pasar,pasar,asa
buku,buku,buk
digital,digital,digit
tumbuh,tumbuh,tum
minat,minat,ina
buku,buku,buk
cetak,cetak,cetak
bertahan,bertah,bertah
kalangan,kalang,ala
akademisi,akademisi,adem
pecinta,cinta,cinta
sastra,sastra,astra
studi,studi,studi
perpustakaan,perpustaka,per
nasional,nasional,asi
2023,2023,2023
menemukan,menemu,mu
72,72,72
mahasiswa,mahasiswa,asi
mudah,mudah,dah
berkonsentrasi,berkonsentras,berko
membaca,membaca,baca
buku,buku,buk
fisik,fisik,fisi
ironisnya,ironis,ironi
tingkat,tingkat,tin
literasi,literas,era
indonesia,indonesia,don
rendah,rendah,dah
berdasarkan,berdasar,asa
survei,survei,survei
pisa,pisa,isa
2022,2022,2022
indonesia,indonesia,don
peringkat,peringkat,ering
62,62,62
79,79,79
negara,negara,ara
kemampuan,mampu,ampu
membaca,membaca,baca
data,data,data
unesco,unesco,es
institute,institute,institut
for,for,for
statistics,statistics,ati
uis,uis,uis
indonesia,indonesia,don
menempati,menempat,empat
peringkat,peringkat,ering
100,100,100
208,208,208
negara,negara,ara
tingkat,tingkat,tin
literasi,literas,era
95,95,95
44,44,44
kalah,kalah,ala
negara,negara,ara
negara,negara,ara
tetangga,tetangga,angga
asia,asia,asi
tenggara,tenggara,ara
filipina,filipina,ili
brunei,brune,brune
singapura,singapura,apu
rendahnya,rendah,dah
literasi,literas,era
disebabkan,sebab,bab
faktor,faktor,aktor
utama,utama,ama
kurangnya,kurang,kur
minat,minat,ina
membaca,membaca,baca
keterbatasan,keterbatas,atas
sarana,sarana,ana
prasarana,prasarana,ana
peran,peran,era
keluarga,keluarga,elu
minim,minim,ini
mendukung,mendukung,duk
aktivitas,aktivitas,aktivitas
membaca,membaca,baca
pengaruh,pengaruh,aru
negatif,negatif,ati
televisi,televisi,isi
ponsel,ponsel,ons
pintar,pintar,pin
menarik,menarik,ari
perhatian,perhati,ati
anak,anak,ana
anak,anak,ana
remaja,remaja,aja
dibandingkan,banding,ban
buku,buku,buk
penelitian,peneliti,pen
rendahnya,rendah,dah
literasi,literas,era
indonesia,indonesia,don
bersifat,bersifat,sif
multidimensi,multidimensi,dim
akses,akses,akses
buku,buku,buk
timpang,timpang,pan
daerah,daerah,daerah
pedesaan,desa,desa
kesulitan,sulit,suli
memperoleh,memperoleh,emper
bahan,bahan,bah
bacaan,baca,baca
berkualitas,berkualitas,ali
kemdikbud,kemdikbud,dik
2023,2023,2023
budaya,budaya,budaya
lisan,lisan,isa
dominan,dominan,dom
tradisi,tradisi,adi
baca,baca,baca
mengakar,mengakar,akar
nugroho,nugroho,roh
2021,2021,2021
teori,teori,teori
social,social,social
practice,practice,practice
approach,approach,pro
street,street,street
1984,1984,1984
literasi,literas,era
kemampuan,mampu,ampu
teknis,teknis,teknis
praktik,praktik,praktik
sosial,sosial,sia
dipengaruhi,pengaruh,aru
lingkungan,lingkung,kung
indonesia,indonesia,don
minimnya,minim,ini
perpustakaan,perpustaka,per
ramah,ramah,ama
anak,anak,ana
mahalnya,mahal,hal
harga,harga,harga
buku,buku,buk
memperparah,memperparah,ara
kondisi,kondisi,isi
pendekatan,pendekat,dek
teoritis,teoritis,rit
kajian,kaji,aji
literasi,literas,era
indonesia,indonesia,don
diangkat,angkat,angka
jurnal,jurnal,jurnal
jurnal,jurnal,jurnal
ilmiah,ilmiah,ilmiah
nasional,nasional,asi
menekankan,menekan,enek
ekosistem,ekosistem,ekosistem
literasi,literas,era
meliputi,liput,lipu
keluarga,keluarga,elu
sekolah,sekolah,kol
masyarakat,masyarakat,ara
teori,teori,teori
ekologi,ekologi,ekologi
bronfenbrenner,bronfenbrenner,bren
diadaptasi,diadaptas,ada
konteks,konteks,eks
literasi,literas,era
menyoroti,menyorot,menyorot
interaksi,interaksi,aksi
individu,individu,idu
lingkungan,lingkung,kung
mikro,mikro,mi
keluarga,keluarga,elu
sekolah,sekolah,kol
menentukan,menentu,menentu
minat,minat,ina
kemampuan,mampu,ampu
membaca,membaca,baca
program,program,gram
program,program,gram
merdeka,merdeka,dek
belajar,belajar,aja
mengintegrasikan,mengintegrasi,asi
teknologi,teknologi,log
digital,digital,digit
pendidikan,pendidi,pen
diimbangi,imbang,ban
penguatan,penguat,gua
budaya,budaya,budaya
literasi,literas,era
berbasis,berbasis,asi
buku,buku,buk
fisik,fisik,fisi
kehilangan,hilang,hilang
esensi,esensi,es
pembelajaran,pembelajar,aja
mendalam,mendalam,ala
kabar,kabar,aba
kegemaran,gemar,gema
membaca,membaca,baca
indonesia,indonesia,don
tren,tren,tren
positif,positif,pos
indeks,indeks,dek
pembangunan,pembangun,ban
literasi,literas,era
masyarakat,masyarakat,ara
iplm,iplm,iplm
tingkat,tingkat,tin
gemar,gemar,gema
membaca,membaca,baca
tgm,tgm,tgm
mengalami,mengalam,ala
peningkatan,peningkat,ning
2024,2024,2024
kategori,kategori,ego
hasil,hasil,asi
kerja,kerja,kerja
keras,keras,era
perpustakaan,perpustaka,per
nasional,nasional,asi
pemerintah,pemerin,meri
daerah,daerah,daerah
berupaya,berupaya,beru
memperluas,memperluas,emper
akses,akses,akses
buku,buku,buk
meningkatkan,meningkat,meni
kualitas,kualitas,ali
pendidikan,pendidi,pen
literasi,literas,era
buku,buku,buk
sedunia,dunia,dunia
seremoni,seremoni,rem
pengingat,pengingat,gin
buku,buku,buk
fisik,fisik,fisi
digital,digital,digit
jendela,jendela,ela
dunia,dunia,dunia
lekang,lekang,ekang
derasnya,deras,dera
arus,arus,aru
digital,digital,digit
buku,buku,buk
fisik,fisik,fisi
kemunduran,mundur,dur
renungan,renung,nun
hakikat,hakikat,aki
membaca,membaca,baca
menyentuh,menyentuh,yen
hati,hati,ati
pikiran,pikir,kir
utuh,utuh,utuh
indonesia,indonesia,don
tantangannya,tantang,anta
membalik,membalik,ali
halaman,halaman,ala
sejarah,sejarah,ara
literasi,literas,era
cerah,cerah,cerah
buku,buku,buk
berperan,berper,per
jembatan,jembatan,bata
pengetahuan,pengetahu,eta
peradaban,peradab,ada
perubahan,rubah,bah
iklim,iklim,iklim
bencana,bencana,ana
alam,alam,ala
barangkali,barangkali,ali
membuatmu,membuat,bua
cemas,cemas,cema
takut,takut,aku
khawatir,khawatir,ati
perasaan,rasa,asa
muncul,muncul,mu
wajar,wajar,aja
menandakan,menanda,anda
memiliki,milik,ili
kepedulian,peduli,duli
lingkungan,lingkung,kung
level,level,level
stres,stres,es
pesimis,pesimis,es
depanmu,depan,depa
bumi,bumi,bum
tandanya,tanda,anda
mengalami,mengalam,ala
eco,eco,eco
anxiety,anxiety,anxiety
cemas,cemas,cema
situasi,situasi,asi
lingkungan,lingkung,kung
menerus,menerus,eru
berdampak,berdampak,dam
buruk,buruk,bur
kesehatan,sehat,seh
studi,studi,studi
gejala,gejala,ala
eco,eco,eco
anxiety,anxiety,anxiety
berdaya,berdaya,daya
frustasi,frustas,tas
perasaan,rasa,asa
putus,putus,putu
asa,asa,asa
keresahan,resah,es
memicu,memicu,mem
serangan,serang,era
panik,panik,ani
panic,panic,ani
attack,attack,attack
gangguan,ganggu,gang
konsentrasi,konsentrasi,asi
gangguan,ganggu,gang
tidur,tidur,dur
studi,studi,studi
menyebut,menyebut,menyebut
gen,gen,gen
z,z,z
kelompok,kelompok,elo
mengalami,mengalam,ala
eco,eco,eco
anxiety,anxiety,anxiety
studi,studi,studi
menyebut,menyebut,menyebut
peningkatan,peningkat,ning
kecemasan,cemas,cema
anak,anak,ana
muda,muda,mu
terkait,terkait,kait
krisis,krisis,isi
iklim,iklim,iklim
memengaruhi,memengaruh,aru
kesehatan,sehat,seh
mental,mental,mental
eco,eco,eco
anxiety,anxiety,anxiety
berlarut,berlarut,aru
larut,larut,aru
lakukan,laku,aku
mengalihkan,mengalih,ali
energimu,energi,energi
pengembangan,pengembang,ban
kontrol,kontrol,kontrol
keterlibatan,keterlibat,eter
sosial,sosial,sia
aksi,aksi,aksi
lingkungan,lingkung,kung
langkah,langkah,angka
langkah,langkah,angka
ambil,ambil,ambi
1,1,1
batasi,batas,atas
paparan,papar,apa
informasi,informasi,asi
negatif,negatif,ati
salah,salah,ala
penyebab,penyebab,bab
eco,eco,eco
anxiety,anxiety,anxiety
mengonsumsi,mengonsums,ons
berita,berita,beri
berisi,beris,beri
kabar,kabar,aba
buruk,buruk,bur
pesimistis,pesimistis,es
mengimbangi,mengimbang,ban
konten,konten,konte
konten,konten,konte
ikuti,ikut,ikut
media,media,dia
sosial,sosial,sia
mengikuti,mengikut,ikut
akun,akun,aku
akun,akun,aku
membahas,membahas,bah
permasalahan,permasalah,ala
lingkungan,lingkung,kung
mengikuti,mengikut,ikut
akun,akun,aku
akun,akun,aku
berisi,beris,beri
konten,konten,konte
positif,positif,pos
aksi,aksi,aksi
aksi,aksi,aksi
lingkungan,lingkung,kung
cemas,cemas,cema
muncul,muncul,mu
mengendalikan,mengendali,ali
situasi,situasi,asi
buruk,buruk,bur
mengikuti,mengikut,ikut
akun,akun,aku
akun,akun,aku
menawarkan,menawar,awa
solusi,solusi,lus
lingkungan,lingkung,kung
optimisme,optimisme,mi
muncul,muncul,mu
bukti,bukti,buk
diubah,ubah,bah
aksi,aksi,aksi
nyata,nyata,nyata
2,2,2
bergabung,bergabung,abu
komunitas,komunitas,kom
cari,cari,ari
komunitas,komunitas,kom
organisasi,organisasi,ani
fokus,fokus,fokus
pelestarian,lestari,ari
lingkungan,lingkung,kung
bergabung,bergabung,abu
komunitas,komunitas,kom
memiliki,milik,ili
tujuan,tuju,tuju
concern,concern,once
dukungan,dukung,duk
emosional,emosional,emosi
memperkuat,memperkuat,emper
keterhubungan,keterhubung,bun
3,3,3
terlibat,terlibat,iba
aksi,aksi,aksi
lingkungan,lingkung,kung
langkah,langkah,angka
lakukan,laku,aku
berpartisipasi,berpartisipas,arti
aksi,aksi,aksi
lingkungan,lingkung,kung
skala,skala,ala
studi,studi,studi
membuktikan,membukti,buk
partisipasi,partisipasi,arti
membangun,membangun,ban
keyakinan,yakin,aki
kelompok,kelompok,elo
mengatasi,mengatas,atas
krisis,krisis,isi
lingkungan,lingkung,kung
self,self,sel
and,and,and
community,community,mu
efficacy,efficacy,efficacy
level,level,level
sederhana,sederhana,ana
clicktivism,clicktivism,clicktivism
mendukung,mendukung,duk
aksi,aksi,aksi
lingkungan,lingkung,kung
daring,daring,ari
aktif,aktif,aktif
mengunggah,mengunggah,gah
konten,konten,konte
konten,konten,konte
pro,pro,pro
lingkungan,lingkung,kung
level,level,level
luas,luas,luas
aktif,aktif,aktif
aksi,aksi,aksi
eco,eco,eco
volunteering,volunteering,ering
edukasi,edukasi,asi
masyarakat,masyarakat,ara
terdampak,terdampak,dam
bencana,bencana,ana
bergabung,bergabung,abu
aktivis,aktivis,aktivis
konservasi,konservasi,asi
indonesia,indonesia,don
masyarakat,masyarakat,ara
generasi,generasi,asi
muda,muda,mu
memiliki,milik,ili
perhatian,perhati,ati
isu,isu,isu
lingkungan,lingkung,kung
menyuarakannya,menyuara,ara
temukan,temu,mu
studi,studi,studi
tim,tim,tim
bendungan,bendung,bendu
katulampa,katulampa,katul
kota,kota,kota
bogor,bogor,bogor
bendungan,bendung,bendu
salah,salah,ala
hulu,hulu,hulu
sungai,sungai,gai
ciliwung,ciliwung,cili
kerap,kerap,era
dituding,tuding,din
pengirim,pengirim,gir
banjir,banjir,anjir
jakarta,jakarta,akar
menemui,menemu,mu
kelompok,kelompok,elo
muda,muda,mu
usulan,usul,usul
terlibat,terlibat,iba
mengatasi,mengatas,atas
air,air,air
mengurangi,mengurang,rang
risiko,risiko,isi
banjir,banjir,anjir
menyampaikannya,menyampai,ampai
menjembatani,menjembatan,bata
komunikasi,komunikasi,asi
pemerintah,pemerin,meri
forum,forum,forum
salah,salah,ala
satunya,satu,sat
wali,wali,ali
kota,kota,kota
bogor,bogor,bogor
bima,bima,bima
arya,arya,arya
hasil,hasil,asi
diskusi,diskusi,diskus
tercetus,tercetus,cetus
rekomendasi,rekomendasi,asi
pemberdayaan,pemberdaya,daya
masyarakat,masyarakat,ara
pelatihan,latih,ati
pengelolaan,pengelola,elo
air,air,air
teknik,teknik,nik
mencegah,mencegah,cegah
pencemaran,pencemar,cema
menjaga,menjaga,aga
kelestarian,lestari,ari
sumber,sumber,sum
air,air,air
mendorong,mendorong,dor
penerapan,penerap,era
sistem,sistem,sis
pemanen,pemanen,man
air,air,air
hujan,hujan,hujan
masyarakat,masyarakat,ara
belajar,belajar,aja
konservasi,konservasi,asi
air,air,air
saluran,salur,alu
resmi,resmi,es
anak,anak,ana
muda,muda,mu
terlibat,terlibat,iba
kebijakan,kebija,ebi
aksi,aksi,aksi
lingkungan,lingkung,kung
minim,minim,ini
forum,forum,forum
formal,formal,forma
inklusif,inklusif,inklusif
sesuai,sesuai,es
gaya,gaya,gaya
komunikasi,komunikasi,asi
akibatnya,akibat,aki
muncul,muncul,mu
frustrasi,frustrasi,asi
dipercaya,percaya,per
apatis,apatis,apa
suara,suara,ara
didengar,dengar,den
berdampak,berdampak,dam
peran,peran,era
kampus,kampus,ampu
medsos,medsos,medsos
salah,salah,ala
kelompok,kelompok,elo
resah,resah,es
krisis,krisis,isi
iklim,iklim,iklim
anak,anak,ana
muda,muda,mu
kebanyakan,kebanya,ban
kampus,kampus,ampu
media,media,dia
sosial,sosial,sia
medsos,medsos,medsos
medium,medium,medium
strategis,strategis,rat
memengaruhi,memengaruh,aru
pola,pola,pol
pikir,pikir,kir
perilaku,perilaku,aku
anak,anak,ana
muda,muda,mu
kampus,kampus,ampu
mengintegrasikan,mengintegrasi,asi
program,program,gram
isu,isu,isu
lingkungan,lingkung,kung
mata,mata,mat
kuliah,kuliah,kuli
studi,studi,studi
proyek,proyek,oyek
kolaborasi,kolaborasi,asi
mitra,mitra,mi
edukasi,edukasi,asi
kampanye,kampanye,kam
peduli,peduli,duli
lingkungan,lingkung,kung
pendekatan,pendekat,dek
lakukan,laku,aku
mengajar,mengajar,aja
universitas,universitas,sit
gadjah,gadjah,jah
mada,mada,ada
ugm,ugm,ugm
menyelaraskan,menyelaras,ara
praktikum,praktikum,praktik
teknik,teknik,nik
lingkungan,lingkung,kung
identifikasi,identifikasi,asi
sumber,sumber,sum
pencemaran,pencemar,cema
analisis,analisis,ali
perencanaan,rencana,ana
saluran,salur,alu
sungai,sungai,gai
program,program,gram
kegiatan,giat,giat
mahasiswa,mahasiswa,asi
aksi,aksi,aksi
bersih,bersih,bersih
sungai,sungai,gai
mahasiswa,mahasiswa,asi
belajar,belajar,aja
berkontribusi,berkontribus,berko
nyata,nyata,nyata
lingkungan,lingkung,kung
kampus,kampus,ampu
berkolaborasi,berkolaboras,berko
mitra,mitra,mi
mengampanyekan,mengampanye,gam
program,program,gram
program,program,gram
pro,pro,pro
lingkungan,lingkung,kung
pengurangan,pengurang,pen
penggunaan,pengguna,gun
plastik,plastik,las
pakai,pakai,pakai
kantin,kantin,anti
kampus,kampus,ampu
fakultas,fakultas,aku
ilmu,ilmu,ilmu
sosial,sosial,sia
ilmu,ilmu,ilmu
politik,politik,itik
universitas,universitas,sit
indonesia,indonesia,don
fisip,fisip,fisi
ui,u,u
media,media,dia
sosial,sosial,sia
mendorong,mendorong,dor
perubahan,rubah,bah
menyajikan,menyaji,aji
narasi,narasi,ara
storytelling,storytelling,lin
mendorong,mendorong,dor
perubahan,rubah,bah
sosial,sosial,sia
contoh,contoh,contoh
akun,akun,aku
pegiat,giat,giat
lingkungan,lingkung,kung
berpengaruh,berpengaruh,aru
pandawaragroup,pandawaragroup,anda
aeshnina,aeshnina,es
pandawara,pandawara,anda
menggugah,menggugah,gah
kesadaran,sadar,ada
publik,publik,lik
membersihkan,membersih,bersih
sungai,sungai,gai
kotor,kotor,kotor
nina,nina,ina
mengadvokasi,mengadvokas,kas
perubahan,rubah,bah
pemerintah,pemerin,meri
lokal,lokal,lok
pusat,pusat,pus
tingkat,tingkat,tin
internasional,internasional,asi
berbicara,berbicara,ara
forum,forum,forum
unfcc,unfcc,unfcc
cop26,cop26,cop
2021,2021,2021
global,global,bal
plastic,plastic,las
treaty,treaty,treaty
negotiation,negotiation,ati
2024,2024,2024
pandawara,pandawara,anda
diundang,undang,dan
berdiskusi,berdiskus,diskus
presiden,presiden,den
membahas,membahas,bah
solusi,solusi,lus
sampah,sampah,pah
indonesia,indonesia,don
tindak,tindak,tin
konkret,konkret,konkret
membuktikan,membukti,buk
konsistensi,konsistensi,konsisten
kampanye,kampanye,kam
lingkungan,lingkung,kung
berdampak,berdampak,dam
cemas,cemas,cema
mengubah,mengubah,bah
aksi,aksi,aksi
aksi,aksi,aksi
langkah,langkah,angka
sederhana,sederhana,ana
menyebar,menyebar,bar
konten,konten,konte
konten,konten,konte
aksi,aksi,aksi
lingkungan,lingkung,kung
medsos,medsos,medsos
mengubah,mengubah,bah
perilaku,perilaku,aku
ramah,ramah,ama
lingkungan,lingkung,kung
selamat,selamat,ama
bumi,bumi,bum
aksimu,aksi,aksi
februari,februari,ari
2025,2025,2025
badan,badan,ada
standar,standar,anda
kurikulum,kurikulum,kulum
asesmen,asesmen,es
pendidikan,pendidi,pen
kementerian,menteri,ente
pendidikan,pendidi,pen
dasar,dasar,asa
menengah,menengah,eneng
kemendikdasmen,kemendikdasmen,das
republik,republik,lik
indonesia,indonesia,don
merilis,rilis,ili
naskah,naskah,kah
akademik,akademik,adem
pembelajaran,pembelajar,aja
koding,koding,din
kecerdasan,cerdas,cerdas
artifisial,artifisial,arti
kka,kka,kka
naskah,naskah,kah
acuan,acu,acu
kebijakan,kebija,ebi
rencana,rencana,ana
menjadikan,menjadi,adi
kka,kka,kka
mata,mata,mat
pelajaran,pelajar,aja
pilihan,pilih,ili
sekolah,sekolah,kol
dasar,dasar,asa
sd,sd,sd
sekolah,sekolah,kol
menengah,menengah,eneng
kejuruan,juru,juru
sma,sma,sma
smk,smk,smk
sekolah,sekolah,kol
sekolah,sekolah,kol
dinilai,nila,nila
menyelenggarakan,menyelenggara,ara
kelas,kelas,ela
pemerintah,pemerin,meri
beralasan,beralas,ala
mata,mata,mat
pelajaran,pelajar,aja
meningkatkan,meningkat,meni
daya,daya,daya
saing,saing,ain
sumber,sumber,sum
daya,daya,daya
manusia,manusia,anu
sdm,sdm,sdm
indonesia,indonesia,don
kancah,kancah,anca
global,global,bal
keputusan,putus,putu
kemendikdasmen,kemendikdasmen,das
kebijakan,kebija,ebi
elitis,elitis,elitis
capital,capital,api
driven,driven,driven
memprioritaskan,memprioritas,mem
pemilik,milik,ili
modal,modal,dal
berpihak,berpihak,hak
kepentingan,penting,pen
masyarakat,masyarakat,ara
ketersediaan,ketersedia,dia
sumber,sumber,sum
daya,daya,daya
guru,guru,guru
kompeten,kompeten,kom
mengajarkan,mengajar,aja
kka,kka,kka
infrastruktur,infrastruktur,infrastruktur
teknologi,teknologi,log
merata,rata,rat
wilayah,wilayah,ayah
kehadiran,hadir,adi
mata,mata,mat
pelajaran,pelajar,aja
elite,elite,elite
memperlebar,memperlebar,bar
jurang,jurang,jura
ketimpangan,timpang,pan
pendidikan,pendidi,pen
indonesia,indonesia,don
ketergantungan,ketergantung,antun
sumber,sumber,sum
daya,daya,daya
implementasi,implementasi,asi
mata,mata,mat
pelajaran,pelajar,aja
kka,kka,kka
perangkat,perangkat,angka
komputer,komputer,kom
koneksi,koneksi,eks
internet,internet,intern
stabil,stabil,stabil
memakai,maka,maka
pendekatan,pendekat,dek
unplugged,unplugged,plug
metode,metode,metode
mengajarkan,mengajar,aja
konsep,konsep,konsep
konsep,konsep,konsep
dasar,dasar,asa
komputasi,komputas,kom
permainan,permain,ain
teka,teka,teka
teki,teki,teki
simulasi,simulasi,asi
kegiatan,giat,giat
fisik,fisik,fisi
metode,metode,metode
dirancang,rancang,anca
mengilustrasikan,mengilustrasi,asi
logika,logika,log
algoritma,algoritma,gori
representasi,representasi,asi
data,data,data
konsep,konsep,konsep
komputasi,komputas,kom
menyenangkan,menyenang,nan
interaktif,interaktif,aktif
pendekatan,pendekat,dek
tenaga,tenaga,aga
pengajar,pengajar,aja
kompetensi,kompetensi,kom
bidang,bidang,bida
teknologi,teknologi,log
kka,kka,kka
diajarkan,ajar,aja
unplugged,unplugged,plug
kka,kka,kka
dasarnya,dasar,asa
disiplin,disiplin,disiplin
ilmu,ilmu,ilmu
praktis,praktis,praktis
melibatkan,libat,iba
penggunaan,pengguna,gun
perangkat,perangkat,angka
lunak,lunak,lunak
bahasa,bahasa,asa
pemrograman,pemrogram,gram
rute,rute,rute
unplugged,unplugged,plug
pengalaman,pengalam,ala
langsung,langsung,angsu
menulis,menulis,lis
kode,kode,kode
menjalankan,menjalan,ala
program,program,gram
debugging,debugging,debu
tindakan,tinda,tin
mendeteksi,mendeteks,eks
menemukan,menemu,mu
memperbaiki,memperbaik,baik
kesalahan,salah,ala
program,program,gram
berinteraksi,berinteraks,beri
komputer,komputer,kom
kecerdasan,cerdas,cerdas
buatan,buat,bua
ai,a,a
sesungguhnya,sungguh,sun
konsep,konsep,konsep
kka,kka,kka
kompleks,kompleks,eks
abstrak,abstrak,abstrak
butuh,butuh,butuh
representasi,representasi,asi
visual,visual,isu
interaktif,interaktif,aktif
komputer,komputer,kom
cepat,cepat,cepat
lambat,lambat,lam
pembelajaran,pembelajar,aja
membutuhkan,membutuh,butuh
komputer,komputer,kom
internet,internet,intern
sumber,sumber,sum
daya,daya,daya
mudah,mudah,dah
diakses,akses,akses
sekolah,sekolah,kol
sekolah,sekolah,kol
perkotaan,perkota,kota
data,data,data
2020,2020,2020
8,8,8
522,522,522
sekolah,sekolah,kol
indonesia,indonesia,don
tersambung,tersambung,ambung
jaringan,jaring,ari
listrik,listrik,istri
42,42,42
159,159,159
sekolah,sekolah,kol
memiliki,milik,ili
sambungan,sambung,ambung
internet,internet,intern
kondisi,kondisi,isi
sekolah,sekolah,kol
sekolah,sekolah,kol
daerah,daerah,daerah
tertinggal,tertinggal,erti
terdepan,terdep,ter
terluar,terluar,luar
3t,3t,3t
terpinggirkan,terpinggir,gir
menggeser,menggeser,es
orientasi,orientasi,asi
pendidikan,pendidi,pen
karakter,karakter,ara
capital,capital,api
driven,driven,driven
kebijakan,kebija,ebi
ketergantungan,ketergantung,antun
industri,industri,dus
teknologi,teknologi,log
perusahaan,perusaha,eru
perusahaan,perusaha,eru
bergerak,bergerak,era
bidang,bidang,bida
koding,koding,din
ai,a,a
kurikulum,kurikulum,kulum
materi,materi,mat
ajar,ajar,aja
kka,kka,kka
dirancang,rancang,anca
cermat,cermat,cermat
berorientasi,berorientas,entas
kepentingan,penting,pen
nasional,nasional,asi
luas,luas,luas
berisiko,risiko,isi
didikte,dikte,dik
kebutuhan,butuh,butuh
pasar,pasar,asa
kepentingan,penting,pen
korporasi,korporasi,asi
kekuasaan,kuasa,asa
pembelajaran,pembelajar,aja
kka,kka,kka
diarahkan,arah,ara
menghasilkan,menghasil,asi
lulusan,lulus,lulus
sektor,sektor,sek
ekonomi,ekonomi,ekon
digital,digital,digit
dianggap,anggap,angga
strategis,strategis,rat
kelompok,kelompok,elo
berkuasa,berkuasa,asa
potensi,potensi,pot
kebutuhan,butuh,butuh
sektor,sektor,sek
pendidikan,pendidi,pen
kesehatan,sehat,seh
ketahanan,tahan,tahan
pangan,pangan,angan
lingkungan,lingkung,kung
hidup,hidup,dup
industri,industri,dus
manufaktur,manufaktur,anu
terabaikan,terabai,aba
penekanan,penekan,enek
keterampilan,terampil,era
teknis,teknis,teknis
spesifik,spesifik,es
mengorbankan,mengorban,ban
pemahaman,pemaham,ham
konseptual,konseptual,konsep
kemampuan,mampu,ampu
berpikir,berpikir,kir
kritis,kritis,kritis
kka,kka,kka
didukung,dukung,duk
keterampilan,terampil,era
dasar,dasar,asa
berujung,berujung,beru
ketergantungan,ketergantung,antun
peralatan,ralat,ala
digital,digital,digit
menyebabkan,menyebab,bab
performa,performa,forma
belajar,belajar,aja
anak,anak,ana
menurun,menurun,menu
urgensi,urgensi,gen
relevansi,relevansi,rel
kka,kka,kka
mata,mata,mat
pelajaran,pelajar,aja
pilihan,pilih,ili
dipertimbangkan,dipertimbang,ban
matang,matang,mat
konteks,konteks,eks
kebutuhan,butuh,butuh
pendidikan,pendidi,pen
mendasar,mendasar,asa
daerah,daerah,daerah
tantangan,tantang,anta
utama,utama,ama
berkisar,berkisar,isa
pemenuhan,pemenuh,menu
kebutuhan,butuh,butuh
dasar,dasar,asa
ketersediaan,ketersedia,dia
buku,buku,buk
ruang,ruang,rua
kelas,kelas,ela
layak,layak,ayak
guru,guru,guru
kompeten,kompeten,kom
mata,mata,mat
pelajaran,pelajar,aja
inti,inti,inti
membaca,membaca,baca
matematika,matematika,ati
kejelasan,jelas,ela
tujuan,tuju,tuju
jangka,jangka,angka
kebijakan,kebija,ebi
tujuannya,tuju,tuju
mata,mata,mat
menghasilkan,menghasil,asi
tenaga,tenaga,aga
kerja,kerja,kerja
industri,industri,dus
teknologi,teknologi,log
kah,kah,kah
visi,visi,isi
luas,luas,luas
koding,koding,din
ai,a,a
memberdayakan,memberdaya,daya
masyarakat,masyarakat,ara
fokusnya,fokus,fokus
sempit,sempit,pit
pemenuhan,pemenuh,menu
kebutuhan,butuh,butuh
industri,industri,dus
kebijakan,kebija,ebi
berisiko,risiko,isi
mengabaikan,mengabai,aba
potensi,potensi,pot
kka,kka,kka
alat,alat,ala
mengembangkan,mengembang,ban
kemampuan,mampu,ampu
berpikir,berpikir,kir
kritis,kritis,kritis
problem,problem,lem
solving,solving,sol
kreativitas,kreativitas,ati
potensi,potensi,pot
kerja,kerja,kerja
swasta,swasta,asta
penyediaan,penyedia,dia
platform,platform,lat
pembelajaran,pembelajar,aja
pelatihan,latih,ati
guru,guru,guru
sertifikasi,sertifikasi,asi
membuka,membuka,buk
celah,celah,cela
komersialisasi,komersialisasi,ali
pendidikan,pendidi,pen
mengalihkan,mengalih,ali
fokus,fokus,fokus
tujuan,tuju,tuju
utama,utama,ama
pendidikan,pendidi,pen
memerdekakan,merdeka,dek
manusia,manusia,anu
pengembangan,pengembang,ban
guru,guru,guru
mata,mata,mat
pelajaran,pelajar,aja
negara,negara,ara
maju,maju,aju
menerapkan,menerap,era
kelas,kelas,ela
koding,koding,din
cina,cina,cina
korea,korea,kor
selatan,selatan,ela
singapura,singapura,apu
negara,negara,ara
negara,negara,ara
memiliki,milik,ili
dasar,dasar,asa
literasi,literas,era
penalaran,nalar,ala
skor,skor,kor
pisa,pisa,isa
500,500,500
skor,skor,kor
pisa,pisa,isa
indonesia,indonesia,don
400,400,400
kerap,kerap,era
luput,luput,lup
perhatian,perhati,ati
inti,inti,inti
dasar,dasar,asa
capaian,capai,apa
pembelajaran,pembelajar,aja
kka,kka,kka
keterampilan,terampil,era
ai,a,a
menulis,menulis,lis
kode,kode,kode
pemrograman,pemrogram,gram
penelitian,peneliti,pen
intinya,inti,inti
terletak,terletak,eta
keterampilan,terampil,era
berpikir,berpikir,kir
komputasional,komputasional,asi
kbk,kbk,kbk
etika,etika,etik
pemanfaatan,manfaat,man
teknologi,teknologi,log
ept,ept,ept
kbk,kbk,kbk
keterampilan,terampil,era
pemecahan,cah,cah
menyadari,menyadar,ada
komputer,komputer,kom
membantu,membantu,ban
mengatasi,mengatas,atas
detail,detail,detail
sub,sub,sub
kbk,kbk,kbk
dekomposisi,dekomposisi,dek
pengenalan,pengenal,gen
pola,pola,pol
abstraksi,abstraksi,abstrak
berpikir,berpikir,kir
algoritmis,algoritmis,gori
ept,ept,ept
mencakup,mencakup,aku
privasi,privasi,asi
data,data,data
kekayaan,kaya,kaya
intelektual,intelektual,intel
kesenjangan,senjang,sen
digital,digital,digit
alih,alih,ali
alih,alih,ali
menambah,menambah,ambah
mata,mata,mat
pelajaran,pelajar,aja
konsep,konsep,konsep
kbk,kbk,kbk
ept,ept,ept
diintegrasikan,integrasi,asi
mata,mata,mat
pelajaran,pelajar,aja
literasi,literas,era
numerasi,numeras,era
sains,sains,ain
teknologi,teknologi,log
informasi,informasi,asi
komunikasi,komunikasi,asi
tik,tik,tik
belajar,belajar,aja
ekosistem,ekosistem,ekosistem
mengamati,mengamat,ama
lingkungan,lingkung,kung
guru,guru,guru
mengajak,mengajak,aja
siswa,siswa,sis
simulasi,simulasi,asi
digital,digital,digit
dibutuhkan,butuh,butuh
mata,mata,mat
pelajaran,pelajar,aja
pelatihan,latih,ati
berkelanjutan,berkelanjut,anju
guru,guru,guru
mengadopsi,mengadops,dop
teknologi,teknologi,log
pembelajaran,pembelajar,aja
teknologi,teknologi,log
ai,a,a
pisau,pisau,isa
keahlian,ahli,ahli
memakai,maka,maka
alatnya,alat,ala
mendasar,mendasar,asa
bangun,bangun,ban
langkah,langkah,angka
kesadaran,sadar,ada
alih,alih,ali
alih,alih,ali
instrumen,instrumen,instrumen
pemerataan,rata,rat
pendidikan,pendidi,pen
pembelajaran,pembelajar,aja
kka,kka,kka
berpotensi,berpotens,pot
memperkuat,memperkuat,emper
kelas,kelas,ela
sosial,sosial,sia
berdasarkan,berdasar,asa
akses,akses,akses
teknologi,teknologi,log
pengetahuan,pengetahu,eta
terbiasa,terbiasa,asa
menghabiskan,menghabis,abis
berjam,berjam,jam
jam,jam,jam
berselancar,berselancar,anca
media,media,dia
sosial,sosial,sia
menggali,menggal,mengga
informasi,informasi,asi
terhubung,terhubung,bun
teman,teman,man
dunia,dunia,dunia
disadari,sadar,ada
aktivitas,aktivitas,aktivitas
berisiko,risiko,isi
mengganggu,mengganggu,enggan
kesehatan,sehat,seh
otak,otak,otak
mentalmu,mental,mental
salah,salah,ala
dampaknya,dampak,dam
timbulnya,timbul,tim
eating,eating,ati
disorder,disorder,disorder
gangguan,ganggu,gang
makan,makan,akan
gangguan,ganggu,gang
mental,mental,mental
perubahan,rubah,bah
perilaku,perilaku,aku
makan,makan,akan
normal,normal,mal
sehat,sehat,seh
gangguan,ganggu,gang
makan,makan,akan
kecanduan,candu,candu
media,media,dia
sosial,sosial,sia
dianggap,anggap,angga
remeh,remeh,rem
baca,baca,baca
ulasan,ulas,las
terhindar,terhindar,dar
bahayanya,bahaya,bah
efek,efek,efek
media,media,dia
sosial,sosial,sia
picu,picu,picu
gangguan,ganggu,gang
makan,makan,akan
gangguan,ganggu,gang
makan,makan,akan
jenis,jenis,jenis
mental,mental,mental
dialami,alam,ala
anak,anak,ana
muda,muda,mu
dasawarsa,dasawarsa,asa
contohnya,contoh,contoh
anoreksia,anoreksia,anoreksia
nervosa,nervosa,nervosa
takut,takut,aku
berlebih,berlebih,ebi
kenaikan,kenai,ken
berat,berat,bera
badan,badan,ada
bulimia,bulimia,bulimia
nervosa,nervosa,nervosa
memuntahkan,muntah,mu
makanan,makan,akan
dikonsumsi,dikonsums,dik
binge,binge,bin
eating,eating,ati
disorder,disorder,disorder
sulit,sulit,suli
menahan,menah,mena
nafsu,nafsu,naf
makan,makan,akan
ulasan,ulas,las
2023,2023,2023
15,15,15
ribu,ribu,ibu
63,63,63
ribu,ribu,ibu
remaja,remaja,aja
16,16,16
negara,negara,ara
mengalami,mengalam,ala
gangguan,ganggu,gang
makan,makan,akan
remaja,remaja,aja
negara,negara,ara
maju,maju,aju
singapura,singapura,apu
kecanduan,candu,candu
media,media,dia
sosial,sosial,sia
terbukti,terbukt,buk
salah,salah,ala
faktor,faktor,aktor
meningkatkan,meningkat,meni
risiko,risiko,isi
kaum,kaum,aum
muda,muda,mu
mengalami,mengalam,ala
gangguan,ganggu,gang
makan,makan,akan
penelitian,peneliti,pen
2023,2023,2023
mengungkap,mengungkap,gun
444,444,444
peserta,serta,serta
782,782,782
remaja,remaja,aja
usia,usia,sia
14,14,14
17,17,17
mengalami,mengalam,ala
gangguan,ganggu,gang
makan,makan,akan
akibat,akibat,aki
aktivitas,aktivitas,aktivitas
digital,digital,digit
perkembangan,perkembang,ban
otak,otak,otak
fase,fase,fase
menyebabkan,menyebab,bab
remaja,remaja,aja
kelompok,kelompok,elo
rentan,rentan,renta
mengalami,mengalam,ala
kecanduan,candu,candu
media,media,dia
sosial,sosial,sia
gangguan,ganggu,gang
makan,makan,akan
gangguan,ganggu,gang
makan,makan,akan
dialami,alam,ala
perempuan,perempuan,empu
cenderung,cenderung,cenderung
puas,puas,puas
cemas,cemas,cema
bentuk,bentuk,bentuk
tubuhnya,tubuh,tubuh
kegemukan,kegemu,mu
kurus,kurus,kur
terpapar,terpapar,apa
konten,konten,konte
media,media,dia
sosial,sosial,sia
menonjolkan,menonjol,non
citra,citra,cit
tubuh,tubuh,tubuh
ideal,ideal,ide
contohnya,contoh,contoh
tren,tren,tren
fitspiration,fitspiration,ati
menginspirasi,menginspiras,gin
orang,orang,orang
orang,orang,orang
berolahraga,berolahraga,aga
memiliki,milik,ili
gaya,gaya,gaya
hidup,hidup,dup
sehat,sehat,seh
bak,bak,bak
pedang,pedang,dan
bermata,bermata,berma
konten,konten,konte
fitspiration,fitspiration,ati
berisiko,risiko,isi
mendorong,mendorong,dor
remaja,remaja,aja
memiliki,milik,ili
perilaku,perilaku,aku
makan,makan,akan
normal,normal,mal
sehat,sehat,seh
kontrol,kontrol,kontrol
pola,pola,pol
makan,makan,akan
mengonsumsi,mengonsums,ons
suplemen,suplemen,lem
penambah,penambah,ambah
stamina,stamina,ami
membahayakan,membahaya,bah
kesehatan,sehat,seh
gangguan,ganggu,gang
makan,makan,akan
berkembang,berkembang,ban
kebiasaan,biasa,asa
memiliki,milik,ili
pola,pola,pol
perilaku,perilaku,aku
menyerupai,menyerupa,eru
kecanduan,candu,candu
media,media,dia
sosial,sosial,sia
zat,zat,zat
adiktif,adiktif,adi
pengidapnya,pengidap,dap
kesulitan,sulit,suli
lepas,lepas,lepa
kebiasaan,biasa,asa
akibat,akibat,aki
otak,otak,otak
melepaskan,lepas,lepa
hormon,hormon,hormon
dopamin,dopamin,ami
menimbulkan,menimbul,meni
senang,senang,nan
ketagihan,tagih,agih
menerima,menerima,rim
pengakuan,pengaku,aku
orang,orang,orang
bentuk,bentuk,bentuk
like,like,lik
comment,comment,om
media,media,dia
sosial,sosial,sia
gangguan,ganggu,gang
makan,makan,akan
pengidapnya,pengidap,dap
membantu,membantu,ban
memiliki,milik,ili
citra,citra,cit
tubuh,tubuh,tubuh
sosok,sosok,sok
diidamkan,idam,dam
menyadari,menyadar,ada
perilaku,perilaku,aku
konsumsi,konsumsi,konsumsi
makanannya,makan,akan
sehat,sehat,seh
bahaya,bahaya,bah
gangguan,ganggu,gang
makan,makan,akan
diabaikan,abai,aba
remaja,remaja,aja
membutuhkan,membutuh,butuh
asupan,asup,asu
zat,zat,zat
gizi,gizi,gizi
makanan,makan,akan
menjaga,menjaga,aga
kesehatannya,sehat,seh
zat,zat,zat
gizi,gizi,gizi
karbohidrat,karbohidrat,drat
lemak,lemak,lem
protein,protein,pro
vitamin,vitamin,ami
mineral,mineral,era
kebutuhan,butuh,butuh
zat,zat,zat
gizi,gizi,gizi
tercukupi,tercukup,cuk
berisiko,risiko,isi
menimbulkan,menimbul,meni
kesehatan,sehat,seh
anemia,anemia,anemia
kekurangan,kurang,kur
sel,sel,sel
darah,darah,ara
merah,merah,era
malnutrisi,malnutrisi,isi
kekurangan,kurang,kur
kelebihan,lebih,ebi
gizi,gizi,gizi
mudah,mudah,dah
lelah,lelah,ela
penurunan,penurun,nur
berat,berat,bera
badan,badan,ada
drastis,drastis,drastis
rambut,rambut,ram
rontok,rontok,rontok
tanda,tanda,anda
tanda,tanda,anda
malnutrisi,malnutrisi,isi
diabaikan,abai,aba
kebiasaan,biasa,asa
gangguan,ganggu,gang
makan,makan,akan
diteruskan,terus,eru
remaja,remaja,aja
berisiko,risiko,isi
mengalami,mengalam,ala
kesehatan,sehat,seh
serius,serius,seri
bulimia,bulimia,bulimia
nervosa,nervosa,nervosa
berisiko,risiko,isi
menyebabkan,menyebab,bab
rahang,rahang,hang
membengkak,membengkak,bengkak
menstruasi,menstruasi,asi
teratur,teratur,atur
kerusakan,rusa,rusa
gigi,gigi,gigi
gusi,gusi,gus
berdarah,berdarah,ara
anoreksia,anoreksia,anoreksia
nervosa,nervosa,nervosa
berisiko,risiko,isi
memicu,memicu,mem
gangguan,ganggu,gang
irama,irama,ama
jantung,jantung,antun
kerusakan,rusa,rusa
otak,otak,otak
perempuan,perempuan,empu
terpenuhinya,terpenuh,pen
zat,zat,zat
gizi,gizi,gizi
remaja,remaja,aja
jangka,jangka,angka
meningkatkan,meningkat,meni
risiko,risiko,isi
anak,anak,ana
dilahirkannya,lahir,lah
kelak,kelak,ela
mengalami,mengalam,ala
stunting,stunting,tin
mengatasi,mengatas,atas
gangguan,ganggu,gang
makan,makan,akan
kecanduan,candu,candu
media,media,dia
sosial,sosial,sia
mengalami,mengalam,ala
eating,eating,ati
disorder,disorder,disorder
akibat,akibat,aki
kecanduan,candu,candu
media,media,dia
sosial,sosial,sia
atasi,atas,atas
1,1,1
detoks,detoks,tok
media,media,dia
sosial,sosial,sia
lakukan,laku,aku
detoks,detoks,tok
jeda,jeda,jeda
bermain,bermain,ain
media,media,dia
sosial,sosial,sia
perlahan,perlahan,lah
hindari,hindar,dar
bermain,bermain,ain
media,media,dia
sosial,sosial,sia
sehari,sehar,seh
seminggu,minggu,inggu
sebulan,sebul,sebu
hapus,hapus,apu
media,media,dia
sosial,sosial,sia
tubuhmu,tubuh,tubuh
menjalani,menjalan,ala
puasa,puasa,asa
dopamin,dopamin,ami
mengurangi,mengurang,rang
kecemasan,cemas,cema
aktivitas,aktivitas,aktivitas
digital,digital,digit
2,2,2
bersosialisasi,bersosialisas,ali
lakukan,laku,aku
hobi,hobi,hobi
alihkan,alih,ali
energi,energi,energi
perhatianmu,perhati,ati
perbanyak,perbanyak,anyak
berinteraksi,berinteraks,beri
teman,teman,man
keluarga,keluarga,elu
komunitas,komunitas,kom
sejalan,sejal,eja
hobimu,hobi,hobi
lakukan,laku,aku
kegiatan,giat,giat
menyenangkan,menyenang,nan
hati,hati,ati
berolahraga,berolahraga,aga
bermain,bermain,ain
musik,musik,mu
merajut,rajut,aju
menari,menar,mena
berkebun,berkebun,bun
3,3,3
bijak,bijak,bijak
beraktivitas,beraktivitas,aktivitas
digital,digital,digit
bijak,bijak,bijak
media,media,dia
sosial,sosial,sia
mengurangi,mengurang,rang
risiko,risiko,isi
kecanduan,candu,candu
contohnya,contoh,contoh
batasi,batas,atas
penggunaannya,pengguna,gun
30,30,30
menit,menit,meni
pelajari,pelajar,aja
perilaku,perilaku,aku
daring,daring,ari
bertanggung,bertanggung,anggun
memilah,mi,mi
informasi,informasi,asi
mengakses,mengakses,akses
konten,konten,konte
berkualitas,berkualitas,ali
pembuat,pembuat,bua
konten,konten,konte
kredibel,kredibel,bel
4,4,4
hubungi,hubung,bun
profesional,profesional,es
ragu,ragu,ragu
menghubungi,menghubung,bun
tenaga,tenaga,aga
profesional,profesional,es
psikolog,psikolog,kol
psikiater,psikiater,kia
merekomendasikan,rekomendasi,asi
terapi,terapi,api
pengobatan,pengobat,gob
mengatasi,mengatas,atas
kecanduan,candu,candu
media,media,dia
sosial,sosial,sia
parah,parah,ara
menghubungi,menghubung,bun
ahli,ahli,ahli
gizi,gizi,gizi
mengatasi,mengatas,atas
gangguan,ganggu,gang
makan,makan,akan
ahli,ahli,ahli
gizi,gizi,gizi
bantu,bantu,ban
memperbaiki,memperbaik,baik
pola,pola,pol
makanmu,makan,akan
merekomedasikan,merekomedasi,asi
perencanaan,rencana,ana
pola,pola,pol
makan,makan,akan
gangguan,ganggu,gang
makan,makan,akan
akibat,akibat,aki
kecanduan,candu,candu
media,media,dia
sosial,sosial,sia
ditanggapi,tanggap,angga
serius,serius,seri
lakukan,laku,aku
tips,tips,tip
terhindar,terhindar,dar
bahayanya,bahaya,bah
kenikmatannya,nikmat,mat
makan,makan,akan
junk,junk,jun
food,food,food
meningkatkan,meningkat,meni
risiko,risiko,isi
kesehatan,sehat,seh
obesitas,obesitas,besi
depresi,depresi,depresi
pencernaan,pencerna,cerna
penyakit,penyakit,aki
jantung,jantung,antun
stroke,stroke,oke
kanker,kanker,kan
diabetes,diabetes,abet
tipe,tipe,tip
2,2,2
efek,efek,efek
makan,makan,akan
junk,junk,jun
food,food,food
halodoc,halodoc,hal
jakarta,jakarta,akar
junk,junk,jun
food,food,food
alias,alias,ali
makanan,makan,akan
cepat,cepat,cepat
saji,saji,aji
digemari,gemar,gema
masyarakat,masyarakat,ara
gurih,gurih,guri
penyajiannya,penyaji,aji
cepat,cepat,cepat
junk,junk,jun
food,food,food
kerap,kerap,era
tampilan,tampil,pil
menarik,menarik,ari
cocok,cocok,cocok
dipublikasikan,publikasi,asi
media,media,dia
sosial,sosial,sia
plus,plus,lus
junk,junk,jun
food,food,food
bahaya,bahaya,bah
diwaspadai,waspada,ada
makan,makan,akan
junk,junk,jun
food,food,food
meningkatkan,meningkat,meni
risiko,risiko,isi
obesitas,obesitas,besi
depresi,depresi,depresi
pencernaan,pencerna,cerna
penyakit,penyakit,aki
jantung,jantung,antun
stroke,stroke,oke
kanker,kanker,kan
diabetes,diabetes,abet
tipe,tipe,tip
2,2,2
memperpendek,memperpendek,dek
ingatan,ingat,inga
mood,mood,mood
swing,swing,wing
junk,junk,jun
food,food,food
makanan,makan,akan
minuman,minum,mi
nilai,nilai,ilai
gizi,gizi,gizi
rendah,rendah,dah
lemak,lemak,lem
gula,gula,gul
garam,garam,ara
makanan,makan,akan
cepat,cepat,cepat
saji,saji,aji
menyehatkan,menyehat,menyehat
salad,salad,ala
sushi,sush,sus
sandwich,sandwich,sandwich
jenis,jenis,jenis
junk,junk,jun
food,food,food
berbahaya,berbahaya,bah
kesehatan,sehat,seh
simak,simak,imak
bahayanya,bahaya,bah
1,1,1
memperpendek,memperpendek,dek
daya,daya,daya
mengonsumsi,mengonsums,ons
junk,junk,jun
food,food,food
menurunkan,menurun,menu
kemampuan,mampu,ampu
otak,otak,otak
berpikir,berpikir,kir
gula,gula,gul
lemak,lemak,lem
dikaitkan,kait,kait
gangguan,ganggu,gang
memori,memori,mem
mengonsumsi,mengonsums,ons
makanan,makan,akan
gula,gula,gul
lemak,lemak,lem
diduga,duga,duga
merusak,rusak,rusa
memori,memori,mem
hippocampal,hippocampal,cam
2,2,2
cepat,cepat,cepat
tua,tua,tua
kandungan,kandung,dung
junk,junk,jun
food,food,food
memicu,memicu,mem
inflamasi,inflamasi,ama
peradangan,radang,ada
mempercepat,mempercepat,cepat
proses,proses,es
penuaan,penua,pen
kulit,kulit,kuli
mudah,mudah,dah
berkeriput,berkeriput,keri
mengalami,mengalam,ala
penuaan,penua,pen
konsumsi,konsumsi,konsumsi
junk,junk,jun
food,food,food
memperpendek,memperpendek,dek
telomer,telomer,elo
struktur,struktur,struktur
kromosom,kromosom,krom
penanda,penanda,anda
usia,usia,sia
biologis,biologis,biolog
manusia,manusia,anu
3,3,3
kecanduan,candu,candu
junk,junk,jun
food,food,food
kecanduan,candu,candu
kecanduan,candu,candu
sulit,sulit,suli
mengontrol,mengontrol,rol
nafsu,nafsu,naf
makan,makan,akan
junk,junk,jun
food,food,food
merangsang,rangsang,angsa
sistem,sistem,sis
penghargaan,pengharga,harga
otak,otak,otak
obat,obat,obat
obatan,obat,obat
adiktif,adiktif,adi
kokain,kokain,ain
4,4,4
depresi,depresi,depresi
kecanduan,candu,candu
junk,junk,jun
food,food,food
level,level,level
depresi,depresi,depresi
sulit,sulit,suli
mengendalikan,mengendali,ali
stres,stres,es
tekanan,kanan,ana
mengonsumsi,mengonsums,ons
junk,junk,jun
food,food,food
data,data,data
kesehatan,sehat,seh
national,national,ati
library,library,ibra
of,of,of
medicine,medicine,medicine
konsumsi,konsumsi,konsumsi
junk,junk,jun
food,food,food
meningkatkan,meningkat,meni
risiko,risiko,isi
gangguan,ganggu,gang
kejiwaan,jiwa,jiwa
perilaku,perilaku,aku
kekerasan,keras,era
anak,anak,ana
remaja,remaja,aja
membiasakan,membiasa,asa
mengonsumsi,mengonsums,ons
makanan,makan,akan
sehat,sehat,seh
pendekatan,pendekat,dek
efektif,efektif,efek
meningkatkan,meningkat,meni
kesehatan,sehat,seh
mental,mental,mental
sedari,dar,dar
5,5,5
mood,mood,mood
swing,swing,wing
mood,mood,mood
swing,swing,wing
alias,alias,ali
perubahan,rubah,bah
mood,mood,mood
mengonsumsi,mengonsums,ons
cupcake,cupcake,cak
kadar,kadar,ada
gula,gula,gul
tubuh,tubuh,tubuh
meningkat,meningkat,meni
menimbulkan,menimbul,meni
perasaan,rasa,asa
bahagia,bahagia,bah
efeknya,efek,efek
hilang,hilang,hilang
kesenangan,senang,nan
hilang,hilang,hilang
berganti,bergant,erg
hampa,hampa,ham
menghindari,menghindar,dar
bahaya,bahaya,bah
junk,junk,jun
food,food,food
mengatur,mengatur,atur
diet,diet,diet
sehat,sehat,seh
makanan,makan,akan
cepat,cepat,cepat
saji,saji,aji
keripik,keripik,keri
kue,kue,kue
biskuit,biskuit,bis
cokelat,cokelat,cok
permen,permen,per
minuman,minum,mi
manis,manis,ani
makanan,makan,akan
diproses,proses,es
rendah,rendah,dah
nutrisi,nutrisi,isi
sayangnya,sayang,ayan
makanan,makan,akan
minuman,minum,mi
menambah,menambah,ambah
nilai,nilai,ilai
apapun,apa,apa
gula,gula,gul
lemak,lemak,lem
jenuh,jenuh,jenu
garam,garam,ara
menyenangkan,menyenang,nan
dimakan,dima,dim
konsumsi,konsumsi,konsumsi
junk,junk,jun
food,food,food
berbahaya,berbahaya,bah
kesehatan,sehat,seh
diet,diet,diet
sehat,sehat,seh
terbiasa,terbiasa,asa
mengonsumsi,mengonsums,ons
junk,junk,jun
food,food,food
1,1,1
konsumsi,konsumsi,konsumsi
makanan,makan,akan
berbasis,berbasis,asi
protein,protein,pro
kacang,kacang,acan
kacangan,kacang,acan
buncis,buncis,bun
kacang,kacang,acan
merah,merah,era
kacang,kacang,acan
panggang,panggang,angga
lentil,lentil,lentil
daging,daging,dagi
lemak,lemak,lem
ayam,ayam,ayam
telur,telur,elu
ikan,ikan,ikan
keju,keju,keju
yoghurt,yoghurt,yoghurt
susu,susu,sus
membantu,membantu,ban
kenyang,kenyang,ken
kelompok,kelompok,elo
makanan,makan,akan
mengurangi,mengurang,rang
ngemil,ngemil,gemi
junk,junk,jun
food,food,food
makan,makan,akan
2,2,2
makan,makan,akan
kesadaran,sadar,ada
hindari,hindar,dar
mengemil,ngemil,gemi
junk,junk,jun
food,food,food
tv,tv,tv
mengemudi,mengemud,mu
memegang,memegang,gang
gadget,gadget,gadget
menghindari,menghindar,dar
konsumsi,konsumsi,konsumsi
makanan,makan,akan
sehat,sehat,seh
cobalah,coba,coba
makan,makan,akan
meja,meja,eja
matikan,mati,ati
gadget,gadget,gadget
membantu,membantu,ban
makan,makan,akan
kesadaran,sadar,ada
memperhatikan,memperhati,ati
makanan,makan,akan
makan,makan,akan
fokuslah,fokus,fokus
tekstur,tekstur,eks
sensasi,sensasi,asi
makanan,makan,akan
masuk,masuk,asu
mulut,mulut,lut
3,3,3
pilihan,pilih,ili
sehat,sehat,seh
makanan,makan,akan
makanan,makan,akan
melewati,lewat,ewa
proses,proses,es
pengolahan,pengolah,gol
pilihan,pilih,ili
makanan,makan,akan
sehat,sehat,seh
lapar,lapar,apa
butuh,butuh,butuh
kudapan,kudap,dap
makanlah,makan,akan
segenggam,genggam,gam
kacang,kacang,acan
biskuit,biskuit,bis
gandum,gandum,dum
keju,keju,keju
hummus,hummus,mu
potongan,potong,ong
buah,buah,bua
terlanjur,terlanjur,anju
doyan,doyan,doyan
junk,junk,jun
food,food,food
panik,panik,ani
batasi,batas,atas
konsumsi,konsumsi,konsumsi
makanan,makan,akan
cepat,cepat,cepat
saji,saji,aji
diskusikan,diskusi,diskus
dokter,dokter,dok
aplikasi,aplikasi,aplikasi
halodoc,halodoc,hal
janji,janji,janji
pemeriksaan,pemeriksa,erik
kondisi,kondisi,isi
kesehatanmu,sehat,seh
yuk,yuk,yuk
download,download,download
halodoc,halodoc,hal
referensi,referensi,referen
insider,insider,ide
com,com,om
diakses,akses,akses
2022,2022,2022
eating,eating,ati
a,a,a
lot,lot,lot
of,of,of
processed,processed,es
foods,foods,foods
could,could,could
cause,cause,aus
your,your,your
body,body,body
to,to,to
age,age,age
more,more,more
quickly,quickly,quickly
a,a,a
new,new,new
study,study,study
suggests,suggests,es
healthline,healthline,lin
diakses,akses,akses
2022,2022,2022
one,one,one
week,week,week
of,of,of
junk,junk,jun
food,food,food
may,may,may
be,be,be
enough,enough,enough
to,to,to
damage,damage,ama
your,your,your
memory,memory,mem
healthline,healthline,lin
diakses,akses,akses
2022,2022,2022
how,how,how
food,food,food
addiction,addiction,ion
works,works,works
and,and,and
what,what,what
to,to,to
do,do,do
about,about,about
it,it,it
national,national,ati
library,library,ibra
of,of,of
medicine,medicine,medicine
diakses,akses,akses
2022,2022,2022
association,association,ati
between,between,bet
junk,junk,jun
food,food,food
consumption,consumption,ion
and,and,and
mental,mental,mental
health,health,health
in,in,in
a,a,a
national,national,ati
sample,sample,sample
of,of,of
iranian,irani,ani
children,children,children
and,and,and
adolescents,adolescents,dol
the,the,the
caspian,caspi,cas
iv,iv,iv
study,study,study
publik,publik,lik
dikejutkan,kejut,keju
pemberitaan,pemberita,beri
dugaan,duga,duga
kekerasan,keras,era
seksual,seksual,eks
melibatkan,libat,iba
peserta,serta,serta
program,program,gram
pendidikan,pendidi,pen
dokter,dokter,dok
spesialis,spesialis,ali
ppds,ppds,ppds
salah,salah,ala
rumah,rumah,mah
sakit,sakit,aki
pendidikan,pendidi,pen
ternama,ternama,ama
indonesia,indonesia,don
terlepas,terlepas,lepa
proses,proses,es
hukum,hukum,hukum
berjalan,berjal,berjal
asas,asas,asa
praduga,praduga,adu
bersalah,bersa,bersa
dijunjung,junjung,jun
menyentuh,menyentuh,yen
titik,titik,itik
hubungan,hubung,bun
pelaku,pela,ela
korban,korban,ban
menyibak,menyibak,bak
lapisan,lapis,api
lapisan,lapis,api
gelap,gelap,ela
sistem,sistem,sis
pendidikan,pendidi,pen
kedokteran,dokter,dok
spesialis,spesialis,ali
dibiarkan,biar,biar
berjalan,berjal,berjal
hierarki,hierarki,era
kaku,kaku,aku
minim,minim,ini
pengawasan,pengawas,awa
rapuh,rapuh,apu
perlindungan,perlindung,dung
hukum,hukum,hukum
masyarakat,masyarakat,ara
mendambakan,mendamba,dam
dokter,dokter,dok
spesialis,spesialis,ali
unggul,unggul,gul
cerdas,cerdas,cerdas
sigap,sigap,gap
penuh,penuh,pen
empati,empati,ati
proses,proses,es
mencetak,mencetak,cetak
dokter,dokter,dok
diliputi,liput,lipu
krisis,krisis,isi
mengkhawatirkan,mengkhawatir,ati
survei,survei,survei
kementerian,menteri,ente
kesehatan,sehat,seh
maret,maret,are
2024,2024,2024
22,22,22
4,4,4
peserta,serta,serta
ppds,ppds,ppds
mengalami,mengalam,ala
gejala,gejala,ala
depresi,depresi,depresi
3,3,3
3,3,3
mengaku,menga,menga
memiliki,milik,ili
pikiran,pikir,kir
hidup,hidup,dup
angka,angka,angka
sinyal,sinyal,sin
bahaya,bahaya,bah
serius,serius,seri
layanan,layan,ayan
kesehatan,sehat,seh
negeri,negeri,neger
mahasiswa,mahasiswa,asi
pekerja,kerja,kerja
ppds,ppds,ppds
residen,residen,den
praktiknya,praktik,praktik
status,status,atus
hukum,hukum,hukum
belajar,belajar,aja
mahasiswa,mahasiswa,asi
pengertian,pengerti,erti
konvensional,konvensional,ion
duduk,duduk,duduk
ruang,ruang,rua
kuliah,kuliah,kuli
laboratorium,laboratorium,ato
tenaga,tenaga,aga
medis,medis,medis
diakui,aku,aku
struktural,struktural,struktur
sistem,sistem,sis
kepegawaian,pegawai,awa
rumah,rumah,mah
sakit,sakit,aki
undang,undang,dan
undang,undang,dan
nomor,nomor,nomor
20,20,20
2013,2013,2013
pendidikan,pendidi,pen
kedokteran,dokter,dok
pendidikan,pendidi,pen
profesi,profesi,es
spesialis,spesialis,ali
pendidikan,pendidi,pen
akademik,akademik,adem
bertujuan,bertuju,tuju
membentuk,membentuk,bentuk
kompetensi,kompetensi,kom
dokter,dokter,dok
celah,celah,cela
muncul,muncul,mu
pendidikan,pendidi,pen
praktik,praktik,praktik
lapangan,lapang,apa
residen,residen,den
menjalani,menjalan,ala
tugas,tugas,gas
tugas,tugas,gas
klinis,klinis,ini
kali,kali,ali
berat,berat,bera
esensial,esensial,es
operasionalisasi,operasionalisasi,ali
rumah,rumah,mah
sakit,sakit,aki
perlindungan,perlindung,dung
hukum,hukum,hukum
selayaknya,layak,ayak
tenaga,tenaga,aga
kerja,kerja,kerja
jaminan,jamin,ami
sosial,sosial,sia
etika,etika,etik
kedokteran,dokter,dok
buku,buku,buk
praktik,praktik,praktik
bangku,bangku,angku
kuliah,kuliah,kuli
mahasiswa,mahasiswa,asi
kedokteran,dokter,dok
diajarkan,ajar,aja
kode,kode,kode
etik,etik,etik
profesi,profesi,es
kode,kode,kode
etik,etik,etik
kedokteran,dokter,dok
indonesia,indonesia,don
kodeki,kodek,dek
tertulis,tertulis,lis
dokter,dokter,dok
wajib,wajib,aji
menjunjung,menjunjung,jun
martabat,martabat,aba
kemanusiaan,manusia,anu
menghormati,menghormat,hormat
hak,hak,hak
pasien,pasien,asi
sejawat,jawat,awa
bertindak,bertindak,erti
berdasarkan,berdasar,asa
integritas,integritas,integritas
moral,moral,moral
realitas,realitas,ali
sistem,sistem,sis
ppds,ppds,ppds
prinsip,prinsip,prinsip
prinsip,prinsip,prinsip
kerap,kerap,era
dibenturkan,bentur,bentur
kultur,kultur,kult
mengakar,mengakar,akar
seniorisme,seniorisme,sen
tekanan,kanan,ana
akademik,akademik,adem
pembiaran,pembiar,biar
kekerasan,keras,era
simbolik,simbolik,bol
fisik,fisik,fisi
nama,nama,ama
pendidikan,pendidi,pen
etika,etika,etik
profesi,profesi,es
berhenti,berhent,berhent
teks,teks,eks
praktik,praktik,praktik
dijalani,jalan,ala
uu,uu,uu
nomor,nomor,nomor
29,29,29
2004,2004,2004
praktik,praktik,praktik
kedokteran,dokter,dok
tenaga,tenaga,aga
medis,medis,medis
dokter,dokter,dok
menempuh,menempuh,empu
pendidikan,pendidi,pen
tunduk,tunduk,duk
prinsip,prinsip,prinsip
etik,etik,etik
bertanggung,bertanggung,anggun
tindakannya,tinda,tin
kekerasan,keras,era
kekerasan,keras,era
seksual,seksual,eks
ditoleransi,ditolerans,dito
bentuk,bentuk,bentuk
alasan,alas,ala
institusi,institusi,institusi
pendidikan,pendidi,pen
kedokteran,dokter,dok
relasi,relasi,asi
kuasa,kuasa,asa
kesehatan,sehat,seh
mental,mental,mental
pengawasan,pengawas,awa
mengkhawatirkan,mengkhawatir,ati
sistem,sistem,sis
relasi,relasi,asi
kuasa,kuasa,asa
timpang,timpang,pan
residen,residen,den
pembimbing,pembimbing,bimbing
residen,residen,den
senior,senior,sen
yunior,yunior,uni
kondisi,kondisi,isi
pengawasan,pengawas,awa
lemah,lemah,lem
institusi,institusi,institusi
kedokteran,dokter,dok
memiliki,milik,ili
mekanisme,mekanisme,ani
pelaporan,lapor,apo
kekerasan,keras,era
pelecehan,leceh,leceh
aman,aman,ama
berpihak,berpihak,hak
korban,korban,ban
kalah,kalah,ala
kesehatan,sehat,seh
mental,mental,mental
tekanan,kanan,ana
akademik,akademik,adem
beban,beban,ban
kerja,kerja,kerja
klinis,klinis,ini
isolasi,isolasi,asi
sosial,sosial,sia
dialami,alam,ala
peserta,serta,serta
ppds,ppds,ppds
pemicu,pemicu,mi
stres,stres,es
kronis,kronis,kroni
kecemasan,cemas,cema
gangguan,ganggu,gang
perilaku,perilaku,aku
sayangnya,sayang,ayan
sistem,sistem,sis
menjadikan,menjadi,adi
asesmen,asesmen,es
kesehatan,sehat,seh
mental,mental,mental
standar,standar,anda
wajib,wajib,aji
seleksi,seleksi,eks
evaluasi,evaluasi,alu
berkala,berkala,ala
residen,residen,den
alat,alat,ala
minnesota,minnesota,es
multiphasic,multiphasic,asi
personality,personality,ali
inventory,inventory,inventor
mmpi,mmp,mmp
luas,luas,luas
dunia,dunia,dunia
psikologi,psikologi,kol
klinis,klinis,ini
seleksi,seleksi,eks
pekerjaan,kerja,kerja
berisiko,risiko,isi
membantu,membantu,ban
mengidentifikasi,mengidentifikas,den
potensi,potensi,pot
psikologis,psikologis,kol
gangguan,ganggu,gang
kepribadian,pribadi,adi
kecenderungan,cenderung,cenderung
agresif,agresif,agresi
tersembunyi,tersembuny,bun
diterapkan,terap,era
bijak,bijak,bijak
tes,tes,es
pagar,pagar,aga
mencegah,mencegah,cegah
orang,orang,orang
orang,orang,orang
risiko,risiko,isi
masuk,masuk,asu
sistem,sistem,sis
pendidikan,pendidi,pen
menuntut,menuntut,menu
stabilitas,stabilitas,ili
emosi,emosi,emosi
kemampuan,mampu,ampu
relasi,relasi,asi
interpersonal,interpersonal,nal
solusi,solusi,lus
saran,saran,ara
reformasi,reformasi,asi
sistem,sistem,sis
ppds,ppds,ppds
keharusan,harus,aru
opsi,opsi,opsi
pemerintah,pemerin,meri
kementerian,menteri,ente
kesehatan,sehat,seh
kementerian,menteri,ente
pendidikan,pendidi,pen
sains,sains,ain
teknologi,teknologi,log
langkah,langkah,angka
konkret,konkret,konkret
berulang,berulang,beru
sistem,sistem,sis
berpihak,berpihak,hak
keselamatan,selamat,ama
pertumbuhan,pertumbuh,per
peserta,serta,serta
didik,didik,didik
langkah,langkah,angka
konkret,konkret,konkret
diterapkan,terap,era
1,1,1
penegasan,penegas,gas
status,status,atus
hukum,hukum,hukum
ppds,ppds,ppds
pemerintah,pemerin,meri
menetapkan,menetap,eta
status,status,atus
hukum,hukum,hukum
ppds,ppds,ppds
dibiarkan,biar,biar
mengambang,mengambang,ambang
mahasiswa,mahasiswa,asi
tenaga,tenaga,aga
kerja,kerja,kerja
status,status,atus
hak,hak,hak
perlindungan,perlindung,dung
batasan,batas,atas
kewajiban,wajib,aji
adil,adil,adi
hukum,hukum,hukum
2,2,2
mekanisme,mekanisme,ani
pelaporan,lapor,apo
aman,aman,ama
independent,independent,den
rumah,rumah,mah
sakit,sakit,aki
pendidikan,pendidi,pen
institusi,institusi,institusi
kedokteran,dokter,dok
wajib,wajib,aji
memiliki,milik,ili
unit,unit,uni
pengaduan,pengadu,adu
independen,independen,den
berpihak,berpihak,hak
korban,korban,ban
memiliki,milik,ili
kekuatan,kuat,kuat
mengintervensi,mengintervens,gin
anonimitas,anonimitas,anonim
keamanan,aman,ama
pelapor,lapor,apo
tindakan,tinda,tin
responsif,responsif,es
standar,standar,anda
3,3,3
tes,tes,es
kejiwaan,jiwa,jiwa
konseling,konseling,eling
psikologis,psikologis,kol
berkala,berkala,ala
asesmen,asesmen,es
psikologis,psikologis,kol
mmpi,mmp,mmp
syarat,syarat,ara
wajib,wajib,aji
proses,proses,es
seleksi,seleksi,eks
calon,calon,alon
residen,residen,den
situ,situ,itu
pendampingan,pendamping,dam
psikologis,psikologis,kol
berkala,berkala,ala
pendidikan,pendidi,pen
diinstitusikan,institusi,institusi
dianggap,anggap,angga
beban,beban,ban
tujuannya,tuju,tuju
mencari,mencar,mencar
cari,cari,ari
kelemahan,lemah,lem
mental,mental,mental
membantu,membantu,ban
peserta,serta,serta
didik,didik,didik
memahami,memaham,ham
batas,batas,atas
stresnya,stres,es
mengenali,mengenal,gen
emosi,emosi,emosi
memproses,memproses,es
tekanan,kanan,ana
sehat,sehat,seh
konseling,konseling,eling
tanda,tanda,anda
lemah,lemah,lem
pelatihan,latih,ati
dokter,dokter,dok
utuh,utuh,utuh
disebabkan,sebab,bab
merawat,rawat,awa
orang,orang,orang
dirawat,rawat,awa
menanamkan,menanam,ana
etika,etika,etik
hierarki,hierarki,era
toksik,toksik,ksi
salah,salah,ala
akar,akar,akar
terbesar,terbesar,besar
sistem,sistem,sis
pendidikan,pendidi,pen
dokter,dokter,dok
spesialis,spesialis,ali
indonesia,indonesia,don
budaya,budaya,budaya
senioritas,senioritas,rit
jarang,jarang,ara
berubah,rubah,bah
kekuasaan,kuasa,asa
etika,etika,etik
tumbuh,tumbuh,tum
takut,takut,aku
peneladanan,peneladan,ada
dialog,dialog,dia
sehat,sehat,seh
membangun,membangun,ban
model,model,mode
relasi,relasi,asi
berdasarkan,berdasar,asa
hierarki,hierarki,era
prinsip,prinsip,prinsip
dasar,dasar,asa
1,1,1
respect,respect,es
takut,takut,aku
muda,muda,mu
menghormati,menghormat,hormat
tua,tua,tua
takut,takut,aku
dibentak,bentak,benta
diintimidasi,diintimidas,das
menghargai,mengharga,harga
ilmu,ilmu,ilmu
pengalaman,pengalam,ala
dedikasi,dedikasi,asi
tua,tua,tua
pembimbing,pembimbing,bimbing
kaka,kaka,kak
kelas,kelas,ela
sadar,sadar,ada
hormat,hormat,hormat
dipaksa,paksa,aksa
ditumbuhkan,tumbuh,tum
keteladanan,teladan,ada
kebaikan,kebai,kebai
keadilan,adil,adi
2,2,2
sistem,sistem,sis
mentoring,mentoring,mentor
formal,formal,forma
senioritas,senioritas,rit
digantikan,ganti,anti
mentoring,mentoring,mentor
peserta,serta,serta
didik,didik,didik
menjalani,menjalan,ala
pendidikan,pendidi,pen
diarahkan,arah,ara
mentor,mentor,mentor
penguasa,penguasa,asa
informal,informal,forma
dibekali,bekal,bek
pelatihan,latih,ati
komunikasi,komunikasi,asi
etika,etika,etik
tanggung,tanggung,anggun
pembina,pembina,bin
karakter,karakter,ara
penjaga,penjaga,aga
tradisi,tradisi,adi
keras,keras,era
3,3,3
evaluasi,evaluasi,alu
etika,etika,etik
budaya,budaya,budaya
semester,semester,es
ujian,uji,uji
akademik,akademik,adem
evaluasi,evaluasi,alu
iklim,iklim,iklim
etik,etik,etik
psikososial,psikososial,psi
lingkungan,lingkung,kung
pendidikan,pendidi,pen
spesialis,spesialis,ali
berkala,berkala,ala
peserta,serta,serta
aman,aman,ama
nilai,nilai,ilai
menghargai,mengharga,harga
dijalankan,jalan,ala
survei,survei,survei
dijadikan,jadi,adi
dasar,dasar,asa
reformasi,reformasi,asi
internal,internal,intern
berkelanjutan,berkelanjut,anju
mendidik,mendidik,didik
nilai,nilai,ilai
ilmu,ilmu,ilmu
pendidikan,pendidi,pen
kedokteran,dokter,dok
mencetak,mencetak,cetak
dokter,dokter,dok
keterampilan,terampil,era
klinis,klinis,ini
mumpuni,mumpuni,mu
membentuk,membentuk,bentuk
pribadi,pribadi,adi
mendengar,mendengar,den
memahami,memaham,ham
merawat,rawat,awa
manusia,manusia,anu
empati,empati,ati
rumah,rumah,mah
sakit,sakit,aki
alat,alat,ala
tercanggih,tercanggih,cang
lulusan,lulus,lulus
nilai,nilai,ilai
akademik,akademik,adem
terbaik,terbaik,baik
sistemnya,sistem,sis
membiarkan,membiar,biar
kekerasan,keras,era
membungkam,membungkam,bun
korban,korban,ban
memproduksi,memproduks,duk
dokter,dokter,dok
dokter,dokter,dok
dingin,dingin,din
moral,moral,moral
gagal,gagal,aga
bangsa,bangsa,angsa
mengganti,menggant,enggan
kultur,kultur,kult
kekerasan,keras,era
kultur,kultur,kult
kepedulian,peduli,duli
diterapkan,terap,era
menghapus,menghapus,apu
nilai,nilai,ilai
nilai,nilai,ilai
luhur,luhur,luhur
hormat,hormat,hormat
disiplin,disiplin,disiplin
pengabdian,pengabdi,abdi
menata,menata,mena
ulang,ulang,lang
sistem,sistem,sis
dokter,dokter,dok
profesional,profesional,es
manusia,manusia,anu
seutuhnya,utuh,utuh
sistem,sistem,sis
kesehatan,sehat,seh
indonesia,indonesia,don
kuat,kuat,kuat
investasinya,investasi,asi
didik,didik,didik
berhenti,berhent,berhent
menutup,menutup,menu
mata,mata,mat
jas,jas,jas
putih,putih,puti
jiwa,jiwa,jiwa
diselamatkan,selamat,ama
nilai,nilai,ilai
tukar,tukar,tuk
rupiah,rupiah,piah
mengalami,mengalam,ala
tekanan,kanan,ana
berat,berat,bera
mendekati,mendekat,dek
rp,rp,rp
17,17,17
000,000,000
dollar,dollar,dol
as,as,as
level,level,level
krisis,krisis,isi
moneter,moneter,eter
1998,1998,1998
fundamental,fundamental,amen
ekonomi,ekonomi,ekon
indonesia,indonesia,don
pertumbuhan,pertumbuh,per
ekonomi,ekonomi,ekon
5,5,5
persen,persen,per
inflasi,inflasi,asi
rendah,rendah,dah
deflasi,deflasi,asi
ditambah,tambah,ambah
neraca,neraca,era
perdagangan,perdagang,aga
surplus,surplus,lus
58,58,58
nilai,nilai,ilai
tukar,tukar,tuk
rupiah,rupiah,piah
terkait,terkait,kait
masuk,masuk,asu
keluarnya,keluar,elu
modal,modal,dal
pasar,pasar,asa
keuangan,uang,uan
aliran,alir,ali
modal,modal,dal
pasar,pasar,asa
modal,modal,dal
obligasi,obligasi,asi
menyebabkan,menyebab,bab
indeks,indeks,dek
harga,harga,harga
saham,saham,ham
gabungan,gabung,abu
ihsg,ihsg,ihsg
bursa,bursa,bur
efek,efek,efek
indonesia,indonesia,don
anjlok,anjlok,anjlok
imbal,imbal,bal
hasil,hasil,asi
yield,yield,yield
surat,surat,rat
utang,utang,tan
negara,negara,ara
sun,sun,sun
bertenor,bertenor,tenor
sepuluh,puluh,pul
signifikan,signifikan,ikan
7,7,7
persen,persen,per
kebijakan,kebija,ebi
tarif,tarif,ari
bea,bea,bea
masuk,masuk,asu
produk,produk,duk
impor,impor,impor
diterapkan,terap,era
presiden,presiden,den
as,as,as
donald,donald,don
trump,trump,rum
menyebabkan,menyebab,bab
pelarian,lari,ari
modal,modal,dal
negara,negara,ara
berkembang,berkembang,ban
indonesia,indonesia,don
internal,internal,intern
realokasi,realokasi,alokasi
anggaran,anggar,angga
negara,negara,ara
program,program,gram
makan,makan,akan
bergizi,bergiz,erg
gratis,gratis,ati
pemerintahan,pemerintah,meri
prabowo,prabowo,bowo
memicu,memicu,mem
kekhawatiran,khawatir,ati
melemahkan,lemah,lem
pertumbuhan,pertumbuh,per
ekonomi,ekonomi,ekon
indonesia,indonesia,don
pembentukan,pembentu,pembentu
danantara,danantara,ana
mengalihkan,mengalih,ali
aset,aset,aset
dividen,dividen,den
bumn,bumn,bum
sovereign,sovereign,over
wealth,wealth,wealth
fund,fund,fund
swf,swf,swf
dikhawatirkan,khawatir,ati
melemahkan,lemah,lem
kinerja,kinerja,kinerja
bumn,bumn,bum
memunculkan,muncul,mu
potensi,potensi,pot
penyalahgunaan,penyalahguna,ala
bumn,bumn,bum
pemerintah,pemerin,meri
kebijakan,kebija,ebi
program,program,gram
ditambah,tambah,ambah
hilirisasi,hilirisas,hilir
menaikkan,naik,naik
pertumbuhan,pertumbuh,per
ekonomi,ekonomi,ekon
indonesia,indonesia,don
8,8,8
persen,persen,per
meragukan,ragu,ragu
presiden,presiden,den
prabowo,prabowo,bowo
khawatir,khawatir,ati
pelemahan,lemah,lem
indeks,indeks,dek
saham,saham,ham
menyebabkan,menyebab,bab
aliran,alir,ali
modal,modal,dal
memicu,memicu,mem
pelemahan,lemah,lem
nilai,nilai,ilai
tukar,tukar,tuk
rupiah,rupiah,piah
signifikan,signifikan,ikan
presiden,presiden,den
ekonomi,ekonomi,ekon
masyarakat,masyarakat,ara
kebanyakan,kebanya,ban
berjalan,berjal,berjal
menteri,menteri,ente
ekonomi,ekonomi,ekon
mengkhawatirkan,mengkhawatir,ati
fundamental,fundamental,amen
ekonomi,ekonomi,ekon
diandalkan,andal,anda
pelemahan,lemah,lem
rupiah,rupiah,piah
berkelanjutan,berkelanjut,anju
ketidakpastian,ketidakpasti,ida
mengganggu,mengganggu,enggan
kegiatan,giat,giat
perekonomian,perekonomi,ekon
nilai,nilai,ilai
mata,mata,mat
uang,uang,uan
harga,harga,harga
relatif,relatif,ati
mata,mata,mat
uang,uang,uan
dollar,dollar,dol
as,as,as
melemah,lemah,lem
tajam,tajam,aja
stabil,stabil,stabil
memengaruhi,memengaruh,aru
fundamental,fundamental,amen
perekonomian,perekonomi,ekon
ditambah,tambah,ambah
tekanan,kanan,ana
tarif,tarif,ari
as,as,as
memberatkan,memberat,bera
mengancam,mengancam,anca
neraca,neraca,era
perdagangan,perdagang,aga
kewibawaan,wibawa,awa
kebijakan,kebija,ebi
nilai,nilai,ilai
rupiah,rupiah,piah
ditentukan,tentu,tentu
penawaran,penawar,awa
permintaan,perminta,mi
persepsi,persepsi,per
ekspektasi,ekspektas,eks
pelaku,pela,ela
ekonomi,ekonomi,ekon
investor,investor,es
sektor,sektor,sek
keuangan,uang,uan
menentukan,menentu,menentu
dominan,dominan,dom
sayangnya,sayang,ayan
persepsi,persepsi,per
rupiah,rupiah,piah
cenderung,cenderung,cenderung
menganggap,menganggap,angga
rupiah,rupiah,piah
mata,mata,mat
uang,uang,uan
lemah,lemah,lem
diandalkan,andal,anda
ekspektasi,ekspektas,eks
rupiah,rupiah,piah
cenderung,cenderung,cenderung
mengalami,mengalam,ala
pelemahan,lemah,lem
anggaran,anggar,angga
pemerintah,pemerin,meri
rencana,rencana,ana
bisnis,bisnis,bis
perusahaan,perusaha,eru
nilai,nilai,ilai
tukar,tukar,tuk
rupiah,rupiah,piah
diproyeksikan,proyeksi,eks
mengalami,mengalam,ala
pelemahan,lemah,lem
bank,bank,ban
indonesia,indonesia,don
bi,b,b
meredam,redam,dam
volatilitas,volatilitas,ati
nilai,nilai,ilai
rupiah,rupiah,piah
menjaga,menjaga,aga
depresiasi,depresiasi,asi
melebihi,lebih,ebi
persentase,persentase,entas
persepsi,persepsi,per
ekspektasi,ekspektas,eks
negatif,negatif,ati
nilai,nilai,ilai
tukar,tukar,tuk
melemah,lemah,lem
pelemahan,lemah,lem
fundamental,fundamental,amen
ekonomi,ekonomi,ekon
taruhan,taruh,aru
nilai,nilai,ilai
tukar,tukar,tuk
rupiah,rupiah,piah
dipengaruhi,pengaruh,aru
kewibawaan,wibawa,awa
bi,b,b
otoritas,otoritas,oto
bertanggung,bertanggung,anggun
stabilitas,stabilitas,ili
rupiah,rupiah,piah
bi,b,b
dinilai,nila,nila
independen,independen,den
membiayai,membiaya,biaya
defisit,defisit,defisit
anggaran,anggar,angga
bersifat,bersifat,sif
pandemi,pandemi,demi
berkelanjutan,berkelanjut,anju
era,era,era
pemerintahan,pemerintah,meri
prabowo,prabowo,bowo
26,26,26
persen,persen,per
sun,sun,sun
dipegang,pegang,gang
bi,b,b
24,24,24
persen,persen,per
dipegang,pegang,gang
perbankan,perban,ban
kondisi,kondisi,isi
berbeda,berbeda,beda
indonesia,indonesia,don
berupaya,berupaya,beru
mengatasi,mengatas,atas
krisis,krisis,isi
1998,1998,1998
bi,b,b
independen,independen,den
langkah,langkah,angka
rekapitalisasi,rekapitalisasi,ali
perbankan,perban,ban
stabilisasi,stabilisasi,asi
inflasi,inflasi,asi
kredibilitas,kredibilitas,ili
bi,b,b
bangkit,bangkit,angkit
berperan,berper,per
rupiah,rupiah,piah
menguat,menguat,gua
signifikan,signifikan,ikan
presiden,presiden,den
bj,bj,bj
habibie,habibie,bibi
ekonomi,ekonomi,ekon
rupiahnya,rupiah,piah
pesawat,pesawat,awa
terbang,terbang,ban
jatuh,jatuh,jatuh
bebas,bebas,bas
stahl,stahl,stahl
distabilkan,stabil,stabil
terbang,terbang,ban
menanjak,menanjak,anja
ascend,ascend,ascend
menjelajah,menjelajah,aja
cruising,cruising,isi
tujuan,tuju,tuju
kredibilitas,kredibilitas,ili
kebijakan,kebija,ebi
independensi,independens,den
bank,bank,ban
sentral,sentral,sen
menentukan,menentu,menentu
program,program,gram
stabilisasi,stabilisasi,asi
dana,dana,ana
moneter,moneter,eter
internasional,internasional,asi
imf,imf,imf
berat,berat,bera
konsisten,konsisten,konsisten
dijalankan,jalan,ala
kredibilitas,kredibilitas,ili
kebijakan,kebija,ebi
ekonomi,ekonomi,ekon
terpuruk,terpuruk,puruk
dibangkitkan,bangkit,angkit
rupiah,rupiah,piah
menguat,menguat,gua
rp,rp,rp
16,16,16
700,700,700
an,an,an
rp,rp,rp
6,6,6
700,700,700
an,an,an
dollar,dollar,dol
as,as,as
tekanan,kanan,ana
politik,politik,itik
pemerintah,pemerin,meri
mendukung,mendukung,duk
kebijakan,kebija,ebi
programnya,program,gram
sejalan,sejal,eja
prinsip,prinsip,prinsip
ekonomi,ekonomi,ekon
upaya,upaya,paya
menjaga,menjaga,aga
independensi,independens,den
bi,b,b
mengalami,mengalam,ala
kesulitan,sulit,suli
ekonomi,ekonomi,ekon
cadangan,cadang,ada
devisa,devisa,devisa
meningkat,meningkat,meni
melemah,lemah,lem
kewibawaan,wibawa,awa
efektivitas,efektivitas,efek
kebijakan,kebija,ebi
pengenaan,pengena,gen
tarif,tarif,ari
impor,impor,impor
as,as,as
menambah,menambah,ambah
tekanan,kanan,ana
nilai,nilai,ilai
tukar,tukar,tuk
rupiah,rupiah,piah
perekonomian,perekonomi,ekon
menyelaraskan,menyelaras,ara
kebijakan,kebija,ebi
bi,b,b
intervensi,intervensi,intervensi
pasar,pasar,asa
keuangan,uang,uan
menstabilkan,menstabil,mens
nilai,nilai,ilai
tukar,tukar,tuk
mata,mata,mat
uang,uang,uan
langkah,langkah,angka
membutuhkan,membutuh,butuh
biaya,biaya,biaya
menambah,menambah,ambah
beban,beban,ban
volume,volume,lum
cadangan,cadang,ada
devisa,devisa,devisa
kebijakan,kebija,ebi
mewajibkan,wajib,aji
eksportir,eksportir,eks
sumber,sumber,sum
daya,daya,daya
alam,alam,ala
menyimpan,menyimp,nyi
devisa,devisa,devisa
ekspornya,ekspor,eks
negeri,negeri,neger
mengalami,mengalam,ala
peningkatan,peningkat,ning
kewibawaan,wibawa,awa
otoritas,otoritas,oto
moneter,moneter,eter
menentukan,menentu,menentu
stabilitas,stabilitas,ili
rupiah,rupiah,piah
keuangan,uang,uan
kewibawaan,wibawa,awa
ditegakkan,tegak,tega
cadangan,cadang,ada
devisa,devisa,devisa
ditingkatkan,tingkat,tin
intervensi,intervensi,intervensi
pasar,pasar,asa
terukur,terukur,eru
koordinasi,koordinasi,asi
kebijakan,kebija,ebi
ekonomi,ekonomi,ekon
konstruktif,konstruktif,konstruktif
upaya,upaya,paya
mendorong,mendorong,dor
aliran,alir,ali
modal,modal,dal
negeri,negeri,neger
menghadapi,menghadap,ada
pengenaan,pengena,gen
tarif,tarif,ari
resiprokal,resiprokal,es
32,32,32
persen,persen,per
trump,trump,rum
penerapannya,penerap,era
ditangguhkan,tangguh,angguh
90,90,90
kemampuan,mampu,ampu
diplomasi,diplomasi,asi
indonesia,indonesia,don
bernegosiasi,bernegosias,ego
krusial,krusial,kru
indonesia,indonesia,don
posisi,posisi,isi
retaliasi,retalias,ali
tarif,tarif,ari
resiprokal,resiprokal,es
as,as,as
balasan,balas,ala
bea,bea,bea
masuk,masuk,asu
persyaratan,persyarat,ara
tingkat,tingkat,tin
komponen,komponen,kom
negeri,negeri,neger
tkdn,tkdn,tkdn
keharusan,harus,aru
menyimpan,menyimp,nyi
penerimaan,penerima,pen
ekspor,ekspor,eks
negeri,negeri,neger
hambatan,hambat,ham
perdagangan,perdagang,aga
diterapkan,terap,era
indonesia,indonesia,don
rezim,rezim,rezim
internasional,internasional,asi
kuat,kuat,kuat
ditegakkan,tegak,tega
negara,negara,ara
negara,negara,ara
bergerak,bergerak,era
bidang,bidang,bida
antariksa,antariksa,anta
mengulangi,mengulang,gul
kesalahan,salah,ala
era,era,era
eksplorasi,eksplorasi,asi
imperialisme,imperialisme,ali
okupasi,okupasi,asi
berubah,rubah,bah
era,era,era
penjelajahan,penjelajah,aja
antariksa,antariksa,anta
supremasisme,supremasisme,asi
mendominasi,mendominas,dom
menguasai,menguasa,asa
mengontrol,mengontrol,rol
entitas,entitas,entit
kelompoknya,kelompok,elo
didukung,dukung,duk
kekuatan,kuat,kuat
modal,modal,dal
teknologi,teknologi,log
mutakhir,mutakhir,akh
hasrat,hasrat,has
superior,superior,per
menemukan,menemu,mu
jalan,jalan,ala
eksploitasi,eksploitasi,asi
orbit,orbit,bit
bumi,bumi,bum
tonggak,tonggak,ong
tata,tata,tata
kelola,kelola,elo
antariksa,antariksa,anta
outer,outer,ter
space,space,pace
treaty,treaty,treaty
ost,ost,ost
1967,1967,1967
komprehensif,komprehensif,ehe
membahas,membahas,bah
okupasi,okupasi,asi
orbit,orbit,bit
perjanjian,perjanji,janji
internasional,internasional,asi
meramalkan,ramal,ama
melarang,larang,ara
penyebaran,penyebar,bar
satelit,satelit,sat
kendali,kendali,ali
mengakibatkan,mengakibat,aki
pendudukan,pendudu,pen
ruang,ruang,rua
orbit,orbit,bit
bumi,bumi,bum
de,de,de
facto,facto,facto
katalog,katalog,kata
orbit,orbit,bit
satelit,satelit,sat
bumi,bumi,bum
badan,badan,ada
penerbangan,penerbang,ban
antariksa,antariksa,anta
nasa,nasa,asa
amerika,amerika,erik
serikat,serikat,erik
satelit,satelit,sat
diluncurkan,luncur,cur
orbit,orbit,bit
bumi,bumi,bum
rendah,rendah,dah
kian,kian,kia
bertambah,bertambah,ambah
satelit,satelit,sat
diluncurkan,luncur,cur
60,60,60
satelit,satelit,sat
mencapai,mencapa,apa
orbit,orbit,bit
minggu,minggu,inggu
amerika,amerika,erik
serikat,serikat,erik
terdepan,terdep,ter
starlink,starlink,lin
dioperasikan,operasi,asi
spacex,spacex,pace
milik,milik,ili
elon,elon,elo
musk,musk,mu
data,data,data
statistik,statistik,ati
peluncuran,luncur,cur
starlink,starlink,lin
dirangkum,rangkum,angku
februari,februari,ari
2025,2025,2025
7,7,7
086,086,086
satelit,satelit,sat
orbit,orbit,bit
42,42,42
000,000,000
satelit,satelit,sat
rencana,rencana,ana
megakonstelasinya,megakonstelas,ela
ruang,ruang,rua
orbit,orbit,bit
bumi,bumi,bum
rendah,rendah,dah
ditempati,tempat,empat
satelit,satelit,sat
terbatas,terbatas,atas
fokus,fokus,fokus
berbeda,berbeda,beda
visioner,visioner,ion
indonesia,indonesia,don
negara,negara,ara
negara,negara,ara
khatulistiwa,khatulistiwa,istiwa
mengeluarkan,mengeluar,elu
deklarasi,deklarasi,ara
bogota,bogota,bogot
1976,1976,1976
mendorong,mendorong,dor
pengakuan,pengaku,aku
dunia,dunia,dunia
hubungan,hubung,bun
khusus,khusus,hus
orbit,orbit,bit
geostasioner,geostasioner,asi
dominasi,dominasi,asi
ruang,ruang,rua
orbit,orbit,bit
menimbulkan,menimbul,meni
kritik,kritik,itik
protes,protes,es
keras,keras,era
negara,negara,ara
negara,negara,ara
lambat,lambat,lam
berpartisipasi,berpartisipas,arti
lawan,lawan,awa
politik,politik,itik
as,as,as
sekutunya,sekutu,kutu
china,china,hina
melayangkan,layang,ayan
keluhan,keluh,elu
perserikatan,perserikat,erik
bangsa,bangsa,angsa
bangsa,bangsa,angsa
gangguan,ganggu,gang
operasi,operasi,asi
satelit,satelit,sat
rencana,rencana,ana
tindakan,tinda,tin
balasan,balas,ala
china,china,hina
ancaman,ancam,anca
rusia,rusia,sia
satelit,satelit,sat
komunikasi,komunikasi,asi
starlink,starlink,lin
dipakai,dipaka,dipaka
ukraina,ukraina,ain
garis,garis,ari
kolonialisme,kolonialisme,ali
kontemporer,kontemporer,empo
berbahaya,berbahaya,bah
klaim,klaim,klaim
kepemilikan,kepemili,ili
de,de,de
facto,facto,facto
pernyataan,pernyata,nyata
kepemilikannya,kepemili,ili
bersifat,bersifat,sif
pasif,pasif,asi
berkembang,berkembang,ban
ambiguitas,ambiguitas,ambi
hukum,hukum,hukum
mekanisme,mekanisme,ani
penegakan,penega,pen
hukum,hukum,hukum
penulis,penulis,lis
setuju,tuju,tuju
gagasan,gagas,aga
moriba,moriba,iba
jah,jah,jah
aiaa,aiaa,aiaa
2023,2023,2023
mengartikan,mengarti,arti
okupasi,okupasi,asi
pasif,pasif,asi
diam,diam,dia
diam,diam,dia
bentuk,bentuk,bentuk
klaim,klaim,klaim
kepemilikan,kepemili,ili
pengelolaan,pengelola,elo
pendudukan,pendudu,pen
orbit,orbit,bit
terbuka,terbuka,buk
memiliki,milik,ili
prioritas,prioritas,prioritas
operasional,operasional,asi
ruang,ruang,rua
duduki,duduk,duduk
arti,arti,arti
mengklaim,mengklaim,klaim
hak,hak,hak
tindakan,tinda,tin
hukum,hukum,hukum
okupasi,okupasi,asi
ruang,ruang,rua
orbit,orbit,bit
implisit,implisit,implisit
klaim,klaim,klaim
ruang,ruang,rua
penegasan,penegas,gas
kepemilikan,kepemili,ili
diam,diam,dia
diam,diam,dia
paradoks,paradoks,ara
warisan,waris,ari
umat,umat,mat
manusia,manusia,anu
tanggapan,tanggap,angga
keras,keras,era
dominasi,dominasi,asi
ruang,ruang,rua
orbit,orbit,bit
bernasib,bernasib,asi
deklarasi,deklarasi,ara
bogota,bogota,bogot
berbeda,berbeda,beda
perjanjian,perjanji,janji
1979,1979,1979
ditolak,tolak,lak
memunculkan,muncul,mu
ketentuan,tentu,tentu
sumber,sumber,sum
daya,daya,daya
benda,benda,benda
benda,benda,benda
langit,langit,angit
warisan,waris,ari
umat,umat,mat
manusia,manusia,anu
perjanjian,perjanji,janji
gagal,gagal,aga
kurangnya,kurang,kur
dukungan,dukung,duk
spacefaring,spacefaring,ari
nations,nations,ati
isu,isu,isu
isu,isu,isu
utama,utama,ama
kekhawatiran,khawatir,ati
pembatasan,pembatas,atas
hak,hak,hak
milik,milik,ili
pribadi,pribadi,adi
komersialisasi,komersialisasi,ali
ruang,ruang,rua
angkasa,angkasa,angka
menyebabkan,menyebab,bab
negara,negara,ara
enggan,enggan,enggan
menandatangani,menandatangan,anda
perjanjian,perjanji,janji
kritikus,kritikus,itik
barat,barat,ara
ketentuan,tentu,tentu
pasal,pasal,asa
11,11,11
ayat,ayat,ayat
1,1,1
perjanjian,perjanji,janji
dipandang,pandang,anda
jalan,jalan,ala
sosialisasi,sosialisasi,ali
timothy,timothy,tim
nelson,nelson,nelson
2011,2011,2011
ironi,ironi,ironi
melekatkan,lekat,leka
konotasi,konotasi,asi
sosialis,sosialis,ali
dugaan,duga,duga
rumusan,rumus,mu
diciptakan,cipta,cip
blok,blok,blok
soviet,soviet,soviet
sejatinya,sejati,ati
rumusan,rumus,mu
pasal,pasal,asa
mencerminkan,mencermin,cermin
konsep,konsep,konsep
wilayah,wilayah,ayah
menguntungkan,menguntung,gun
mencakup,mencakup,aku
enjoyment,enjoyment,enjoyment
keuntungan,untung,tun
penerimaan,penerima,pen
hasil,hasil,asi
paradoks,paradoks,ara
pengaturan,pengatur,atur
ruang,ruang,rua
angkasa,angkasa,angka
prinsip,prinsip,prinsip
first,first,first
come,come,om
first,first,first
served,served,served
melingkupi,lingkup,kup
kebiasaan,biasa,asa
internasional,internasional,asi
bidang,bidang,bida
keantariksaan,antariksa,anta
prinsip,prinsip,prinsip
berkembang,berkembang,ban
konsep,konsep,konsep
res,res,es
nullius,nullius,nullius
mengakui,mengaku,aku
okupasi,okupasi,asi
metode,metode,metode
orisinal,orisinal,ina
memperoleh,memperoleh,emper
kepemilikan,kepemili,ili
properti,properti,erti
pemilik,milik,ili
ost,ost,ost
1967,1967,1967
hakikatnya,hakikat,aki
menetapkan,menetap,eta
ruang,ruang,rua
angkasa,angkasa,angka
wilayah,wilayah,ayah
ekstra,ekstra,eks
yurisdiksi,yurisdiksi,dik
negara,negara,ara
melaksanakan,laksana,aksa
hak,hak,hak
kedaulatan,daulat,aula
wilayah,wilayah,ayah
hukum,hukum,hukum
antariksa,antariksa,anta
mengakui,mengaku,aku
ruang,ruang,rua
angkasa,angkasa,angka
res,res,es
communis,communis,mu
omnium,omnium,om
dimiliki,milik,ili
masyarakat,masyarakat,ara
konsep,konsep,konsep
konservatif,konservatif,ati
mendahului,mendahulu,dah
konsep,konsep,konsep
konsep,konsep,konsep
terkini,terkin,ter
milik,milik,ili
prinsip,prinsip,prinsip
common,common,om
heritage,heritage,rit
of,of,of
mankind,mankind,man
muncul,muncul,mu
perjanjian,perjanji,janji
khusus,khusus,hus
negara,negara,ara
negara,negara,ara
berkembang,berkembang,ban
menafsirkan,menafsir,mena
konsep,konsep,konsep
mewujudkan,wujud,uju
prinsip,prinsip,prinsip
sumber,sumber,sum
daya,daya,daya
antariksa,antariksa,anta
milik,milik,ili
negara,negara,ara
dibutuhkan,butuh,butuh
kendali,kendali,ali
internasional,internasional,asi
sumber,sumber,sum
daya,daya,daya
antariksa,antariksa,anta
tujuan,tuju,tuju
mendistribusikan,mendistribusi,bus
kekayaan,kaya,kaya
teknologi,teknologi,log
negara,negara,ara
negara,negara,ara
rezim,rezim,rezim
internasional,internasional,asi
lambat,lambat,lam
beradaptasi,beradaptas,ada
negara,negara,ara
swasta,swasta,asta
komersialisasi,komersialisasi,ali
ruang,ruang,rua
angkasa,angkasa,angka
menciptakan,mencipta,cip
peluang,peluang,elu
sisi,sisi,isi
mengatalisasi,mengatalisas,ali
organisasi,organisasi,ani
multilateral,multilateral,era
memecah,memecah,cah
dunia,dunia,dunia
rezim,rezim,rezim
regulasi,regulasi,asi
terpisah,terpisah,isa
terkoordinasi,terkoordinas,din
sempurna,sempurna,empu
pembentukan,pembentu,pembentu
artemis,artemis,emis
accords,accords,cor
2020,2020,2020
digagas,gagas,aga
dipimpin,pimpin,impi
as,as,as
program,program,gram
kemitraan,mitra,mi
berisi,beris,beri
serangkaian,rangkai,angka
norma,norma,norma
upaya,upaya,paya
as,as,as
membangun,membangun,ban
sekutu,sekutu,kutu
dominasi,dominasi,asi
aktivitas,aktivitas,aktivitas
antariksa,antariksa,anta
program,program,gram
artemis,artemis,emis
dipandang,pandang,anda
berpusat,berpusat,pus
as,as,as
kepentingan,penting,pen
komersial,komersial,kom
negara,negara,ara
bergabung,bergabung,abu
memilih,memilih,ili
mematuhi,mematuh,emat
perjanjian,perjanji,janji
1979,1979,1979
perjanjian,perjanji,janji
komprehensif,komprehensif,ehe
kesepakatan,sepakat,epak
disusun,susun,sun
perjanjian,perjanji,janji
bilateral,bilateral,bila
menarik,menarik,ari
negara,negara,ara
dibandingkan,banding,ban
perjanjian,perjanji,janji
multilateral,multilateral,era
melibatkan,libat,iba
konsensus,konsensus,konsensus
kerja,kerja,kerja
internasional,internasional,asi
luas,luas,luas
sayangnya,sayang,ayan
kerangka,kerangka,angka
regulasi,regulasi,asi
internasional,internasional,asi
cepat,cepat,cepat
beradaptasi,beradaptas,ada
perkembangan,perkembang,ban
aktivitas,aktivitas,aktivitas
antariksa,antariksa,anta
melaju,laju,aju
cepat,cepat,cepat
proliferasi,proliferasi,asi
aktivitas,aktivitas,aktivitas
antariksa,antariksa,anta
komersial,komersial,kom
menuntut,menuntut,menu
koordinasi,koordinasi,asi
pengawasan,pengawas,awa
kuat,kuat,kuat
meminimalkan,minimal,ini
kecelakaan,celaka,cela
teknis,teknis,teknis
dampak,dampak,dam
negatif,negatif,ati
lingkungan,lingkung,kung
ketegangan,tegang,gang
politik,politik,itik
hukum,hukum,hukum
internasional,internasional,asi
menjaga,menjaga,aga
akuntabilitas,akuntabilitas,aku
mengatur,mengatur,atur
aktivitas,aktivitas,aktivitas
komersial,komersial,kom
pemanfaatan,manfaat,man
ruang,ruang,rua
angkasa,angkasa,angka
adil,adil,adi
berkesinambungan,berkesinambung,ambung
komunitas,komunitas,kom
internasional,internasional,asi
bergantung,bergantung,antun
perjanjian,perjanji,janji
mengatur,mengatur,atur
mengorganisasikan,mengorganisasi,ani
aktivitas,aktivitas,aktivitas
antariksa,antariksa,anta
ost,ost,ost
1967,1967,1967
space,space,pace
liability,liability,ili
convention,convention,ion
1972,1972,1972
disayangkan,sayang,ayan
pedoman,pedoman,dom
perilaku,perilaku,aku
bertanggung,bertanggung,anggun
aktor,aktor,aktor
negara,negara,ara
tata,tata,tata
kelola,kelola,elo
global,global,bal
aktivitas,aktivitas,aktivitas
antariksa,antariksa,anta
sepenuhnya,sepenuh,pen
mengatur,mengatur,atur
aktor,aktor,aktor
nonnegara,nonnegara,ara
salah,salah,ala
diharapkan,harap,ara
dominasi,dominasi,asi
swasta,swasta,asta
berpotensi,berpotens,pot
monopoli,monopoli,mono
sumber,sumber,sum
daya,daya,daya
antariksa,antariksa,anta
kepentingan,penting,pen
komersial,komersial,kom
melemahkan,lemah,lem
kolaborasi,kolaborasi,asi
eksplorasi,eksplorasi,asi
mengutamakan,mengutama,ama
keuntungan,untung,tun
tujuan,tuju,tuju
ilmiah,ilmiah,ilmiah
semangat,semangat,emang
perjanjian,perjanji,janji
internasional,internasional,asi
berkembangnya,berkembang,ban
peran,peran,era
aktor,aktor,aktor
nonnegara,nonnegara,ara
menantang,menantang,anta
kapasitas,kapasitas,apa
negara,negara,ara
negara,negara,ara
komunitas,komunitas,kom
internasional,internasional,asi
mengkaji,mengkaj,mengkaj
ulang,ulang,lang
ost,ost,ost
dipikirkan,pikir,kir
traktat,traktat,akta
antariksa,antariksa,anta
komprehensif,komprehensif,ehe
tantangan,tantang,anta
dibutuhkan,butuh,butuh
kerangka,kerangka,angka
regulasi,regulasi,asi
adil,adil,adi
spesifik,spesifik,es
terkait,terkait,kait
kepemilikan,kepemili,ili
penggunaan,pengguna,gun
sumber,sumber,sum
daya,daya,daya
antariksa,antariksa,anta
tanggung,tanggung,anggun
sosial,sosial,sia
lingkungan,lingkung,kung
mekanisme,mekanisme,ani
penegakan,penega,pen
hukum,hukum,hukum
kuat,kuat,kuat
kompromi,kompromi,kom
dibutuhkan,butuh,butuh
regulasi,regulasi,asi
diterima,terima,rim
kepentingan,penting,pen
mendukung,mendukung,duk
tata,tata,tata
kelola,kelola,elo
berkelanjutan,berkelanjut,anju
pembentukan,pembentu,pembentu
forum,forum,forum
internasional,internasional,asi
konferensi,konferensi,konferensi
rutin,rutin,rutin
lintas,lintas,lin
sektoral,sektoral,oral
kepentingan,penting,pen
keharusan,harus,aru
dialog,dialog,dia
terbuka,terbuka,buk
dibutuhkan,butuh,butuh
membahas,membahas,bah
memperbarui,memperbaru,aru
protokol,protokol,kol
protokol,protokol,kol
sesuai,sesuai,es
perkembangan,perkembang,ban
teknologi,teknologi,log
aktivitas,aktivitas,aktivitas
ilmiah,ilmiah,ilmiah
komersial,komersial,kom
ruang,ruang,rua
angkasa,angkasa,angka
diatur,atur,atur
bertanggung,bertanggung,anggun
mendesak,mendesak,desa
ketegangan,tegang,gang
meningkat,meningkat,meni
isu,isu,isu
berkembang,berkembang,ban
pertikaian,pertikai,erti
diplomatik,diplomatik,ati
ketegangan,tegang,gang
geopolitik,geopolitik,geopolitik
skenario,skenario,ari
terburuk,terburuk,bur
berujung,berujung,beru
konflik,konflik,konflik
terbuka,terbuka,buk
menteri,menteri,ente
pendidikan,pendidi,pen
dasar,dasar,asa
menengah,menengah,eneng
abdul,abdul,abdu
mu,mu,mu
ti,t,t
rapat,rapat,apa
kerja,kerja,kerja
komisi,komisi,isi
x,x,x
dpr,dpr,dpr
rabu,rabu,abu
6,6,6
11,11,11
2024,2024,2024
memaparkan,memapar,apa
enam,enam,enam
program,program,gram
prioritas,prioritas,prioritas
sektor,sektor,sek
pendidikan,pendidi,pen
dasar,dasar,asa
menengah,menengah,eneng
program,program,gram
program,program,gram
bertujuan,bertuju,tuju
meningkatkan,meningkat,meni
kualitas,kualitas,ali
pendidikan,pendidi,pen
meratakan,rata,rat
akses,akses,akses
anak,anak,ana
bangsa,bangsa,angsa
mengacu,mengacu,acu
undang,undang,dan
undang,undang,dan
nomor,nomor,nomor
20,20,20
2003,2003,2003
sistem,sistem,sis
pendidikan,pendidi,pen
nasional,nasional,asi
visi,visi,isi
diusung,usung,sun
pendidikan,pendidi,pen
bermutu,bermutu,mu
program,program,gram
penguatan,penguat,gua
pendidikan,pendidi,pen
karakter,karakter,ara
menekankan,menekan,enek
akhlak,akhlak,akh
kesehatan,sehat,seh
siswa,siswa,sis
dasar,dasar,asa
pembentukan,pembentu,pembentu
karakter,karakter,ara
bangsa,bangsa,angsa
wajib,wajib,aji
belajar,belajar,aja
13,13,13
berfokus,berfokus,fokus
perluasan,perluas,luas
akses,akses,akses
pendidikan,pendidi,pen
dukungan,dukung,duk
pendidikan,pendidi,pen
anak,anak,ana
usia,usia,sia
paud,paud,paud
melibatkan,libat,iba
sukarelawan,sukarelaw,are
pendidikan,pendidi,pen
ketiga,tiga,iga
peningkatan,peningkat,ning
kualifikasi,kualifikasi,ali
guru,guru,guru
pelatihan,latih,ati
peningkatan,peningkat,ning
kesejahteraan,sejahtera,eja
guru,guru,guru
tujuan,tuju,tuju
mencetak,mencetak,cetak
tenaga,tenaga,aga
pendidik,pendidik,didik
berkualitas,berkualitas,ali
keempat,empat,empat
pendidikan,pendidi,pen
literasi,literas,era
sains,sains,ain
meningkatkan,meningkat,meni
keterampilan,terampil,era
teknologi,teknologi,log
siswa,siswa,sis
perbaikan,perbai,per
sarana,sarana,ana
prasarana,prasarana,ana
mencakup,mencakup,aku
renovasi,renovasi,asi
sekolah,sekolah,kol
menciptakan,mencipta,cip
lingkungan,lingkung,kung
belajar,belajar,aja
layak,layak,ayak
pembangunan,pembangun,ban
bahasa,bahasa,asa
sastra,sastra,astra
melestarikan,lestari,ari
bahasa,bahasa,asa
daerah,daerah,daerah
meningkatkan,meningkat,meni
literasi,literas,era
bahasa,bahasa,asa
indonesia,indonesia,don
semangat,semangat,emang
diusung,usung,sun
mendikdasmen,mendikdasmen,das
relevan,relevan,rel
cita,cita,cit
cita,cita,cit
keadilan,adil,adi
sosial,sosial,sia
terkandung,terkandung,dung
pancasila,pancasila,anca
uud,uud,uud
1945,1945,1945
pendidikan,pendidi,pen
berkualitas,berkualitas,ali
diakses,akses,akses
rakyat,rakyat,rak
indonesia,indonesia,don
daerah,daerah,daerah
terpencil,terpencil,pen
luasnya,luas,luas
wilayah,wilayah,ayah
indonesia,indonesia,don
disertai,serta,serta
tantangan,tantang,anta
geografis,geografis,geografi
akses,akses,akses
pendidikan,pendidi,pen
adil,adil,adi
prioritas,prioritas,prioritas
tantangan,tantang,anta
ketimpangan,timpang,pan
infrastruktur,infrastruktur,infrastruktur
pendidikan,pendidi,pen
daerah,daerah,daerah
daerah,daerah,daerah
terpencil,terpencil,pen
diatasi,atas,atas
menciptakan,mencipta,cip
pemerataan,rata,rat
pendidikan,pendidi,pen
sesuai,sesuai,es
amanat,amanat,ama
konstitusi,konstitusi,itu
mencerdaskan,mencerdas,cerdas
kehidupan,hidup,dup
bangsa,bangsa,angsa
kesenjangan,senjang,sen
kualitas,kualitas,ali
pendidikan,pendidi,pen
daerah,daerah,daerah
perkotaan,perkota,kota
terpencil,terpencil,pen
permasalahan,permasalah,ala
serius,serius,seri
indonesia,indonesia,don
pasal,pasal,asa
31,31,31
uud,uud,uud
1945,1945,1945
warga,warga,warga
negara,negara,ara
berhak,berhak,hak
pendidikan,pendidi,pen
layak,layak,ayak
realitasnya,realitas,ali
hak,hak,hak
sepenuhnya,sepenuh,pen
terpenuhi,terpenuh,pen
daerah,daerah,daerah
terpencil,terpencil,pen
sekolah,sekolah,kol
sekolah,sekolah,kol
wilayah,wilayah,ayah
kali,kali,ali
kekurangan,kurang,kur
tenaga,tenaga,aga
pengajar,pengajar,aja
fasilitas,fasilitas,asi
pendukung,pendukung,duk
berdampak,berdampak,dam
kualitas,kualitas,ali
pendidikan,pendidi,pen
diterima,terima,rim
siswa,siswa,sis
bertentangan,bertentang,tan
prinsip,prinsip,prinsip
keadilan,adil,adi
penyediaan,penyedia,dia
akses,akses,akses
pendidikan,pendidi,pen
pemerintah,pemerin,meri
meluncurkan,luncur,cur
program,program,gram
guru,guru,guru
garis,garis,ari
ggd,ggd,ggd
program,program,gram
indonesia,indonesia,don
mengajar,mengajar,aja
bertujuan,bertuju,tuju
mendistribusikan,mendistribusi,bus
guru,guru,guru
berkualitas,berkualitas,ali
daerah,daerah,daerah
terpencil,terpencil,pen
tantangan,tantang,anta
dihadapi,hadap,ada
kualitas,kualitas,ali
pendidikan,pendidi,pen
daerah,daerah,daerah
perhatian,perhati,ati
terkait,terkait,kait
peningkatan,peningkat,ning
anggaran,anggar,angga
pelatihan,latih,ati
berkelanjutan,berkelanjut,anju
guru,guru,guru
kebijakan,kebija,ebi
inklusif,inklusif,inklusif
langkah,langkah,angka
siswa,siswa,sis
indonesia,indonesia,don
kota,kota,kota
pelosok,pelosok,elo
menikmati,nikmat,mat
hak,hak,hak
pendidikan,pendidi,pen
setara,tara,ara
guru,guru,guru
berkualitas,berkualitas,ali
kunci,kunci,kunci
utama,utama,ama
menentukan,menentu,menentu
keberhasilan,keberhasil,asi
siswa,siswa,sis
materi,materi,mat
kurikulum,kurikulum,kulum
bertindak,bertindak,erti
pembimbing,pembimbing,bimbing
motivator,motivator,ato
sumber,sumber,sum
inspirasi,inspirasi,asi
siswa,siswa,sis
keberadaan,keberada,ada
guru,guru,guru
kompeten,kompeten,kom
terlatih,terlatih,ati
berpengalaman,berpengalam,ala
meningkatkan,meningkat,meni
hasil,hasil,asi
belajar,belajar,aja
siswa,siswa,sis
signifikan,signifikan,ikan
penelitian,peneliti,pen
guru,guru,guru
kemampuan,mampu,ampu
mengajar,mengajar,aja
mendorong,mendorong,dor
prestasi,prestasi,asi
akademik,akademik,adem
siswa,siswa,sis
tingkat,tingkat,tin
studi,studi,studi
sanders,sanders,sanders
rivers,rivers,rivers
1996,1996,1996
menemukan,menemu,mu
siswa,siswa,sis
diajar,ajar,aja
guru,guru,guru
berkualitas,berkualitas,ali
mengalami,mengalam,ala
peningkatan,peningkat,ning
prestasi,prestasi,asi
akademik,akademik,adem
dibandingkan,banding,ban
siswa,siswa,sis
belajar,belajar,aja
guru,guru,guru
kompetensi,kompetensi,kom
rendah,rendah,dah
mengajarkan,mengajar,aja
pelajaran,pelajar,aja
kelas,kelas,ela
guru,guru,guru
berkualitas,berkualitas,ali
memanfaatkan,manfaat,man
metode,metode,metode
pembelajaran,pembelajar,aja
kreatif,kreatif,ati
inovatif,inovatif,ati
fokus,fokus,fokus
pencapaian,pencapai,apa
akademis,akademis,adem
pengembangan,pengembang,ban
karakter,karakter,ara
keterampilan,terampil,era
sosial,sosial,sia
siswa,siswa,sis
metode,metode,metode
pembelajaran,pembelajar,aja
efektif,efektif,efek
interaktif,interaktif,aktif
proses,proses,es
belajar,belajar,aja
menyenangkan,menyenang,nan
meningkatkan,meningkat,meni
motivasi,motivasi,asi
belajar,belajar,aja
siswa,siswa,sis
daerah,daerah,daerah
indonesia,indonesia,don
memiliki,milik,ili
akses,akses,akses
guru,guru,guru
berkualitas,berkualitas,ali
daerah,daerah,daerah
terpencil,terpencil,pen
tantangan,tantang,anta
pengajaran,pengajar,aja
bermutu,bermutu,mu
guru,guru,guru
ditempatkan,tempat,empat
wilayah,wilayah,ayah
kali,kali,ali
menghadapi,menghadap,ada
keterbatasan,keterbatas,atas
minimnya,minim,ini
akses,akses,akses
pelatihan,latih,ati
profesional,profesional,es
kurangnya,kurang,kur
sarana,sarana,ana
pendukung,pendukung,duk
dukungan,dukung,duk
pemerintah,pemerin,meri
terkadang,terkadang,ada
memadai,mada,ada
kualitas,kualitas,ali
pengajaran,pengajar,aja
rendah,rendah,dah
salah,salah,ala
terbesar,terbesar,besar
distribusi,distribusi,bus
guru,guru,guru
merata,rata,rat
guru,guru,guru
guru,guru,guru
berkualitas,berkualitas,ali
cenderung,cenderung,cenderung
mengajar,mengajar,aja
daerah,daerah,daerah
perkotaan,perkota,kota
memiliki,milik,ili
fasilitas,fasilitas,asi
akibatnya,akibat,aki
sekolah,sekolah,kol
daerah,daerah,daerah
terpencil,terpencil,pen
kali,kali,ali
kekurangan,kurang,kur
guru,guru,guru
kompeten,kompeten,kom
ketimpangan,timpang,pan
kualitas,kualitas,ali
pendidikan,pendidi,pen
faktor,faktor,aktor
motivasi,motivasi,asi
kesejahteraan,sejahtera,eja
guru,guru,guru
hambatan,hambat,ham
tersendiri,tersendir,sen
kurangnya,kurang,kur
insentif,insentif,insentif
tunjangan,tunjang,tun
khusus,khusus,hus
guru,guru,guru
bertugas,bertugas,gas
daerah,daerah,daerah
terpencil,terpencil,pen
enggan,enggan,enggan
mengabdi,mengabd,mengabd
wilayah,wilayah,ayah
dibutuhkan,butuh,butuh
solusi,solusi,lus
komprehensif,komprehensif,ehe
meningkatkan,meningkat,meni
motivasi,motivasi,asi
guru,guru,guru
daerah,daerah,daerah
terpencil,terpencil,pen
mengatasinya,mengatas,atas
strategi,strategi,rat
diimplementasikan,implementasi,asi
salah,salah,ala
satunya,satu,sat
meningkatkan,meningkat,meni
kompetensi,kompetensi,kom
guru,guru,guru
pelatihan,latih,ati
sertifikasi,sertifikasi,asi
berkala,berkala,ala
bertugas,bertugas,gas
daerah,daerah,daerah
sulit,sulit,suli
dijangkau,jangkau,angka
penggunaan,pengguna,gun
teknologi,teknologi,log
e,e,e
learning,learning,ning
solusi,solusi,lus
pelatihan,latih,ati
jarak,jarak,ara
guru,guru,guru
mengembangkan,mengembang,ban
kemampuan,mampu,ampu
meninggalkan,meninggal,meni
tugas,tugas,gas
peningkatan,peningkat,ning
kompetensi,kompetensi,kom
insentif,insentif,insentif
khusus,khusus,hus
guru,guru,guru
bersedia,bersedia,dia
mengajar,mengajar,aja
daerah,daerah,daerah
terpencil,terpencil,pen
pemerintah,pemerin,meri
tunjangan,tunjang,tun
daerah,daerah,daerah
terpencil,terpencil,pen
kenaikan,kenai,ken
gaji,gaji,aji
fasilitas,fasilitas,asi
perumahan,rumah,mah
layak,layak,ayak
kolaborasi,kolaborasi,asi
sektor,sektor,sek
lembaga,lembaga,aga
swadaya,swadaya,ada
masyarakat,masyarakat,ara
sektor,sektor,sek
swasta,swasta,asta
lembaga,lembaga,aga
pendidikan,pendidi,pen
membantu,membantu,ban
menyediakan,menyedia,dia
sumber,sumber,sum
daya,daya,daya
tambahan,tambah,ambah
perusahaan,perusaha,eru
teknologi,teknologi,log
menyediakan,menyedia,dia
perangkat,perangkat,angka
digital,digital,digit
akses,akses,akses
internet,internet,intern
universitas,universitas,sit
mengirim,mengirim,gir
mahasiswa,mahasiswa,asi
pendidikan,pendidi,pen
magang,magang,aga
asisten,asisten,asi
guru,guru,guru
sekolah,sekolah,kol
sekolah,sekolah,kol
langkah,langkah,angka
inovatif,inovatif,ati
mengatasi,mengatas,atas
kekurangan,kurang,kur
guru,guru,guru
daerah,daerah,daerah
terpencil,terpencil,pen
lulusan,lulus,lulus
akademi,akademi,adem
militer,militer,ili
akmil,akmil,mi
dilibatkan,libat,iba
tenaga,tenaga,aga
pengajar,pengajar,aja
individu,individu,idu
individu,individu,idu
pilihan,pilih,ili
kecakapan,cakap,cak
akademik,akademik,adem
kedisiplinan,disiplin,disiplin
lulus,lulus,lulus
seleksi,seleksi,eks
ketat,ketat,eta
segi,segi,seg
akademik,akademik,adem
fisik,fisik,fisi
sma,sma,sma
latar,latar,atar
pendidikan,pendidi,pen
berfokus,berfokus,fokus
pertahanan,pertahan,per
keamanan,aman,ama
konsep,konsep,konsep
pertahanan,pertahan,per
diinterpretasikan,interpretasi,asi
luas,luas,luas
pendekatan,pendekat,dek
memberdayakan,memberdaya,daya
masyarakat,masyarakat,ara
sektor,sektor,sek
pendidikan,pendidi,pen
lulusan,lulus,lulus
akmil,akmil,mi
efektif,efektif,efek
mengajar,mengajar,aja
pelatihan,latih,ati
tambahan,tambah,ambah
pedagogi,pedagogi,peda
penguasaan,penguasa,asa
kurikulum,kurikulum,kulum
sd,sd,sd
smp,smp,smp
sma,sma,sma
keterampilan,terampil,era
mendidik,mendidik,didik
siswa,siswa,sis
wilayah,wilayah,ayah
sulit,sulit,suli
dijangkau,jangkau,angka
guru,guru,guru
profesional,profesional,es
langkah,langkah,angka
mengatasi,mengatas,atas
kekosongan,kosong,kosong
tenaga,tenaga,aga
pengajar,pengajar,aja
memperkuat,memperkuat,emper
kehadiran,hadir,adi
negara,negara,ara
pemerataan,rata,rat
pendidikan,pendidi,pen
mengaitkan,mengait,gai
gagasan,gagas,aga
sistem,sistem,sis
pertahanan,pertahan,per
keamanan,aman,ama
rakyat,rakyat,rak
semesta,semesta,es
sishankamrata,sishankamrata,amra
memperluas,memperluas,emper
makna,makna,makna
pertahanan,pertahan,per
negara,negara,ara
pendidikan,pendidi,pen
sishankamrata,sishankamrata,amra
melibatkan,libat,iba
warga,warga,warga
negara,negara,ara
sumber,sumber,sum
daya,daya,daya
nasional,nasional,asi
menjaga,menjaga,aga
kedaulatan,daulat,aula
penugasan,penugas,gas
lulusan,lulus,lulus
akmil,akmil,mi
memperkuat,memperkuat,emper
fondasi,fondasi,asi
pertahanan,pertahan,per
bangsa,bangsa,angsa
jangka,jangka,angka
menempatkan,menempat,empat
sekolah,sekolah,kol
sekolah,sekolah,kol
terpencil,terpencil,pen
membantu,membantu,ban
mencerdaskan,mencerdas,cerdas
bangsa,bangsa,angsa
menumbuhkan,menumbuh,menu
cinta,cinta,cinta
tanah,tanah,ana
air,air,air
semangat,semangat,emang
bela,bela,bel
negara,negara,ara
kesimpulannya,simpul,pul
kualitas,kualitas,ali
guru,guru,guru
menentukan,menentu,menentu
keberhasilan,keberhasil,asi
siswa,siswa,sis
guru,guru,guru
berkualitas,berkualitas,ali
membentuk,membentuk,bentuk
lingkungan,lingkung,kung
belajar,belajar,aja
kondusif,kondusif,dus
meningkatkan,meningkat,meni
prestasi,prestasi,asi
akademik,akademik,adem
karakter,karakter,ara
siswa,siswa,sis
peningkatan,peningkat,ning
kualitas,kualitas,ali
guru,guru,guru
daerah,daerah,daerah
terpencil,terpencil,pen
investasi,investasi,asi
jangka,jangka,angka
indonesia,indonesia,don
mewujudkan,wujud,uju
pendidikan,pendidi,pen
merata,rata,rat
sesuai,sesuai,es
amanat,amanat,ama
konstitusi,konstitusi,itu
komitmen,komitmen,kom
pemerintah,pemerin,meri
kebijakan,kebija,ebi
inklusif,inklusif,inklusif
dukungan,dukung,duk
berkelanjutan,berkelanjut,anju
pendidikan,pendidi,pen
berkualitas,berkualitas,ali
dinikmati,nikmat,mat
anak,anak,ana
bangsa,bangsa,angsa
membangun,membangun,ban
generasi,generasi,asi
cerdas,cerdas,cerdas
kompeten,kompeten,kom
menghadapi,menghadap,ada
tantangan,tantang,anta
global,global,bal
dinamika,dinamika,ami
global,global,bal
bergerak,bergerak,era
diwarnai,warna,warna
ketegangan,tegang,gang
politik,politik,itik
rivalitas,rivalitas,ali
antarnegara,antarnegara,anta
ancaman,ancam,anca
bencana,bencana,ana
alam,alam,ala
diabaikan,abai,aba
dampaknya,dampak,dam
kalah,kalah,ala
destruktif,destruktif,destruktif
cincin,cincin,cincin
api,api,api
pasifik,pasifik,asi
indonesia,indonesia,don
rentan,rentan,renta
bencana,bencana,ana
alam,alam,ala
letusan,letus,letus
gunung,gunung,gun
berapi,rap,rap
gempa,gempa,gempa
bumi,bumi,bum
tsunami,tsunami,ami
bencana,bencana,ana
hidrometeorologi,hidrometeorologi,hidrometeorologi
banjir,banjir,anjir
puting,puting,puti
beliung,beliung,bel
kekeringan,kering,ering
meningkat,meningkat,meni
situasi,situasi,asi
geografis,geografis,geografi
dampak,dampak,dam
perubahan,rubah,bah
iklim,iklim,iklim
mengharuskan,mengharus,aru
indonesia,indonesia,don
memiliki,milik,ili
tingkat,tingkat,tin
kesiapan,kesiap,es
menghadapi,menghadap,ada
bencana,bencana,ana
meningkatkan,meningkat,meni
kesiapsiagaan,kesiapsiaga,aga
memperkuat,memperkuat,emper
respons,respons,es
bencana,bencana,ana
mendorong,mendorong,dor
keamanan,aman,ama
inklusif,inklusif,inklusif
kawasan,kawasan,asa
tni,tn,tn
angkatan,angkat,angka
udara,udara,ara
tni,tn,tn
au,au,au
menggelar,menggelar,ela
regional,regional,ion
air,air,air
and,and,and
space,space,pace
power,power,power
forum,forum,forum
kali,kali,ali
nusa,nusa,nus
bali,bal,bal
forum,forum,forum
bertujuan,bertuju,tuju
membahas,membahas,bah
perkembangan,perkembang,ban
teknologi,teknologi,log
dirgantara,dirgantara,anta
terkini,terkin,ter
relevan,relevan,rel
operasi,operasi,asi
bantuan,bantu,ban
kemanusiaan,manusia,anu
penanggulangan,penanggulang,anggul
bencana,bencana,ana
humanitarian,humanitari,ani
assistance,assistance,istan
and,and,and
disaster,disaster,aster
relief,relief,rel
hadr,hadr,had
teknologi,teknologi,log
berfokus,berfokus,fokus
pengembangan,pengembang,ban
unmanned,unmanned,man
aerial,aerial,ria
vehicle,vehicle,vehicle
uav,uav,uav
platform,platform,lat
mobilitas,mobilitas,ili
udara,udara,ara
intelligence,intelligence,gen
surveillance,surveillance,survei
and,and,and
reconnaissance,reconnaissance,eco
isr,isr,isr
teknologi,teknologi,log
satelit,satelit,sat
bencana,bencana,ana
alam,alam,ala
mengenal,mengenal,gen
batas,batas,atas
negara,negara,ara
kolaborasi,kolaborasi,asi
internasional,internasional,asi
hadr,hadr,had
kolaborasi,kolaborasi,asi
jembatan,jembatan,bata
antarnegara,antarnegara,anta
terlepas,terlepas,lepa
perbedaan,perbeda,beda
politik,politik,itik
nilai,nilai,ilai
nilai,nilai,ilai
kemanusiaan,manusia,anu
tni,tn,tn
pilar,pilar,ilar
pertahanan,pertahan,per
negara,negara,ara
sesuai,sesuai,es
undang,undang,dan
undang,undang,dan
nomor,nomor,nomor
34,34,34
2004,2004,2004
berperan,berper,per
operasi,operasi,asi
militer,militer,ili
perang,perang,era
operasi,operasi,asi
hadr,hadr,had
upaya,upaya,paya
meningkatkan,meningkat,meni
kesiapsiagaan,kesiapsiaga,aga
respons,respons,es
bencana,bencana,ana
kemampuannya,mampu,ampu
bergerak,bergerak,era
cepat,cepat,cepat
wilayah,wilayah,ayah
kekuatan,kuat,kuat
udara,udara,ara
tni,tn,tn
au,au,au
respons,respons,es
luas,luas,luas
efisien,efisien,efisien
tni,tn,tn
au,au,au
kemampuan,mampu,ampu
membantu,membantu,ban
penanggulangan,penanggulang,anggul
bencana,bencana,ana
contoh,contoh,contoh
mei,mei,mei
2024,2024,2024
komando,komando,kom
pasukan,pasu,asu
gerak,gerak,era
cepat,cepat,cepat
kopasgat,kopasgat,kop
tni,tn,tn
au,au,au
mengevakuasi,mengevakuas,aku
100,100,100
warga,warga,warga
kabupaten,kabupaten,abu
luwu,luwu,luwu
sulawesi,sulawes,es
selatan,selatan,ela
terdampak,terdampak,dam
banjir,banjir,anjir
tanah,tanah,ana
longsor,longsor,long
berkat,berkat,berkat
dukungan,dukung,duk
aset,aset,aset
udara,udara,ara
kopasgat,kopasgat,kop
menembus,menembus,bus
daerah,daerah,daerah
terisolasi,terisolas,las
menyelamatkan,menyelamat,ama
nyawa,nyawa,awa
bantuan,bantu,ban
medis,medis,medis
korban,korban,ban
mendukung,mendukung,duk
evakuasi,evakuasi,aku
tni,tn,tn
au,au,au
berperan,berper,per
operasi,operasi,asi
pemadaman,madam,ada
kebakaran,bakar,akar
hutan,hutan,hut
sumatera,sumatera,era
kalimantan,kalimant,ali
pesawat,pesawat,awa
helikopter,helikopter,helikopter
tni,tn,tn
au,au,au
kerap,kerap,era
mencegah,mencegah,cegah
kebakaran,bakar,akar
hutan,hutan,hut
teknologi,teknologi,log
modifikasi,modifikasi,asi
cuaca,cuaca,cua
tmc,tmc,tmc
memadamkan,madam,ada
api,api,api
menyalurkan,menyalur,alu
bantuan,bantu,ban
helikopter,helikopter,helikopter
tni,tn,tn
au,au,au
h225m,h225m,h225m
caracal,caracal,ara
membantu,membantu,ban
badan,badan,ada
nasional,nasional,asi
penanggulangan,penanggulang,anggul
bencana,bencana,ana
bnpb,bnpb,bnpb
memadamkan,madam,ada
api,api,api
membantu,membantu,ban
evakuasi,evakuasi,aku
menyalurkan,menyalur,alu
bantuan,bantu,ban
pesawat,pesawat,awa
tni,tn,tn
au,au,au
c,c,c
130j,130j,130j
hercules,hercules,es
mengangkut,mengangkut,angku
bantuan,bantu,ban
berperan,berper,per
misi,misi,isi
misi,misi,isi
bantuan,bantu,ban
berskala,berskala,ala
c,c,c
130j,130j,130j
peran,peran,era
kunci,kunci,kunci
misi,misi,isi
air,air,air
drop,drop,drop
bantuan,bantu,ban
kemanusiaan,manusia,anu
gaza,gaza,gaz
palestina,palestina,es
penggunaan,pengguna,gun
teknologi,teknologi,log
satelit,satelit,sat
kian,kian,kia
meningkat,meningkat,meni
operasi,operasi,asi
hadr,hadr,had
pemantauan,pemantau,anta
jarak,jarak,ara
komunikasi,komunikasi,asi
satelit,satelit,sat
synthetic,synthetic,synthetic
aperture,aperture,ape
radar,radar,ada
sar,sar,sar
gambaran,gambar,ambar
akurat,akurat,aku
kondisi,kondisi,isi
visual,visual,isu
cuaca,cuaca,cua
buruk,buruk,bur
malam,malam,ala
teknologi,teknologi,log
satelit,satelit,sat
mendukung,mendukung,duk
komunikasi,komunikasi,asi
infrastruktur,infrastruktur,infrastruktur
komunikasi,komunikasi,asi
darat,darat,ara
rusak,rusak,rusa
akibat,akibat,aki
bencana,bencana,ana
gempa,gempa,gempa
bumi,bumi,bum
tsunami,tsunami,ami
palu,palu,alu
2018,2018,2018
satelit,satelit,sat
lapan,lap,lap
a2,a2,a2
menjaga,menjaga,aga
komunikasi,komunikasi,asi
daerah,daerah,daerah
terdampak,terdampak,dam
warga,warga,warga
berkomunikasi,berkomunikas,berko
perkembangan,perkembang,ban
kalah,kalah,ala
teknologi,teknologi,log
dirgantara,dirgantara,anta
operasi,operasi,asi
hadr,hadr,had
penggunaan,pengguna,gun
uav,uav,uav
drone,drone,drone
uav,uav,uav
efektif,efektif,efek
operasi,operasi,asi
tanggap,tanggap,angga
darurat,darurat,aru
penggunaannya,pengguna,gun
terbatas,terbatas,atas
medan,medan,dan
perang,perang,era
bermanfaat,bermanfaat,berma
operasi,operasi,asi
kemanusiaan,manusia,anu
contohnya,contoh,contoh
gempa,gempa,gempa
bumi,bumi,bum
nepal,nepal,pal
2021,2021,2021
pemerintah,pemerin,meri
nepal,nepal,pal
uav,uav,uav
memetakan,meta,eta
daerah,daerah,daerah
bencana,bencana,ana
menilai,nila,nila
kondisi,kondisi,isi
wilayah,wilayah,ayah
sulit,sulit,suli
diakses,akses,akses
penggunaan,pengguna,gun
uav,uav,uav
mempercepat,mempercepat,cepat
proses,proses,es
penilaian,nilai,ilai
kerusakan,rusa,rusa
respons,respons,es
cepat,cepat,cepat
kebutuhan,butuh,butuh
lapangan,lapang,apa
uav,uav,uav
terbukti,terbukt,buk
berguna,berguna,erg
operasi,operasi,asi
pencarian,pencari,ari
penyelamatan,penyelamat,ama
kecelakaan,celaka,cela
helikopter,helikopter,helikopter
melibatkan,libat,iba
presiden,presiden,den
iran,ir,ir
ebrahim,ebrahim,rahim
raisi,rais,rai
uav,uav,uav
bayraktar,bayraktar,akta
akinci,akinc,aki
turki,turk,tur
menemukan,menemu,mu
lokasi,lokasi,asi
kecelakaan,celaka,cela
efektivitas,efektivitas,efek
uav,uav,uav
meningkatkan,meningkat,meni
kesadaran,sadar,ada
situasional,situasional,asi
membantu,membantu,ban
pencarian,pencari,ari
wilayah,wilayah,ayah
sulit,sulit,suli
diakses,akses,akses
teknologi,teknologi,log
kolaborasi,kolaborasi,asi
internasional,internasional,asi
elemen,elemen,elemen
operasi,operasi,asi
hadr,hadr,had
bencana,bencana,ana
lintas,lintas,lin
batas,batas,atas
kompleksitas,kompleksitas,eks
operasi,operasi,asi
hadr,hadr,had
membutuhkan,membutuh,butuh
beragam,ragam,aga
jenis,jenis,jenis
kemampuan,mampu,ampu
disediakan,sedia,dia
negara,negara,ara
peran,peran,era
kolaborasi,kolaborasi,asi
internasional,internasional,asi
indonesia,indonesia,don
memiliki,milik,ili
pengalaman,pengalam,ala
negara,negara,ara
negara,negara,ara
sahabat,sahabat,aba
salah,salah,ala
satunya,satu,sat
operasi,operasi,asi
pencarian,pencari,ari
penyelamatan,penyelamat,ama
pascatsunami,pascatsunam,cat
aceh,aceh,aceh
2004,2004,2004
bantuan,bantu,ban
internasional,internasional,asi
memainkan,main,ain
peran,peran,era
evakuasi,evakuasi,aku
korban,korban,ban
upaya,upaya,paya
pemulihan,pemulih,mu
kehadiran,hadir,adi
mitra,mitra,mi
internasional,internasional,asi
tersedianya,tersedia,dia
sumber,sumber,sum
daya,daya,daya
kemampuan,mampu,ampu
mobilitas,mobilitas,ili
udara,udara,ara
krusial,krusial,kru
mengirim,mengirim,gir
bantuan,bantu,ban
wilayah,wilayah,ayah
terisolasi,terisolas,las
akibat,akibat,aki
kerusakan,rusa,rusa
infrastruktur,infrastruktur,infrastruktur
kolaborasi,kolaborasi,asi
tecermin,cermin,cermin
operasi,operasi,asi
penanggulangan,penanggulang,anggul
bencana,bencana,ana
pascagempa,pascagempa,gempa
bumi,bumi,bum
tsunami,tsunami,ami
palu,palu,alu
2018,2018,2018
kerja,kerja,kerja
internasional,internasional,asi
operasi,operasi,asi
hadr,hadr,had
berbagi,berbag,berbag
sumber,sumber,sum
daya,daya,daya
berbagi,berbag,berbag
pengetahuan,pengetahu,eta
pengalaman,pengalam,ala
jangka,jangka,angka
kerja,kerja,kerja
meningkatkan,meningkat,meni
kesiapsiagaan,kesiapsiaga,aga
global,global,bal
menghadapi,menghadap,ada
bencana,bencana,ana
memperkuat,memperkuat,emper
kapasitas,kapasitas,apa
kolektif,kolektif,kol
merespons,respons,es
situasi,situasi,asi
darurat,darurat,aru
bencana,bencana,ana
alam,alam,ala
ancaman,ancam,anca
global,global,bal
melintasi,lintas,lin
batas,batas,atas
negara,negara,ara
meningkatkan,meningkat,meni
kesiapsiagaan,kesiapsiaga,aga
efektivitas,efektivitas,efek
respons,respons,es
negara,negara,ara
negara,negara,ara
memanfaatkan,manfaat,man
teknologi,teknologi,log
terbaru,terbaru,aru
bidang,bidang,bida
kedirgantaraan,dirgantara,anta
antariksa,antariksa,anta
uav,uav,uav
satelit,satelit,sat
kolaborasi,kolaborasi,asi
internasional,internasional,asi
kunci,kunci,kunci
keberhasilan,keberhasil,asi
operasi,operasi,asi
hadr,hadr,had
negara,negara,ara
menanggulangi,menanggulang,anggul
bencana,bencana,ana
kerja,kerja,kerja
negara,negara,ara
negara,negara,ara
berbagi,berbag,berbag
sumber,sumber,sum
daya,daya,daya
pengetahuan,pengetahu,eta
teknologi,teknologi,log
meminimalkan,minimal,ini
dampak,dampak,dam
bencana,bencana,ana
menyelamatkan,menyelamat,ama
nyawa,nyawa,awa
situasi,situasi,asi
darurat,darurat,aru
menit,menit,meni
berharga,berharga,harga
sinergi,sinergi,erg
teknologi,teknologi,log
kolaborasi,kolaborasi,asi
lintas,lintas,lin
negara,negara,ara
solusi,solusi,lus
terbaik,terbaik,baik
meningkatkan,meningkat,meni
keamanan,aman,ama
kesejahteraan,sejahtera,eja
global,global,bal
berdasarkan,berdasar,asa
nilai,nilai,ilai
nilai,nilai,ilai
kemanusiaan,manusia,anu
china,china,hina
memperingatkan,memperingat,emper
membalas,membalas,ala
negara,negara,ara
negara,negara,ara
as,as,as
membahayakan,membahaya,bah
kepentingan,penting,pen
beijing,beijing,jin
perang,perang,era
dagang,dagang,aga
ekonomi,ekonomi,ekon
terbesar,terbesar,besar
dunia,dunia,dunia
mengancam,mengancam,anca
melibatkan,libat,iba
negara,negara,ara
negara,negara,ara
dikutip,kutip,kuti
cnbc,cnbc,cnbc
senin,senin,sen
21,21,21
4,4,4
2025,2025,2025
peringatan,peringat,ering
china,china,hina
muncul,muncul,mu
pemerintahan,pemerintah,meri
presiden,presiden,den
as,as,as
donald,donald,don
trump,trump,rum
dilaporkan,lapor,apo
berencana,rencana,ana
negosiasi,negosiasi,asi
tarif,tarif,ari
menekan,mene,mene
mitra,mitra,mi
mitra,mitra,mi
as,as,as
membatasi,membatas,atas
transaksi,transaksi,aksi
perdagangan,perdagang,aga
china,china,hina
trump,trump,rum
menunda,menunda,menu
kenaikan,kenai,ken
tarif,tarif,ari
utama,utama,ama
negara,negara,ara
negara,negara,ara
90,90,90
menaikkan,naik,naik
bea,bea,bea
barang,barang,ara
barang,barang,ara
china,china,hina
145,145,145
persen,persen,per
china,china,hina
menentang,menentang,tan
mencapai,mencapa,apa
kesepakatan,sepakat,epak
mengorbankan,mengorban,ban
kepentingan,penting,pen
china,china,hina
china,china,hina
menerimanya,menerima,rim
mengambil,mengambil,ambi
tindakan,tinda,tin
balasan,balas,ala
timbal,timbal,bal
kementerian,menteri,ente
perdagangan,perdagang,aga
china,china,hina
kementerian,menteri,ente
memperingatkan,memperingat,emper
risiko,risiko,isi
negara,negara,ara
perdagangan,perdagang,aga
internasional,internasional,asi
hukum,hukum,hukum
rimba,rimba,rim
pernyataan,pernyata,nyata
berusaha,berusaha,beru
menggambarkan,menggambar,ambar
china,china,hina
bersedia,bersedia,dia
mempertahankan,mempertahan,emper
keadilan,adil,adi
kewajaran,wajar,aja
internasional,internasional,asi
kementerian,menteri,ente
perdagangan,perdagang,aga
china,china,hina
menggambarkan,menggambar,ambar
tindakan,tinda,tin
as,as,as
penyalahgunaan,penyalahguna,ala
tarif,tarif,ari
perundungan,rundung,dung
china,china,hina
membalas,membalas,ala
tarif,tarif,ari
as,as,as
mengenakan,mengena,gen
pungutan,pungut,pun
125,125,125
persen,persen,per
impor,impor,impor
barang,barang,ara
barang,barang,ara
as,as,as
beijing,beijing,jin
membatasi,membatas,atas
ekspor,ekspor,eks
mineral,mineral,era
memasukkan,masuk,asu
perusahaan,perusaha,eru
as,as,as
daftar,daftar,daftar
hitam,hitam,hit
membatasi,membatas,atas
kemampuan,mampu,ampu
perusahaan,perusaha,eru
perusahaan,perusaha,eru
china,china,hina
analis,analis,ali
as,as,as
china,china,hina
mencapai,mencapa,apa
kesepakatan,sepakat,epak
trump,trump,rum
pekan,pekan,kan
kesepakatan,sepakat,epak
dicapai,capa,apa
minggu,minggu,inggu
presiden,presiden,den
china,china,hina
xi,x,x
jinping,jinping,jin
minggu,minggu,inggu
mengunjungi,mengunjung,gun
vietnam,vietnam,vietnam
malaysia,malaysia,ala
kamboja,kamboja,kam
perjalanan,perjalan,ala
negeri,negeri,neger
pertamanya,pertama,ama
2025,2025,2025
pernyataan,pernyata,nyata
resmi,resmi,es
china,china,hina
pertemuannya,pertemu,mu
pemimpin,pemimpin,impi
ketiga,tiga,iga
negara,negara,ara
xi,x,x
menyerukan,menyeru,eru
upaya,upaya,paya
menentang,menentang,tan
tarif,tarif,ari
perundungan,rundung,dung
trump,trump,rum
mengenakan,mengena,gen
tarif,tarif,ari
impor,impor,impor
china,china,hina
jabatan,jabat,aba
pertamanya,pertama,ama
china,china,hina
meningkatkan,meningkat,meni
perdagangannya,perdagang,aga
asia,asia,asi
tenggara,tenggara,ara
mitra,mitra,mi
dagang,dagang,aga
terbesar,terbesar,besar
china,china,hina
tingkat,tingkat,tin
regional,regional,ion
as,as,as
mitra,mitra,mi
dagang,dagang,aga
terbesar,terbesar,besar
china,china,hina
tingkat,tingkat,tin
negara,negara,ara
minggu,minggu,inggu
kementerian,menteri,ente
perdagangan,perdagang,aga
china,china,hina
mengganti,menggant,enggan
negosiator,negosiator,ato
perdagangan,perdagang,aga
internasional,internasional,asi
utamanya,utama,ama
li,l,l
chenggang,chenggang,enggan
wakil,wakil,aki
menteri,menteri,ente
duta,duta,duta
negara,negara,ara
organisasi,organisasi,ani
perdagangan,perdagang,aga
dunia,dunia,dunia
wto,wto,wto
china,china,hina
mengajukan,mengaju,aju
gugatan,gugat,gugat
as,as,as
wto,wto,wto
kenaikan,kenai,ken
tarif,tarif,ari
terbaru,terbaru,aru
trump,trump,rum
nilai,nilai,ilai
tukar,tukar,tuk
rupiah,rupiah,piah
mengalami,mengalam,ala
tekanan,kanan,ana
berat,berat,bera
mendekati,mendekat,dek
rp,rp,rp
17,17,17
000,000,000
dollar,dollar,dol
as,as,as
level,level,level
krisis,krisis,isi
moneter,moneter,eter
1998,1998,1998
fundamental,fundamental,amen
ekonomi,ekonomi,ekon
indonesia,indonesia,don
pertumbuhan,pertumbuh,per
ekonomi,ekonomi,ekon
5,5,5
persen,persen,per
inflasi,inflasi,asi
rendah,rendah,dah
deflasi,deflasi,asi
ditambah,tambah,ambah
neraca,neraca,era
perdagangan,perdagang,aga
surplus,surplus,lus
58,58,58
nilai,nilai,ilai
tukar,tukar,tuk
rupiah,rupiah,piah
terkait,terkait,kait
masuk,masuk,asu
keluarnya,keluar,elu
modal,modal,dal
pasar,pasar,asa
keuangan,uang,uan
aliran,alir,ali
modal,modal,dal
pasar,pasar,asa
modal,modal,dal
obligasi,obligasi,asi
menyebabkan,menyebab,bab
indeks,indeks,dek
harga,harga,harga
saham,saham,ham
gabungan,gabung,abu
ihsg,ihsg,ihsg
bursa,bursa,bur
efek,efek,efek
indonesia,indonesia,don
anjlok,anjlok,anjlok
imbal,imbal,bal
hasil,hasil,asi
yield,yield,yield
surat,surat,rat
utang,utang,tan
negara,negara,ara
sun,sun,sun
bertenor,bertenor,tenor
sepuluh,puluh,pul
signifikan,signifikan,ikan
7,7,7
persen,persen,per
kebijakan,kebija,ebi
tarif,tarif,ari
bea,bea,bea
masuk,masuk,asu
produk,produk,duk
impor,impor,impor
diterapkan,terap,era
presiden,presiden,den
as,as,as
donald,donald,don
trump,trump,rum
menyebabkan,menyebab,bab
pelarian,lari,ari
modal,modal,dal
negara,negara,ara
berkembang,berkembang,ban
indonesia,indonesia,don
internal,internal,intern
realokasi,realokasi,alokasi
anggaran,anggar,angga
negara,negara,ara
program,program,gram
makan,makan,akan
bergizi,bergiz,erg
gratis,gratis,ati
pemerintahan,pemerintah,meri
prabowo,prabowo,bowo
memicu,memicu,mem
kekhawatiran,khawatir,ati
melemahkan,lemah,lem
pertumbuhan,pertumbuh,per
ekonomi,ekonomi,ekon
indonesia,indonesia,don
pembentukan,pembentu,pembentu
danantara,danantara,ana
mengalihkan,mengalih,ali
aset,aset,aset
dividen,dividen,den
bumn,bumn,bum
sovereign,sovereign,over
wealth,wealth,wealth
fund,fund,fund
swf,swf,swf
dikhawatirkan,khawatir,ati
melemahkan,lemah,lem
kinerja,kinerja,kinerja
bumn,bumn,bum
memunculkan,muncul,mu
potensi,potensi,pot
penyalahgunaan,penyalahguna,ala
bumn,bumn,bum
pemerintah,pemerin,meri
kebijakan,kebija,ebi
program,program,gram
ditambah,tambah,ambah
hilirisasi,hilirisas,hilir
menaikkan,naik,naik
pertumbuhan,pertumbuh,per
ekonomi,ekonomi,ekon
indonesia,indonesia,don
8,8,8
persen,persen,per
meragukan,ragu,ragu
presiden,presiden,den
prabowo,prabowo,bowo
khawatir,khawatir,ati
pelemahan,lemah,lem
indeks,indeks,dek
saham,saham,ham
menyebabkan,menyebab,bab
aliran,alir,ali
modal,modal,dal
memicu,memicu,mem
pelemahan,lemah,lem
nilai,nilai,ilai
tukar,tukar,tuk
rupiah,rupiah,piah
signifikan,signifikan,ikan
presiden,presiden,den
ekonomi,ekonomi,ekon
masyarakat,masyarakat,ara
kebanyakan,kebanya,ban
berjalan,berjal,berjal
menteri,menteri,ente
ekonomi,ekonomi,ekon
mengkhawatirkan,mengkhawatir,ati
fundamental,fundamental,amen
ekonomi,ekonomi,ekon
diandalkan,andal,anda
pelemahan,lemah,lem
rupiah,rupiah,piah
berkelanjutan,berkelanjut,anju
ketidakpastian,ketidakpasti,ida
mengganggu,mengganggu,enggan
kegiatan,giat,giat
perekonomian,perekonomi,ekon
nilai,nilai,ilai
mata,mata,mat
uang,uang,uan
harga,harga,harga
relatif,relatif,ati
mata,mata,mat
uang,uang,uan
dollar,dollar,dol
as,as,as
melemah,lemah,lem
tajam,tajam,aja
stabil,stabil,stabil
memengaruhi,memengaruh,aru
fundamental,fundamental,amen
perekonomian,perekonomi,ekon
ditambah,tambah,ambah
tekanan,kanan,ana
tarif,tarif,ari
as,as,as
memberatkan,memberat,bera
mengancam,mengancam,anca
neraca,neraca,era
perdagangan,perdagang,aga
kewibawaan,wibawa,awa
kebijakan,kebija,ebi
nilai,nilai,ilai
rupiah,rupiah,piah
ditentukan,tentu,tentu
penawaran,penawar,awa
permintaan,perminta,mi
persepsi,persepsi,per
ekspektasi,ekspektas,eks
pelaku,pela,ela
ekonomi,ekonomi,ekon
investor,investor,es
sektor,sektor,sek
keuangan,uang,uan
menentukan,menentu,menentu
dominan,dominan,dom
sayangnya,sayang,ayan
persepsi,persepsi,per
rupiah,rupiah,piah
cenderung,cenderung,cenderung
menganggap,menganggap,angga
rupiah,rupiah,piah
mata,mata,mat
uang,uang,uan
lemah,lemah,lem
diandalkan,andal,anda
ekspektasi,ekspektas,eks
rupiah,rupiah,piah
cenderung,cenderung,cenderung
mengalami,mengalam,ala
pelemahan,lemah,lem
anggaran,anggar,angga
pemerintah,pemerin,meri
rencana,rencana,ana
bisnis,bisnis,bis
perusahaan,perusaha,eru
nilai,nilai,ilai
tukar,tukar,tuk
rupiah,rupiah,piah
diproyeksikan,proyeksi,eks
mengalami,mengalam,ala
pelemahan,lemah,lem
bank,bank,ban
indonesia,indonesia,don
bi,b,b
meredam,redam,dam
volatilitas,volatilitas,ati
nilai,nilai,ilai
rupiah,rupiah,piah
menjaga,menjaga,aga
depresiasi,depresiasi,asi
melebihi,lebih,ebi
persentase,persentase,entas
persepsi,persepsi,per
ekspektasi,ekspektas,eks
negatif,negatif,ati
nilai,nilai,ilai
tukar,tukar,tuk
melemah,lemah,lem
pelemahan,lemah,lem
fundamental,fundamental,amen
ekonomi,ekonomi,ekon
taruhan,taruh,aru
nilai,nilai,ilai
tukar,tukar,tuk
rupiah,rupiah,piah
dipengaruhi,pengaruh,aru
kewibawaan,wibawa,awa
bi,b,b
otoritas,otoritas,oto
bertanggung,bertanggung,anggun
stabilitas,stabilitas,ili
rupiah,rupiah,piah
bi,b,b
dinilai,nila,nila
independen,independen,den
membiayai,membiaya,biaya
defisit,defisit,defisit
anggaran,anggar,angga
bersifat,bersifat,sif
pandemi,pandemi,demi
berkelanjutan,berkelanjut,anju
era,era,era
pemerintahan,pemerintah,meri
prabowo,prabowo,bowo
26,26,26
persen,persen,per
sun,sun,sun
dipegang,pegang,gang
bi,b,b
24,24,24
persen,persen,per
dipegang,pegang,gang
perbankan,perban,ban
kondisi,kondisi,isi
berbeda,berbeda,beda
indonesia,indonesia,don
berupaya,berupaya,beru
mengatasi,mengatas,atas
krisis,krisis,isi
1998,1998,1998
bi,b,b
independen,independen,den
langkah,langkah,angka
rekapitalisasi,rekapitalisasi,ali
perbankan,perban,ban
stabilisasi,stabilisasi,asi
inflasi,inflasi,asi
kredibilitas,kredibilitas,ili
bi,b,b
bangkit,bangkit,angkit
berperan,berper,per
rupiah,rupiah,piah
menguat,menguat,gua
signifikan,signifikan,ikan
presiden,presiden,den
bj,bj,bj
habibie,habibie,bibi
ekonomi,ekonomi,ekon
rupiahnya,rupiah,piah
pesawat,pesawat,awa
terbang,terbang,ban
jatuh,jatuh,jatuh
bebas,bebas,bas
stahl,stahl,stahl
distabilkan,stabil,stabil
terbang,terbang,ban
menanjak,menanjak,anja
ascend,ascend,ascend
menjelajah,menjelajah,aja
cruising,cruising,isi
tujuan,tuju,tuju
kredibilitas,kredibilitas,ili
kebijakan,kebija,ebi
independensi,independens,den
bank,bank,ban
sentral,sentral,sen
menentukan,menentu,menentu
program,program,gram
stabilisasi,stabilisasi,asi
dana,dana,ana
moneter,moneter,eter
internasional,internasional,asi
imf,imf,imf
berat,berat,bera
konsisten,konsisten,konsisten
dijalankan,jalan,ala
kredibilitas,kredibilitas,ili
kebijakan,kebija,ebi
ekonomi,ekonomi,ekon
terpuruk,terpuruk,puruk
dibangkitkan,bangkit,angkit
rupiah,rupiah,piah
menguat,menguat,gua
rp,rp,rp
16,16,16
700,700,700
an,an,an
rp,rp,rp
6,6,6
700,700,700
an,an,an
dollar,dollar,dol
as,as,as
tekanan,kanan,ana
politik,politik,itik
pemerintah,pemerin,meri
mendukung,mendukung,duk
kebijakan,kebija,ebi
programnya,program,gram
sejalan,sejal,eja
prinsip,prinsip,prinsip
ekonomi,ekonomi,ekon
upaya,upaya,paya
menjaga,menjaga,aga
independensi,independens,den
bi,b,b
mengalami,mengalam,ala
kesulitan,sulit,suli
ekonomi,ekonomi,ekon
cadangan,cadang,ada
devisa,devisa,devisa
meningkat,meningkat,meni
melemah,lemah,lem
kewibawaan,wibawa,awa
efektivitas,efektivitas,efek
kebijakan,kebija,ebi
pengenaan,pengena,gen
tarif,tarif,ari
impor,impor,impor
as,as,as
menambah,menambah,ambah
tekanan,kanan,ana
nilai,nilai,ilai
tukar,tukar,tuk
rupiah,rupiah,piah
perekonomian,perekonomi,ekon
menyelaraskan,menyelaras,ara
kebijakan,kebija,ebi
bi,b,b
intervensi,intervensi,intervensi
pasar,pasar,asa
keuangan,uang,uan
menstabilkan,menstabil,mens
nilai,nilai,ilai
tukar,tukar,tuk
mata,mata,mat
uang,uang,uan
langkah,langkah,angka
membutuhkan,membutuh,butuh
biaya,biaya,biaya
menambah,menambah,ambah
beban,beban,ban
volume,volume,lum
cadangan,cadang,ada
devisa,devisa,devisa
kebijakan,kebija,ebi
mewajibkan,wajib,aji
eksportir,eksportir,eks
sumber,sumber,sum
daya,daya,daya
alam,alam,ala
menyimpan,menyimp,nyi
devisa,devisa,devisa
ekspornya,ekspor,eks
negeri,negeri,neger
mengalami,mengalam,ala
peningkatan,peningkat,ning
kewibawaan,wibawa,awa
otoritas,otoritas,oto
moneter,moneter,eter
menentukan,menentu,menentu
stabilitas,stabilitas,ili
rupiah,rupiah,piah
keuangan,uang,uan
kewibawaan,wibawa,awa
ditegakkan,tegak,tega
cadangan,cadang,ada
devisa,devisa,devisa
ditingkatkan,tingkat,tin
intervensi,intervensi,intervensi
pasar,pasar,asa
terukur,terukur,eru
koordinasi,koordinasi,asi
kebijakan,kebija,ebi
ekonomi,ekonomi,ekon
konstruktif,konstruktif,konstruktif
upaya,upaya,paya
mendorong,mendorong,dor
aliran,alir,ali
modal,modal,dal
negeri,negeri,neger
menghadapi,menghadap,ada
pengenaan,pengena,gen
tarif,tarif,ari
resiprokal,resiprokal,es
32,32,32
persen,persen,per
trump,trump,rum
penerapannya,penerap,era
ditangguhkan,tangguh,angguh
90,90,90
kemampuan,mampu,ampu
diplomasi,diplomasi,asi
indonesia,indonesia,don
bernegosiasi,bernegosias,ego
krusial,krusial,kru
indonesia,indonesia,don
posisi,posisi,isi
retaliasi,retalias,ali
tarif,tarif,ari
resiprokal,resiprokal,es
as,as,as
balasan,balas,ala
bea,bea,bea
masuk,masuk,asu
persyaratan,persyarat,ara
tingkat,tingkat,tin
komponen,komponen,kom
negeri,negeri,neger
tkdn,tkdn,tkdn
keharusan,harus,aru
menyimpan,menyimp,nyi
penerimaan,penerima,pen
ekspor,ekspor,eks
negeri,negeri,neger
hambatan,hambat,ham
perdagangan,perdagang,aga
diterapkan,terap,era
indonesia,indonesia,don
umar,umar,mar
juoro,juoro,juoro
senior,senior,sen
fellow,fellow,fellow
the,the,the
habibie,habibie,bibi
center,center,ente
kejaksaan,jaksa,aksa
banten,banten,ante
menahan,menah,mena
kepala,kepala,ala
dinas,dinas,din
lingkungan,lingkung,kung
hidup,hidup,dup
kota,kota,kota
tangerang,tangerang,era
selatan,selatan,ela
wahyunoto,wahyunoto,not
lukman,lukm,luk
selasa,selasa,asa
15,15,15
4,4,4
2025,2025,2025
wahyunoto,wahyunoto,not
tersangka,tersangka,angka
dugaan,duga,duga
korupsi,korupsi,kor
pengelolaan,pengelola,elo
sampah,sampah,pah
anggaran,anggar,angga
2024,2024,2024
senilai,nila,nila
rp,rp,rp
75,75,75
9,9,9
miliar,miliar,ili
penahanannya,penahan,pen
menyusul,menyusul,usul
penahanan,penahan,pen
direktur,direktur,direk
utama,utama,ama
pt,pt,pt
ella,ella,ella
pratama,pratama,ama
perkasa,perkasa,asa
syukron,syukron,yuk
yuliadi,yuliad,uli
mufti,mufti,mu
kejaksaan,jaksa,aksa
mengungkap,mengungkap,gun
pt,pt,pt
ella,ella,ella
pratama,pratama,ama
perkasa,perkasa,asa
memiliki,milik,ili
fasilitas,fasilitas,asi
kapasitas,kapasitas,apa
kompetensi,kompetensi,kom
pengelolaan,pengelola,elo
sampah,sampah,pah
rekayasa,rekayasa,asa
tender,tender,tender
tersangka,tersangka,angka
komisi,komisi,isi
pemberantasan,pemberantas,anta
korupsi,korupsi,kor
menahan,menah,mena
wali,wali,ali
kota,kota,kota
semarang,semarang,ara
hevearita,hevearita,ari
gunaryanti,gunaryant,arya
rahayu,rahayu,ayu
beserta,serta,serta
suaminya,suami,ami
alwin,alwin,alwin
basri,basr,bas
rabu,rabu,abu
19,19,19
2,2,2
2025,2025,2025
disangka,sangka,angka
terlibat,terlibat,iba
perkara,perkara,ara
korupsi,korupsi,kor
proyek,proyek,oyek
pengadaan,pengada,ada
barang,barang,ara
jasa,jasa,asa
lingkungan,lingkung,kung
pemerintah,pemerin,meri
kota,kota,kota
semarang,semarang,ara
jawa,jawa,awa
menerima,menerima,rim
uang,uang,uan
miliaran,miliar,ili
rupiah,rupiah,piah
berita,berita,beri
korupsi,korupsi,kor
menjerat,menjerat,era
kepala,kepala,ala
daerah,daerah,daerah
ujung,ujung,jun
barat,barat,ara
timur,timur,mu
indonesia,indonesia,don
muncul,muncul,mu
catatan,catat,cat
kompas,kompas,kom
pemilihan,pemilih,ili
kepala,kepala,ala
daerah,daerah,daerah
langsung,langsung,angsu
2005,2005,2005
2020,2020,2020
144,144,144
korupsi,korupsi,kor
daerah,daerah,daerah
korupsi,korupsi,kor
daerah,daerah,daerah
mereda,reda,reda
korupsi,korupsi,kor
pemerintahan,pemerintah,meri
daerah,daerah,daerah
halnya,hal,hal
lembaga,lembaga,aga
negara,negara,ara
tingkat,tingkat,tin
pusat,pusat,pus
mengakar,mengakar,akar
membudaya,membudaya,budaya
infrastructure,infrastructure,ras
quality,quality,ali
local,local,cal
government,government,over
spending,spending,din
and,and,and
corruption,corruption,cor
2012,2012,2012
laporan,lapor,apo
riset,riset,riset
kerja,kerja,kerja
usaid,usaid,sai
kppod,kppod,kppod
seadi,sead,sead
korupsi,korupsi,kor
mengurangi,mengurang,rang
biaya,biaya,biaya
proyek,proyek,oyek
konstruksi,konstruksi,konstruksi
5,5,5
20,20,20
persen,persen,per
total,total,tal
biaya,biaya,biaya
proyek,proyek,oyek
biaya,biaya,biaya
investasi,investasi,asi
pemeliharaan,pemelihara,ara
dikorupsi,dikorups,dik
5,5,5
persen,persen,per
keuangan,uang,uan
negara,negara,ara
berkembang,berkembang,ban
diprediksi,diprediks,dik
terbebani,terbeban,ban
18,18,18
miliar,miliar,ili
dollar,dollar,dol
as,as,as
laporan,lapor,apo
riset,riset,riset
biaya,biaya,biaya
ilegal,ilegal,ilegal
menurunkan,menurun,menu
kualitas,kualitas,ali
proyek,proyek,oyek
pemerintah,pemerin,meri
meningkatkan,meningkat,meni
anggaran,anggar,angga
belanja,belanja,anja
30,30,30
50,50,50
persen,persen,per
negara,negara,ara
berkembang,berkembang,ban
uang,uang,uan
hasil,hasil,asi
korupsi,korupsi,kor
dinikmati,nikmat,mat
pejabat,jabat,aba
pemerintah,pemerin,meri
militer,militer,ili
korupsi,korupsi,kor
menyebabkan,menyebab,bab
berkurangnya,berkurang,kur
meniadakan,meniada,ada
insentif,insentif,insentif
swasta,swasta,asta
berkapasitas,berkapasitas,apa
digandeng,gandeng,den
menjalankan,menjalan,ala
program,program,gram
pelayanan,layan,ayan
publik,publik,lik
perkotaan,perkota,kota
pengelolaan,pengelola,elo
sampah,sampah,pah
kunjung,kunjung,jun
teratasi,teratas,atas
warga,warga,warga
pembayar,pembayar,ayar
pajak,pajak,aja
korbannya,korban,ban
membangun,membangun,ban
sarana,sarana,ana
prasarana,prasarana,ana
publik,publik,lik
pengolahan,pengolah,gol
sampah,sampah,pah
mudah,mudah,dah
murah,murah,mu
prosesnya,proses,es
instan,instan,instan
penggunaan,pengguna,gun
anggaran,anggar,angga
daerah,daerah,daerah
efisien,efisien,efisien
transparan,transparan,ara
menggandeng,menggandeng,den
ketiga,tiga,iga
berkompeten,berkompeten,berko
negara,negara,ara
maju,maju,aju
mempercepat,mempercepat,cepat
terwujudnya,terwujud,ter
fasilitas,fasilitas,asi
dibutuhkan,butuh,butuh
kota,kota,kota
publik,publik,lik
elite,elite,elite
pejabat,jabat,aba
korupsi,korupsi,kor
diberantas,berantas,anta
tuntas,tuntas,tas
daerah,daerah,daerah
berkubang,berkubang,ban
negara,negara,ara
maju,maju,aju
melanjutkan,lanjut,anju
cita,cita,cit
cita,cita,cit
politik,politik,itik
kartini,kartin,arti
kartini,kartin,arti
mencalonkan,mencalon,alon
pejabat,jabat,aba
publik,publik,lik
mempraktikkan,mempraktik,emprak
politik,politik,itik
etis,etis,etis
otentik,otentik,otentik
politik,politik,itik
berpihak,berpihak,hak
kaum,kaum,aum
tertindas,tertindas,das
21,21,21
april,april,april
bangsa,bangsa,angsa
indonesia,indonesia,don
memperingati,memperingat,emper
kartini,kartin,arti
momen,momen,momen
reflektif,reflektif,reflektif
perjuangan,perjuang,jua
emansipasi,emansipasi,asi
perempuan,perempuan,empu
raden,raden,den
ajeng,ajeng,jeng
kartini,kartin,arti
hidup,hidup,dup
rezim,rezim,rezim
kolonial,kolonial,kol
hindia,hindia,dia
belanda,belanda,anda
pahlawan,pahlawan,awa
perempuan,perempuan,empu
peletak,letak,eta
dasar,dasar,asa
kesadaran,sadar,ada
kebangsaan,bangsa,angsa
keadilan,adil,adi
sosial,sosial,sia
inklusif,inklusif,inklusif
gagasan,gagas,aga
gagasannya,gagas,aga
pendidikan,pendidi,pen
kebebasan,bebas,bas
berpikir,berpikir,kir
kesetaraan,kesetara,ara
jender,jender,jender
menjadikannya,menjadi,adi
tokoh,tokoh,koh
politik,politik,itik
arti,arti,arti
substantif,substantif,anti
indonesia,indonesia,don
merdeka,merdeka,dek
surat,surat,rat
suratnya,surat,rat
sahabat,sahabat,aba
pena,pena,pen
belanda,belanda,anda
kartini,kartin,arti
kritik,kritik,itik
tajam,tajam,aja
ketidakadilan,ketidakadil,adi
struktural,struktural,struktur
dialami,alam,ala
perempuan,perempuan,empu
pribumi,pribumi,bum
akses,akses,akses
pendidikan,pendidi,pen
partisipasi,partisipasi,arti
sosial,sosial,sia
kartini,kartin,arti
pendidikan,pendidi,pen
alat,alat,ala
mobilitas,mobilitas,ili
sosial,sosial,sia
instrumen,instrumen,instrumen
transformasi,transformasi,asi
bangsa,bangsa,angsa
kartini,kartin,arti
menguasai,menguasa,asa
bahasa,bahasa,asa
belanda,belanda,anda
perancis,perancis,cis
jawa,jawa,awa
membaca,membaca,baca
karya,karya,arya
karya,karya,arya
max,max,max
havelaar,havelaar,ela
karya,karya,arya
multatuli,multatul,mu
tajam,tajam,aja
mengkritik,mengkritik,itik
kolonialisme,kolonialisme,ali
kecerdasannya,cerdas,cerdas
membentuk,membentuk,bentuk
pandangan,pandang,anda
kritis,kritis,kritis
ketidakadilan,ketidakadil,adi
sosial,sosial,sia
posisi,posisi,isi
perempuan,perempuan,empu
masyarakat,masyarakat,ara
kolonial,kolonial,kol
penghormatan,penghormat,hormat
mendalam,mendalam,ala
kartini,kartin,arti
salah,salah,ala
satunya,satu,sat
pramoedya,pramoedya,ram
ananta,ananta,ana
toer,toer,toer
buku,buku,buk
panggil,panggil,pan
kartini,kartin,arti
buku,buku,buk
setebal,setebal,bal
304,304,304
halaman,halaman,ala
42,42,42
persennya,persen,per
membahas,membahas,bah
kartini,kartin,arti
pemikir,pemikir,kir
politik,politik,itik
progresif,progresif,es
ikon,ikon,ikon
domestik,domestik,dom
simbol,simbol,bol
emansipasi,emansipasi,asi
ala,ala,ala
kolonial,kolonial,kol
surat,surat,rat
surat,surat,rat
kartini,kartin,arti
diterjemahkan,terjemah,jem
42,42,42
bahasa,bahasa,asa
bukti,bukti,buk
gagasannya,gagas,aga
memiliki,milik,ili
pengaruh,pengaruh,aru
global,global,bal
melampaui,lampau,lam
zamannya,zaman,ama
fondasi,fondasi,asi
bangsa,bangsa,angsa
berdaya,berdaya,daya
saing,saing,ain
120,120,120
surat,surat,rat
surat,surat,rat
kartini,kartin,arti
kali,kali,ali
diterbitkan,terbit,bit
1903,1903,1903
menggugah,menggugah,gah
kesadaran,sadar,ada
orang,orang,orang
indonesia,indonesia,don
berubah,rubah,bah
perjuangan,perjuang,jua
kesetaraan,kesetara,ara
jender,jender,jender
selesai,selesai,es
diskriminasi,diskriminasi,asi
ketimpangan,timpang,pan
jumpai,jumpa,jumpa
lini,lini,ini
kehidupan,hidup,dup
laporan,lapor,apo
global,global,bal
gender,gender,gen
gap,gap,gap
index,index,index
2023,2023,2023
dirilis,rilis,ili
world,world,world
economic,economic,eco
forum,forum,forum
menempatkan,menempat,empat
indonesia,indonesia,don
peringkat,peringkat,ering
87,87,87
146,146,146
negara,negara,ara
skor,skor,kor
mengalami,mengalam,ala
perubahan,rubah,bah
2022,2022,2022
0,0,0
697,697,697
menandakan,menanda,anda
indonesia,indonesia,don
mencapai,mencapa,apa
69,69,69
7,7,7
persen,persen,per
kesetaraan,kesetara,ara
jender,jender,jender
konteks,konteks,eks
legislatif,legislatif,ati
keterwakilan,keterwakil,aki
perempuan,perempuan,empu
dpr,dpr,dpr
ri,r,r
hasil,hasil,asi
pemilu,milu,ilu
2024,2024,2024
21,21,21
9,9,9
persen,persen,per
tipis,tipis,ipis
20,20,20
5,5,5
persen,persen,per
periode,periode,ode
2019,2019,2019
2024,2024,2024
angka,angka,angka
ambang,ambang,ambang
batas,batas,atas
afirmatif,afirmatif,afirmatif
30,30,30
persen,persen,per
diamanatkan,amanat,ama
undang,undang,dan
undang,undang,dan
uu,uu,uu
no,no,no
2,2,2
2008,2008,2008
partai,partai,arta
politik,politik,itik
uu,uu,uu
no,no,no
7,7,7
2017,2017,2017
pemilu,milu,ilu
18,18,18
partai,partai,arta
peserta,serta,serta
pemilu,milu,ilu
2024,2024,2024
berhasil,berhasil,asi
memenuhi,memenuh,mem
keterwakilan,keterwakil,aki
perempuan,perempuan,empu
proporsional,proporsional,ion
fraksi,fraksi,aksi
parlemen,parlemen,lem
menandakan,menanda,anda
sistem,sistem,sis
politik,politik,itik
dibelenggu,belenggu,bel
dominasi,dominasi,asi
struktural,struktural,struktur
laki,laki,aki
laki,laki,aki
kultur,kultur,kult
patriarki,patriark,patri
mengakar,mengakar,akar
studi,studi,studi
mckinsey,mckinsey,mckinsey
and,and,and
company,company,om
perusahaan,perusaha,eru
keberagaman,keberagam,aga
jender,jender,jender
memiliki,milik,ili
25,25,25
persen,persen,per
mengalami,mengalam,ala
profitabilitas,profitabilitas,fit
dibandingkan,banding,ban
rekan,rekan,kan
rekan,rekan,kan
forbes,forbes,es
2020,2020,2020
partisipasi,partisipasi,arti
perempuan,perempuan,empu
politik,politik,itik
tuntutan,tuntut,tun
representasi,representasi,asi
syarat,syarat,ara
mutlak,mutlak,lak
demokrasi,demokrasi,asi
sehat,sehat,seh
responsif,responsif,es
buku,buku,buk
panggil,panggil,pan
kartini,kartin,arti
pramoedya,pramoedya,ram
mengutip,mengutip,tip
surat,surat,rat
kartini,kartin,arti
estelle,estelle,es
zeehandelaar,zeehandelaar,ela
25,25,25
mei,mei,mei
1899,1899,1899
besaran,saran,ara
mewujudkan,wujud,uju
cita,cita,cit
citaku,cita,cit
menaikkan,naik,naik
derajat,derajat,aja
peradaban,peradab,ada
rakyat,rakyat,rak
pernyataan,pernyata,nyata
retorika,retorika,ret
kartini,kartin,arti
perjuangannya,perjuang,jua
perjuangan,perjuang,jua
politik,politik,itik
perjuangan,perjuang,jua
membebaskan,membebas,bas
rakyat,rakyat,rak
belenggu,belenggu,bel
kolonialisme,kolonialisme,ali
feodalisme,feodalisme,ali
pendidikan,pendidi,pen
kesadaran,sadar,ada
kritis,kritis,kritis
kartini,kartin,arti
politik,politik,itik
etis,etis,etis
kartini,kartin,arti
mencalonkan,mencalon,alon
pejabat,jabat,aba
publik,publik,lik
mempraktikkan,mempraktik,emprak
politik,politik,itik
etis,etis,etis
otentik,otentik,otentik
politik,politik,itik
berpihak,berpihak,hak
kaum,kaum,aum
tertindas,tertindas,das
kepentingan,penting,pen
elektoral,elektoral,lektor
mengkritik,mengkritik,itik
sistem,sistem,sis
feodalisme,feodalisme,ali
jawa,jawa,awa
kolonialisme,kolonialisme,ali
belanda,belanda,anda
bersamaan,bersama,ama
kekuatan,kuat,kuat
hegemonik,hegemonik,hegemoni
mengunci,mengunc,gun
perempuan,perempuan,empu
penjara,penjara,ara
domestik,domestik,dom
ketidaktahuan,ketidaktahu,akta
perjuangan,perjuang,jua
kartini,kartin,arti
perjuangan,perjuang,jua
kelas,kelas,ela
perjuangan,perjuang,jua
jender,jender,jender
kartini,kartin,arti
hidup,hidup,dup
barangkali,barangkali,ali
bersuara,bersuara,ara
lantang,lantang,anta
minimnya,minim,ini
perempuan,perempuan,empu
kepemimpinan,kepemimpin,impi
strategis,strategis,rat
partai,partai,arta
politik,politik,itik
rendahnya,rendah,dah
anggaran,anggar,angga
responsif,responsif,es
jender,jender,jender
apbn,apbn,apbn
tingginya,tinggi,tin
angka,angka,angka
kekerasan,keras,era
berbasis,berbasis,asi
jender,jender,jender
data,data,data
komnas,komnas,kom
perempuan,perempuan,empu
2023,2023,2023
mencatat,mencatat,cat
289,289,289
111,111,111
kekerasan,keras,era
perempuan,perempuan,empu
angka,angka,angka
turun,turun,tur
12,12,12
persen,persen,per
dibandingkan,banding,ban
2022,2022,2022
keberpihakan,keberpiha,keberpiha
politik,politik,itik
kuat,kuat,kuat
isu,isu,isu
cita,cita,cit
cita,cita,cit
kartini,kartin,arti
terhenti,terhent,ter
upacara,upacara,acar
simbolik,simbolik,bol
tahunan,tahun,hun
kemajuan,maju,aju
diukur,ukur,kur
perempuan,perempuan,empu
duduk,duduk,duduk
parlemen,parlemen,lem
terlibat,terlibat,iba
pembuatan,pembuat,bua
keputusan,putus,putu
strategis,strategis,rat
bank,bank,ban
dunia,dunia,dunia
mencatat,mencatat,cat
negara,negara,ara
negara,negara,ara
indeks,indeks,dek
kesetaraan,kesetara,ara
jender,jender,jender
cenderung,cenderung,cenderung
memiliki,milik,ili
pertumbuhan,pertumbuh,per
ekonomi,ekonomi,ekon
stabil,stabil,stabil
merata,rata,rat
kebijakan,kebija,ebi
publik,publik,lik
dihasilkan,hasil,asi
inklusif,inklusif,inklusif
berkeadilan,berkeadil,adi
sosial,sosial,sia
tingkat,tingkat,tin
lokal,lokal,lok
keberadaan,keberada,ada
pemimpin,pemimpin,impi
perempuan,perempuan,empu
terbukti,terbukt,buk
berdampak,berdampak,dam
positif,positif,pos
kualitas,kualitas,ali
layanan,layan,ayan
publik,publik,lik
studi,studi,studi
un,un,un
women,women,om
kepala,kepala,ala
daerah,daerah,daerah
perempuan,perempuan,empu
cenderung,cenderung,cenderung
memperhatikan,memperhati,ati
isu,isu,isu
pendidikan,pendidi,pen
kesehatan,sehat,seh
anak,anak,ana
pemberantasan,pemberantas,anta
kemiskinan,miskin,mi
berbasis,berbasis,asi
komunitas,komunitas,kom
sejalan,sejal,eja
semangat,semangat,emang
kartini,kartin,arti
perempuan,perempuan,empu
obyek,obyek,obyek
pembangunan,pembangun,ban
subyek,subyek,sub
membentuk,membentuk,bentuk
arah,arah,ara
prioritas,prioritas,prioritas
pembangunan,pembangun,ban
relevan,relevan,rel
memperingati,memperingat,emper
kartini,kartin,arti
sebatas,batas,atas
mengenakan,mengena,gen
kebaya,kebaya,baya
menyanyikan,nyanyi,nyanyi
lagu,lagu,lagu
kartini,kartin,arti
instansi,instansi,instan
pemerintah,pemerin,meri
menagih,menagih,agih
janji,janji,janji
konstitusi,konstitusi,itu
warga,warga,warga
negara,negara,ara
diskriminasi,diskriminasi,asi
jender,jender,jender
berhak,berhak,hak
pendidikan,pendidi,pen
pekerjaan,kerja,kerja
partisipasi,partisipasi,arti
politik,politik,itik
agenda,agenda,agen
politik,politik,itik
perempuan,perempuan,empu
ditempatkan,tempat,empat
pinggiran,pinggir,gir
arus,arus,aru
utama,utama,ama
pembangunan,pembangun,ban
nasional,nasional,asi
mewujudkan,wujud,uju
cita,cita,cit
cita,cita,cit
kartini,kartin,arti
konteks,konteks,eks
politik,politik,itik
modern,modern,mode
langkah,langkah,angka
konkret,konkret,konkret
menyentuh,menyentuh,yen
akar,akar,akar
struktural,struktural,struktur
menghambat,menghambat,ham
partisipasi,partisipasi,arti
perempuan,perempuan,empu
langkah,langkah,angka
mendasar,mendasar,asa
mendorong,mendorong,dor
reformasi,reformasi,asi
internal,internal,intern
partai,partai,arta
politik,politik,itik
partai,partai,arta
pintu,pintu,pin
gerbang,gerbang,ban
utama,utama,ama
politik,politik,itik
elektoral,elektoral,lektor
berkomitmen,berkomitmen,berko
sistem,sistem,sis
rekrutmen,rekrutmen,kru
kaderisasi,kaderisasi,asi
inklusif,inklusif,inklusif
gender,gender,gen
partai,partai,arta
menanggalkan,menanggal,angga
praktik,praktik,praktik
praktik,praktik,praktik
patriarkal,patriarkal,patri
menghambat,menghambat,ham
kemunculan,muncul,mu
pemimpin,pemimpin,impi
perempuan,perempuan,empu
membangun,membangun,ban
ekosistem,ekosistem,ekosistem
politik,politik,itik
mendukung,mendukung,duk
memberdayakan,memberdaya,daya
aman,aman,ama
perempuan,perempuan,empu
sisi,sisi,isi
regulasi,regulasi,asi
penguatan,penguat,gua
afirmasi,afirmasi,afirmasi
keterwakilan,keterwakil,aki
perempuan,perempuan,empu
agenda,agenda,agen
legislatif,legislatif,ati
berkelanjutan,berkelanjut,anju
pemerintah,pemerin,meri
dpr,dpr,dpr
serius,serius,seri
mengevaluasi,mengevaluas,alu
implementasi,implementasi,asi
kebijakan,kebija,ebi
afirmasi,afirmasi,afirmasi
30,30,30
persen,persen,per
keterwakilan,keterwakil,aki
perempuan,perempuan,empu
daftar,daftar,daftar
calon,calon,alon
legislatif,legislatif,ati
penguatan,penguat,gua
sanksi,sanksi,ksi
bersifat,bersifat,sif
mengikat,mengikat,ikat
partai,partai,arta
memenuhi,memenuh,mem
ketentuan,tentu,tentu
aspek,aspek,aspek
pendanaan,pendana,ana
faktor,faktor,aktor
krusial,krusial,kru
meningkatkan,meningkat,meni
partisipasi,partisipasi,arti
politik,politik,itik
perempuan,perempuan,empu
kompetisi,kompetisi,etis
politik,politik,itik
ditentukan,tentu,tentu
kekuatan,kuat,kuat
modal,modal,dal
negara,negara,ara
hadir,hadir,adi
skema,skema,skema
pendanaan,pendana,ana
kampanye,kampanye,kam
inklusif,inklusif,inklusif
jender,jender,jender
matching,matching,mat
fund,fund,fund
subsidi,subsidi,sidi
kampanye,kampanye,kam
calon,calon,alon
perempuan,perempuan,empu
kalangan,kalang,ala
akar,akar,akar
rumput,rumput,rum
mengurangi,mengurang,rang
ketimpangan,timpang,pan
akses,akses,akses
sumber,sumber,sum
daya,daya,daya
politik,politik,itik
membuka,membuka,buk
ruang,ruang,rua
setara,tara,ara
perempuan,perempuan,empu
bersaing,bersaing,ain
menang,menang,mena
kontestasi,kontestas,es
elektoral,elektoral,lektor
investasi,investasi,asi
pendidikan,pendidi,pen
politik,politik,itik
perempuan,perempuan,empu
muda,muda,mu
investasi,investasi,asi
jangka,jangka,angka
demokrasi,demokrasi,asi
program,program,gram
program,program,gram
pendidikan,pendidi,pen
politik,politik,itik
berbasis,berbasis,asi
komunitas,komunitas,kom
lembaga,lembaga,aga
pendidikan,pendidi,pen
organisasi,organisasi,ani
masyarakat,masyarakat,ara
sipil,sipil,pil
ormas,ormas,mas
keagamaan,agama,aga
diperluas,diperluas,luas
mencetak,mencetak,cetak
generasi,generasi,asi
pemimpin,pemimpin,impi
perempuan,perempuan,empu
kartini,kartin,arti
dibekali,bekal,bek
kecakapan,cakap,cak
intelektual,intelektual,intel
keberanian,berani,ani
moral,moral,moral
literasi,literas,era
digital,digital,digit
ketajaman,tajam,aja
analisis,analisis,ali
kebijakan,kebija,ebi
menavigasi,menavigas,gas
kompleksitas,kompleksitas,eks
dunia,dunia,dunia
politik,politik,itik
berubah,rubah,bah
upaya,upaya,paya
kesetaraan,kesetara,ara
jender,jender,jender
diwujudkan,wujud,uju
nyata,nyata,nyata
anggaran,anggar,angga
responsif,responsif,es
gender,gender,gen
arg,arg,arg
level,level,level
pemerintahan,pemerintah,meri
arg,arg,arg
kewajiban,wajib,aji
administratif,administratif,administratif
alat,alat,ala
pembangunan,pembangun,ban
memperhatikan,memperhati,ati
kebutuhan,butuh,butuh
perempuan,perempuan,empu
adil,adil,adi
perencanaan,rencana,ana
evaluasi,evaluasi,alu
komitmen,komitmen,kom
negara,negara,ara
inpres,inpres,es
no,no,no
9,9,9
2000,2000,2000
mewajibkan,wajib,aji
kementerian,menteri,ente
lembaga,lembaga,aga
memasukkan,masuk,asu
perspektif,perspektif,pek
jender,jender,jender
program,program,gram
daerah,daerah,daerah
dipertegas,dipertegas,gas
permendagri,permendagr,per
no,no,no
67,67,67
2011,2011,2011
arg,arg,arg
masuk,masuk,asu
dokumen,dokumen,dok
perencanaan,rencana,ana
nasional,nasional,asi
rpjmn,rpjmn,rpjmn
dijalankan,jalan,ala
instansi,instansi,instan
praktiknya,praktik,praktik
pemerintah,pemerin,meri
daerah,daerah,daerah
arg,arg,arg
formalitas,formalitas,ali
agenda,agenda,agen
politik,politik,itik
kartini,kartin,arti
simbol,simbol,bol
perlawanan,perlawan,awa
ketertindasan,ketertindas,das
struktural,struktural,struktur
eksklusi,eksklus,eks
sosial,sosial,sia
kartini,kartin,arti
pengingat,pengingat,gin
bangsa,bangsa,angsa
merdeka,merdeka,dek
penduduknya,penduduk,duduk
disisihkan,sisih,isi
ruang,ruang,rua
publik,publik,lik
pengambilan,pengambil,ambi
keputusan,putus,putu
potensi,potensi,pot
perempuan,perempuan,empu
energi,energi,energi
perubahan,rubah,bah
energi,energi,energi
mengalir,mengalir,ali
denyut,denyut,den
kebijakan,kebija,ebi
publik,publik,lik
perempuan,perempuan,empu
pelengkap,lengkap,kap
demokrasi,demokrasi,asi
pilar,pilar,ilar
utama,utama,ama
menjaga,menjaga,aga
akal,akal,akal
sehat,sehat,seh
keberagaman,keberagam,aga
indonesia,indonesia,don
perempuan,perempuan,empu
berdaya,berdaya,daya
slogan,slogan,log
fondasi,fondasi,asi
indonesia,indonesia,don
adil,adil,adi
makmur,makmur,makmur
merdeka,merdeka,dek
cita,cita,cit
cita,cita,cit
kartini,kartin,arti
perempuan,perempuan,empu
masyarakat,masyarakat,ara
adil,adil,adi
egaliter,egaliter,ali
bermartabat,bermartabat,aba
perempuan,perempuan,empu
ruang,ruang,rua
berkembang,berkembang,ban
demokrasi,demokrasi,asi
hidup,hidup,dup
pembangunan,pembangun,ban
berkeadilan,berkeadil,adi
selamat,selamat,ama
kartini,kartin,arti
tati,tat,tat
noviati,noviat,via
tenaga,tenaga,aga
ahli,ahli,ahli
dpr,dpr,dpr
ri,r,r
termasyhur,termasyhur,mas
cinta,cinta,cinta
manusia,manusia,anu
kebenaran,benar,bena
ra,ra,ra
kartini,kartin,arti
surat,surat,rat
abendanon,abendanon,aben
1,1,1
agustus,agustus,agus
1903,1903,1903
gempuran,gempur,empu
teknologi,teknologi,log
pergeseran,pergeser,erg
budaya,budaya,budaya
digital,digital,digit
kerap,kerap,era
lupa,lupa,lup
simbol,simbol,bol
simbol,simbol,bol
hadir,hadir,adi
keseharian,kesehari,ari
menghilang,menghilang,hilang
salah,salah,ala
satunya,satu,sat
wajah,wajah,aja
ra,ra,ra
kartini,kartin,arti
uang,uang,uan
kertas,kertas,kertas
era,era,era
cashless,cashless,cas
society,society,society
transaksi,transaksi,aksi
qris,qris,qris
e,e,e
wallet,wallet,wallet
mobile,mobile,mob
banking,banking,ban
representasi,representasi,asi
visual,visual,isu
tokoh,tokoh,koh
perempuan,perempuan,empu
melekat,lekat,leka
dompet,dompet,dom
rakyat,rakyat,rak
perlahan,perlahan,lah
lenyap,lenyap,lenyap
pandangan,pandang,anda
dunia,dunia,dunia
digital,digital,digit
cepat,cepat,cepat
wajah,wajah,aja
patut,patut,patut
perginya,pergi,erg
simbol,simbol,bol
simbol,simbol,bol
perempuan,perempuan,empu
kartini,kartin,arti
21,21,21
april,april,april
bangsa,bangsa,angsa
indonesia,indonesia,don
mengenang,mengenang,gen
ra,ra,ra
kartini,kartin,arti
pelopor,pelopor,elo
emansipasi,emansipasi,asi
perempuan,perempuan,empu
peringatan,peringat,ering
terjebak,terjebak,bak
seremoni,seremoni,rem
lomba,lomba,lomba
kebaya,kebaya,baya
unggahan,unggah,gah
bertema,bertema,tem
pastel,pastel,pas
kutipan,kutip,kuti
viral,viral,ira
pemikiran,pemikir,kir
kartini,kartin,arti
menulis,menulis,lis
keberanian,berani,ani
kegelisahan,gelisah,gel
menantang,menantang,anta
tatanan,tatanan,ana
mengekang,mengekang,ekang
perempuan,perempuan,empu
belajar,belajar,aja
berpikir,berpikir,kir
bebas,bebas,bas
kartini,kartin,arti
perempuan,perempuan,empu
menuntut,menuntut,menu
perubahan,rubah,bah
struktur,struktur,struktur
sosial,sosial,sia
keyakinan,yakin,aki
emansipasi,emansipasi,asi
kebebasan,bebas,bas
individual,individual,dua
kebebasan,bebas,bas
kolektif,kolektif,kol
berpikir,berpikir,kir
kartini,kartin,arti
perempuan,perempuan,empu
wajahnya,wajah,aja
muncul,muncul,mu
uang,uang,uan
kertas,kertas,kertas
indonesia,indonesia,don
pecahan,pecah,cah
rp,rp,rp
5,5,5
1953,1953,1953
rp,rp,rp
10,10,10
000,000,000
1985,1985,1985
langkah,langkah,angka
simbolik,simbolik,bol
kuat,kuat,kuat
negara,negara,ara
mengakui,mengaku,aku
peran,peran,era
perempuan,perempuan,empu
narasi,narasi,ara
kebangsaan,bangsa,angsa
menyematkannya,menyemat,emat
medium,medium,medium
luas,luas,luas
sirkulasinya,sirkulasi,asi
uang,uang,uan
wajah,wajah,aja
kartini,kartin,arti
tercetak,tercetak,cetak
versi,versi,versi
ditertibkan,tertib,erti
perempuan,perempuan,empu
cerdas,cerdas,cerdas
anggun,anggun,anggun
berbakti,berbakt,bak
mengguncang,mengguncang,cang
tatanan,tatanan,ana
wajah,wajah,aja
kartini,kartin,arti
uang,uang,uan
kertas,kertas,kertas
representasi,representasi,asi
emansipasi,emansipasi,asi
diterima,terima,rim
berprestasi,berprestas,es
bingkai,bingkai,bin
sopan,sopan,opa
nasionalis,nasionalis,ali
simbol,simbol,bol
abadi,abadi,aba
uang,uang,uan
fisik,fisik,fisi
kartini,kartin,arti
beredar,beredar,dar
koleksi,koleksi,eks
langka,langka,angka
numismatis,numismatis,ati
tokoh,tokoh,koh
perempuan,perempuan,empu
cut,cut,cut
nyak,nyak,nyak
dhien,dhien,dhien
cut,cut,cut
meutia,meutia,meutia
menggantikan,mengganti,anti
proporsi,proporsi,opor
pahlawan,pahlawan,awa
perempuan,perempuan,empu
sejarah,sejarah,ara
uang,uang,uan
indonesia,indonesia,don
timpang,timpang,pan
total,total,tal
tokoh,tokoh,koh
tampil,tampil,pil
uang,uang,uan
rupiah,rupiah,piah
80,80,80
persen,persen,per
laki,laki,aki
laki,laki,aki
ketimpangan,timpang,pan
mencerminkan,mencermin,cermin
sempitnya,sempit,pit
ruang,ruang,rua
representasi,representasi,asi
perempuan,perempuan,empu
narasi,narasi,ara
visual,visual,isu
negara,negara,ara
uang,uang,uan
berpindah,berpindah,dah
tangan,tangan,angan
wajah,wajah,aja
kartini,kartin,arti
berpindah,berpindah,dah
menyapa,menyapa,apa
pasar,pasar,asa
perkantoran,perkantor,kan
transaksi,transaksi,aksi
digital,digital,digit
wajah,wajah,aja
tokoh,tokoh,koh
perempuan,perempuan,empu
hadir,hadir,adi
interaksi,interaksi,aksi
ekonomi,ekonomi,ekon
harian,hari,ari
dunia,dunia,dunia
digital,digital,digit
menciptakan,mencipta,cip
efisiensi,efisiensi,efisien
menghapus,menghapus,apu
jejak,jejak,eja
simbolis,simbolis,bol
menanamkan,menanam,ana
ingatan,ingat,inga
kolektif,kolektif,kol
hilangnya,hilang,hilang
uang,uang,uan
fisik,fisik,fisi
hilangnya,hilang,hilang
kehadiran,hadir,adi
perempuan,perempuan,empu
ruang,ruang,rua
publik,publik,lik
ekonomi,ekonomi,ekon
representasi,representasi,asi
muncul,muncul,mu
seremoni,seremoni,rem
tahunan,tahun,hun
makna,makna,makna
perjuangan,perjuang,jua
perempuan,perempuan,empu
realitas,realitas,ali
keseharian,kesehari,ari
menggali,menggal,mengga
ulang,ulang,lang
sejarah,sejarah,ara
kartini,kartin,arti
simbol,simbol,bol
pemikir,pemikir,kir
gelisah,gelisah,gel
tajam,tajam,aja
progresif,progresif,es
membentuk,membentuk,bentuk
ulang,ulang,lang
ingatan,ingat,inga
kolektif,kolektif,kol
perjuangan,perjuang,jua
perempuan,perempuan,empu
festival,festival,es
tahunan,tahun,hun
figur,figur,figur
museum,museum,mu
menciptakan,mencipta,cip
ruang,ruang,rua
ruang,ruang,rua
pemikiran,pemikir,kir
kartini,kartin,arti
pendidikan,pendidi,pen
media,media,dia
kebijakan,kebija,ebi
publik,publik,lik
representasi,representasi,asi
perempuan,perempuan,empu
dunia,dunia,dunia
digital,digital,digit
diperluas,diperluas,luas
tokoh,tokoh,koh
perempuan,perempuan,empu
kontemporer,kontemporer,empo
tampil,tampil,pil
konten,konten,konte
visual,visual,isu
kepemimpinan,kepemimpin,impi
teknologi,teknologi,log
budaya,budaya,budaya
populer,populer,pop
kritis,kritis,kritis
dipilih,pilih,ili
negara,negara,ara
mewakili,wakil,aki
perempuan,perempuan,empu
sejarah,sejarah,ara
visual,visual,isu
tokoh,tokoh,koh
ditampilkan,tampil,pil
kartini,kartin,arti
dulunya,dulu,ulu
radikal,radikal,adi
dijadikan,jadi,adi
simbol,simbol,bol
netral,netral,net
surat,surat,rat
surat,surat,rat
kartini,kartin,arti
penuh,penuh,pen
kegelisahan,gelisah,gel
ketimpangan,timpang,pan
relevan,relevan,rel
dunia,dunia,dunia
digital,digital,digit
serba,serba,serba
canggih,canggih,cang
terjebak,terjebak,bak
definisi,definisi,definisi
dibatasi,batas,atas
layar,layar,ayar
algoritma,algoritma,gori
teknologi,teknologi,log
memudahkan,mudah,dah
akses,akses,akses
informasi,informasi,asi
menimbulkan,menimbul,meni
jarak,jarak,ara
simbol,simbol,bol
makna,makna,makna
sejati,sejati,ati
merawat,rawat,awa
ingatan,ingat,inga
sahih,sahih,sah
melestarikan,lestari,ari
citra,citra,cit
dibakukan,baku,aku
kartini,kartin,arti
tampil,tampil,pil
gambar,gambar,ambar
uang,uang,uan
kertas,kertas,kertas
kutipan,kutip,kuti
kutipan,kutip,kuti
bertahan,bertah,bertah
sehari,sehar,seh
berkebaya,berkebaya,baya
sehari,sehar,seh
penuh,penuh,pen
perjuangan,perjuang,jua
kartini,kartin,arti
penampilan,penampil,enam
visual,visual,isu
pemikiran,pemikir,kir
kartini,kartin,arti
memprovokasi,memprovokas,kas
berpikir,berpikir,kir
melampaui,lampau,lam
batas,batas,atas
menantang,menantang,anta
ketidakadilan,ketidakadil,adi
tersembunyi,tersembuny,bun
sistem,sistem,sis
tergoyahkan,tergoyah,erg
generasi,generasi,asi
muda,muda,mu
menghidupkan,menghidup,dup
semangat,semangat,emang
kartini,kartin,arti
dunia,dunia,dunia
serba,serba,serba
digital,digital,digit
uang,uang,uan
kertas,kertas,kertas
ruang,ruang,rua
digital,digital,digit
inklusif,inklusif,inklusif
suara,suara,ara
kebijakan,kebija,ebi
adil,adil,adi
keberanian,berani,ani
mengangkat,mengangkat,angka
suara,suara,ara
perempuan,perempuan,empu
arus,arus,aru
zaman,zaman,ama
berubah,rubah,bah
cepat,cepat,cepat
merawat,rawat,awa
pemikiran,pemikir,kir
kartini,kartin,arti
kebun,kebun,bun
nirkertas,nirkertas,kertas
menanamnya,menanam,ana
bentuk,bentuk,bentuk
edukasi,edukasi,asi
luas,luas,luas
budaya,budaya,budaya
populer,populer,pop
mencakup,mencakup,aku
identitas,identitas,den
kebijakan,kebija,ebi
memperjuangkan,memperjuang,emper
kesetaraan,kesetara,ara
batas,batas,atas
tiada,tiada,ada
awan,awan,awa
langit,langit,angit
berubah,rubah,bah
hujan,hujan,hujan
hilang,hilang,hilang
ra,ra,ra
kartini,kartin,arti
surat,surat,rat
stella,stella,tel
27,27,27
oktober,oktober,oktober
1902,1902,1902
semoga,moga,moga
awan,awan,awa
berubah,rubah,bah
hujan,hujan,hujan
menyuburkan,menyubur,bur
dunia,dunia,dunia
setara,tara,ara
adil,adil,adi
inklusif,inklusif,inklusif
semangat,semangat,emang
kartini,kartin,arti
hidup,hidup,dup
ruang,ruang,rua
ciptakan,cipta,cip
media,media,dia
massa,massa,mas
memiliki,milik,ili
peran,peran,era
membentuk,membentuk,bentuk
opini,opini,ini
publik,publik,lik
sumber,sumber,sum
informasi,informasi,asi
utama,utama,ama
masyarakat,masyarakat,ara
media,media,dia
massa,massa,mas
memiliki,milik,ili
kekuatan,kuat,kuat
mempengaruhi,mempengaruh,aru
pandangan,pandang,anda
sikap,sikap,kap
publik,publik,lik
isu,isu,isu
peristiwa,peristiwa,istiwa
media,media,dia
massa,massa,mas
berperan,berper,per
sumber,sumber,sum
informasi,informasi,asi
utama,utama,ama
masyarakat,masyarakat,ara
platform,platform,lat
surat,surat,rat
kabar,kabar,aba
majalah,majalah,aja
radio,radio,adi
televisi,televisi,isi
internet,internet,intern
media,media,dia
massa,massa,mas
berita,berita,beri
informasi,informasi,asi
topik,topik,top
politik,politik,itik
ekonomi,ekonomi,ekon
sosial,sosial,sia
budaya,budaya,budaya
masyarakat,masyarakat,ara
mengandalkan,mengandal,anda
media,media,dia
massa,massa,mas
berita,berita,beri
terkini,terkin,ter
mendalam,mendalam,ala
isu,isu,isu
isu,isu,isu
terkait,terkait,kait
kehidupan,hidup,dup
informasi,informasi,asi
disajikan,saji,aji
media,media,dia
massa,massa,mas
membentuk,membentuk,bentuk
persepsi,persepsi,per
pemahaman,pemaham,ham
masyarakat,masyarakat,ara
media,media,dia
massa,massa,mas
memiliki,milik,ili
peran,peran,era
membentuk,membentuk,bentuk
agenda,agenda,agen
publik,publik,lik
menentukan,menentu,menentu
isu,isu,isu
isu,isu,isu
dianggap,anggap,angga
dibahas,bahas,bah
masyarakat,masyarakat,ara
media,media,dia
massa,massa,mas
memilih,memilih,ili
liputan,liput,lipu
luas,luas,luas
isu,isu,isu
mempengaruhi,mempengaruh,aru
perhatian,perhati,ati
perbincangan,perbincang,bin
publik,publik,lik
media,media,dia
massa,massa,mas
membantu,membantu,ban
menentukan,menentu,menentu
isu,isu,isu
isu,isu,isu
dianggap,anggap,angga
relevan,relevan,rel
mendesak,mendesak,desa
masyarakat,masyarakat,ara
mempengaruhi,mempengaruh,aru
agenda,agenda,agen
kebijakan,kebija,ebi
publik,publik,lik
media,media,dia
massa,massa,mas
kali,kali,ali
platform,platform,lat
diskusi,diskusi,diskus
debat,debat,debat
isu,isu,isu
isu,isu,isu
kontroversial,kontroversial,kontroversi
surat,surat,rat
kabar,kabar,aba
acara,acara,acar
televisi,televisi,isi
media,media,dia
sosial,sosial,sia
media,media,dia
massa,massa,mas
ruang,ruang,rua
pandangan,pandang,anda
pendapat,pendapat,apa
berbeda,berbeda,beda
masyarakat,masyarakat,ara
mendengar,mendengar,den
sudut,sudut,sudu
pandang,pandang,anda
debat,debat,debat
berkelanjutan,berkelanjut,anju
diskusi,diskusi,diskus
membantu,membantu,ban
membentuk,membentuk,bentuk
opini,opini,ini
publik,publik,lik
ruang,ruang,rua
pendapat,pendapat,apa
pemikiran,pemikir,kir
media,media,dia
massa,massa,mas
berperan,berper,per
pengawasan,pengawas,awa
pemerintah,pemerin,meri
institusi,institusi,institusi
investigasi,investigasi,asi
jurnalistik,jurnalistik,ali
melaporkan,lapor,apo
pelanggaran,langgar,angga
korupsi,korupsi,kor
ketidakadilan,ketidakadil,adi
media,media,dia
massa,massa,mas
kontrol,kontrol,kontrol
publik,publik,lik
pemerintah,pemerin,meri
institusi,institusi,institusi
media,media,dia
massa,massa,mas
membantu,membantu,ban
membentuk,membentuk,bentuk
opini,opini,ini
publik,publik,lik
fakta,fakta,akta
mengkritisi,mengkritis,kritis
kebijakan,kebija,ebi
tindakan,tinda,tin
dianggap,anggap,angga
sesuai,sesuai,es
kepentingan,penting,pen
masyarakat,masyarakat,ara
media,media,dia
massa,massa,mas
memiliki,milik,ili
kemampuan,mampu,ampu
membentuk,membentuk,bentuk
sikap,sikap,kap
perilaku,perilaku,aku
masyarakat,masyarakat,ara
pemaparan,pemapar,apa
nilai,nilai,ilai
nilai,nilai,ilai
norma,norma,norma
budaya,budaya,budaya
kontennya,konten,konte
menghadapi,menghadap,ada
isu,isu,isu
sosial,sosial,sia
keadilan,adil,adi
kesetaraan,kesetara,ara
lingkungan,lingkung,kung
media,media,dia
massa,massa,mas
mempengaruhi,mempengaruh,aru
persepsi,persepsi,per
tindakan,tinda,tin
masyarakat,masyarakat,ara
narasi,narasi,ara
dibangun,bangun,ban
pemberitaan,pemberita,beri
program,program,gram
program,program,gram
hiburan,hibur,bur
informasi,informasi,asi
media,media,dia
massa,massa,mas
memiliki,milik,ili
peran,peran,era
mengedukasi,mengedukas,duk
masyarakat,masyarakat,ara
program,program,gram
pendidikan,pendidi,pen
dokumenter,dokumenter,dok
artikel,artikel,arti
mendalam,mendalam,ala
media,media,dia
massa,massa,mas
membantu,membantu,ban
meningkatkan,meningkat,meni
pengetahuan,pengetahu,eta
pemahaman,pemaham,ham
publik,publik,lik
isu,isu,isu
kompleks,kompleks,eks
informasi,informasi,asi
akurat,akurat,aku
terpercaya,terpercaya,per
media,media,dia
massa,massa,mas
membantu,membantu,ban
membentuk,membentuk,bentuk
opini,opini,ini
publik,publik,lik
berbasis,berbasis,asi
pengetahuan,pengetahu,eta
pemahaman,pemaham,ham
media,media,dia
massa,massa,mas
mendorong,mendorong,dor
partisipasi,partisipasi,arti
publik,publik,lik
proses,proses,es
pengambilan,pengambil,ambi
keputusan,putus,putu
tindakan,tinda,tin
sosial,sosial,sia
liputan,liput,lipu
luas,luas,luas
isu,isu,isu
isu,isu,isu
partisipatif,partisipatif,arti
pemilihan,pemilih,ili
kampanye,kampanye,kam
sosial,sosial,sia
isu,isu,isu
lingkungan,lingkung,kung
media,media,dia
massa,massa,mas
mengajak,mengajak,aja
masyarakat,masyarakat,ara
terlibat,terlibat,iba
aktif,aktif,aktif
mempengaruhi,mempengaruh,aru
kebijakan,kebija,ebi
perubahan,rubah,bah
membantu,membantu,ban
membentuk,membentuk,bentuk
opini,opini,ini
publik,publik,lik
berorientasi,berorientas,entas
partisipasi,partisipasi,arti
keterlibatan,keterlibat,eter
aktif,aktif,aktif
kehidupan,hidup,dup
publik,publik,lik
media,media,dia
massa,massa,mas
memiliki,milik,ili
peran,peran,era
mempromosikan,mempromosi,mem
kesadaran,sadar,ada
pemahaman,pemaham,ham
keragaman,ragam,aga
budaya,budaya,budaya
nilai,nilai,ilai
nilai,nilai,ilai
multikultural,multikultural,kult
liputan,liput,lipu
inklusif,inklusif,inklusif
representatif,representatif,ati
media,media,dia
massa,massa,mas
memperluas,memperluas,emper
wawasan,wawas,awa
masyarakat,masyarakat,ara
kelompok,kelompok,elo
etnis,etnis,etnis
agama,agama,aga
budaya,budaya,budaya
membantu,membantu,ban
membentuk,membentuk,bentuk
opini,opini,ini
publik,publik,lik
toleran,toleran,era
menghargai,mengharga,harga
perbedaan,perbeda,beda
berupaya,berupaya,beru
membangun,membangun,ban
harmoni,harmoni,harmoni
sosial,sosial,sia
era,era,era
informasi,informasi,asi
digital,digital,digit
media,media,dia
massa,massa,mas
berperan,berper,per
mempromosikan,mempromosi,mem
keterbukaan,keterbuka,buk
transparansi,transparansi,ara
pemerintahan,pemerintah,meri
institusi,institusi,institusi
mempublikasikan,mempublikasi,asi
informasi,informasi,asi
terkait,terkait,kait
kebijakan,kebija,ebi
publik,publik,lik
penggunaan,pengguna,gun
anggaran,anggar,angga
tindakan,tinda,tin
institusi,institusi,institusi
media,media,dia
massa,massa,mas
membantu,membantu,ban
mengawasi,mengawas,awa
tindakan,tinda,tin
pemerintah,pemerin,meri
institusi,institusi,institusi
bertanggung,bertanggung,anggun
publik,publik,lik
membantu,membantu,ban
membentuk,membentuk,bentuk
opini,opini,ini
publik,publik,lik
berbasis,berbasis,asi
akses,akses,akses
informasi,informasi,asi
transparan,transparan,ara
akuntabel,akuntabel,aku
media,media,dia
massa,massa,mas
mengemban,mengemb,mengemb
tanggung,tanggung,anggun
mengikuti,mengikut,ikut
prinsip,prinsip,prinsip
etika,etika,etik
jurnalistik,jurnalistik,ali
informasi,informasi,asi
membentuk,membentuk,bentuk
opini,opini,ini
publik,publik,lik
media,media,dia
massa,massa,mas
keakuratan,akurat,aku
keseimbangan,keseimbang,ban
keadilan,adil,adi
pemberitaannya,pemberita,beri
menghindari,menghindar,dar
sensationalisme,sensationalisme,ali
diskriminasi,diskriminasi,asi
manipulasi,manipulasi,ani
informasi,informasi,asi
prinsip,prinsip,prinsip
ditegakkan,tegak,tega
media,media,dia
massa,massa,mas
media,media,dia
massa,massa,mas
membangun,membangun,ban
kepercayaan,percaya,per
publik,publik,lik
memainkan,main,ain
peran,peran,era
konstruktif,konstruktif,konstruktif
membentuk,membentuk,bentuk
opini,opini,ini
publik,publik,lik
media,media,dia
massa,massa,mas
memiliki,milik,ili
peran,peran,era
membentuk,membentuk,bentuk
opini,opini,ini
publik,publik,lik
penyediaan,penyedia,dia
informasi,informasi,asi
pembentukan,pembentu,pembentu
agenda,agenda,agen
publik,publik,lik
pencetus,pencetus,cetus
diskusi,diskusi,diskus
debat,debat,debat
pengawasan,pengawas,awa
pemerintah,pemerin,meri
institusi,institusi,institusi
pembentukan,pembentu,pembentu
sikap,sikap,kap
perilaku,perilaku,aku
pengedukasian,pengedukasi,asi
masyarakat,masyarakat,ara
mendorong,mendorong,dor
partisipasi,partisipasi,arti
publik,publik,lik
mendorong,mendorong,dor
kesadaran,sadar,ada
multikultural,multikultural,kult
mempromosikan,mempromosi,mem
keterbukaan,keterbuka,buk
transparansi,transparansi,ara
menjalankan,menjalan,ala
tanggung,tanggung,anggun
etika,etika,etik
jurnalistik,jurnalistik,ali
era,era,era
terhubung,terhubung,bun
digital,digital,digit
peran,peran,era
media,media,dia
massa,massa,mas
membentuk,membentuk,bentuk
opini,opini,ini
publik,publik,lik
berdampak,berdampak,dam
luas,luas,luas
media,media,dia
massa,massa,mas
memiliki,milik,ili
kekurangan,kurang,kur
risiko,risiko,isi
bias,bias,bias
media,media,dia
mempengaruhi,mempengaruh,aru
pandang,pandang,anda
publik,publik,lik
isu,isu,isu
media,media,dia
massa,massa,mas
cenderung,cenderung,cenderung
memiliki,milik,ili
kepentingan,penting,pen
penyebaran,penyebar,bar
berita,berita,beri
palsu,palsu,pal
hoaks,hoaks,hoaks
informasi,informasi,asi
terverifikasi,terverifikas,kas
merusak,rusak,rusa
kepercayaan,percaya,per
masyarakat,masyarakat,ara
media,media,dia
massa,massa,mas
masyarakat,masyarakat,ara
mengembangkan,mengembang,ban
literasi,literas,era
media,media,dia
kemampuan,mampu,ampu
menganalisis,menganalisis,ali
mengevaluasi,mengevaluas,alu
memahami,memaham,ham
informasi,informasi,asi
diterima,terima,rim
media,media,dia
massa,massa,mas
memahami,memaham,ham
sumber,sumber,sum
informasi,informasi,asi
kredibel,kredibel,bel
memeriksa,memeriksa,erik
fakta,fakta,akta
mempertimbangkan,mempertimbang,ban
sudut,sudut,sudu
pandang,pandang,anda
berbeda,berbeda,beda
masyarakat,masyarakat,ara
mengembangkan,mengembang,ban
pemahaman,pemaham,ham
opini,opini,ini
berlandaskan,berlandas,anda
informasi,informasi,asi
akurat,akurat,aku
konteks,konteks,eks
demokrasi,demokrasi,asi
media,media,dia
massa,massa,mas
memiliki,milik,ili
tanggung,tanggung,anggun
ruang,ruang,rua
sudut,sudut,sudu
pandang,pandang,anda
pendapat,pendapat,apa
berbeda,berbeda,beda
adil,adil,adi
seimbang,imbang,ban
masyarakat,masyarakat,ara
informasi,informasi,asi
komprehensif,komprehensif,ehe
membangun,membangun,ban
opini,opini,ini
era,era,era
digital,digital,digit
peran,peran,era
media,media,dia
massa,massa,mas
kompleks,kompleks,eks
beragam,ragam,aga
platform,platform,lat
media,media,dia
sosial,sosial,sia
perkembangan,perkembang,ban
teknologi,teknologi,log
individu,individu,idu
memiliki,milik,ili
peran,peran,era
membentuk,membentuk,bentuk
opini,opini,ini
publik,publik,lik
berbagi,berbag,berbag
informasi,informasi,asi
pandangan,pandang,anda
pengalaman,pengalam,ala
media,media,dia
massa,massa,mas
masyarakat,masyarakat,ara
menghasilkan,menghasil,asi
informasi,informasi,asi
akurat,akurat,aku
berimbang,berimbang,ban
mempromosikan,mempromosi,mem
diskusi,diskusi,diskus
sehat,sehat,seh
media,media,dia
massa,massa,mas
memainkan,main,ain
peran,peran,era
signifikan,signifikan,ikan
membentuk,membentuk,bentuk
opini,opini,ini
publik,publik,lik
penyediaan,penyedia,dia
informasi,informasi,asi
pembentukan,pembentu,pembentu
agenda,agenda,agen
publik,publik,lik
mendorong,mendorong,dor
diskusi,diskusi,diskus
pengawasan,pengawas,awa
pemerintah,pemerin,meri
pembentukan,pembentu,pembentu
sikap,sikap,kap
perilaku,perilaku,aku
pengedukasian,pengedukasi,asi
masyarakat,masyarakat,ara
media,media,dia
massa,massa,mas
membentuk,membentuk,bentuk
pandangan,pandang,anda
sikap,sikap,kap
publik,publik,lik
isu,isu,isu
literasi,literas,era
media,media,dia
penggunaan,pengguna,gun
informasi,informasi,asi
kritis,kritis,kritis
masyarakat,masyarakat,ara
membentuk,membentuk,bentuk
opini,opini,ini
berlandaskan,berlandas,anda
pemahaman,pemaham,ham
akurat,akurat,aku
seimbang,imbang,ban
mitra,mitra,mi
makan,makan,akan
bergizi,bergiz,erg
gratis,gratis,ati
mengeluhkan,mengeluh,elu
bayaran,bayar,ayar
kerjanya,kerja,kerja
program,program,gram
mbg,mbg,mbg
keluhan,keluh,elu
lapangan,lapang,apa
tempo,tempo,empo
co,co,co
jakarta,jakarta,akar
program,program,gram
makan,makan,akan
bergizi,bergiz,erg
gratis,gratis,ati
mbg,mbg,mbg
keluhan,keluh,elu
mitra,mitra,mi
terbaru,terbaru,aru
keluhan,keluh,elu
mitra,mitra,mi
dapur,dapur,apu
kalibata,kalibata,ali
mengaku,menga,menga
bayaran,bayar,ayar
yayasan,yayasan,asa
rangkuman,rangkum,angku
keluhan,keluh,elu
mitra,mitra,mi
mbg,mbg,mbg
program,program,gram
mitra,mitra,mi
mbg,mbg,mbg
kalibata,kalibata,ali
bayaran,bayar,ayar
mitra,mitra,mi
dapur,dapur,apu
makan,makan,akan
bergizi,bergiz,erg
gratis,gratis,ati
satuan,satu,sat
pelayanan,layan,ayan
pemenuhan,pemenuh,menu
gizi,gizi,gizi
sppg,sppg,sppg
kalibata,kalibata,ali
jakarta,jakarta,akar
selatan,selatan,ela
mengaku,menga,menga
bayar,bayar,ayar
sepeser,peser,es
beroperasi,beroperas,era
februari,februari,ari
2025,2025,2025
kuasa,kuasa,asa
hukum,hukum,hukum
danna,danna,dan
harly,harly,harly
putra,putra,putra
kliennya,klien,klien
ira,ira,ira
mesra,mesra,es
rela,rela,ela
menjual,menjual,jua
aset,aset,aset
modal,modal,dal
mitra,mitra,mi
program,program,gram
menyesalkan,menyesal,es
tindakan,tinda,tin
yayasan,yayasan,asa
mbn,mbn,mbn
membayarkan,membayar,ayar
sepeser,peser,es
hak,hak,hak
ira,ira,ira
mitra,mitra,mi
dapur,dapur,apu
makan,makan,akan
bergizi,bergiz,erg
gratis,gratis,ati
kalibata,kalibata,ali
harly,harly,harly
konferensi,konferensi,konferensi
pers,pers,per
kalibata,kalibata,ali
selasa,selasa,asa
15,15,15
april,april,april
2025,2025,2025
harly,harly,harly
total,total,tal
kerugian,rugi,rugi
dialami,alam,ala
kliennya,klien,klien
mencapai,mencapa,apa
rp975,rp975,rp975
375,375,375
000,000,000
kerugian,rugi,rugi
dihitung,hitung,hit
berdasarkan,berdasar,asa
65,65,65
025,025,025
porsi,porsi,porsi
dimasak,masak,asa
ira,ira,ira
mitra,mitra,mi
tahap,tahap,hap
gaji,gaji,aji
staf,staf,staf
sppg,sppg,sppg
jawa,jawa,awa
dibayar,bayar,ayar
tata,tata,tata
nama,nama,ama
terpaksa,terpaksa,aksa
menjual,menjual,jua
motornya,motor,moto
memenuhi,memenuh,mem
kebutuhan,butuh,butuh
sehari,sehar,seh
staf,staf,staf
satuan,satu,sat
pelayanan,layan,ayan
pemenuhan,pemenuh,menu
gizi,gizi,gizi
sppg,sppg,sppg
dapur,dapur,apu
produksi,produksi,duk
makan,makan,akan
bergizi,bergiz,erg
gratis,gratis,ati
semenjak,semenjak,enjak
program,program,gram
tata,tata,tata
gajinya,gaji,aji
jual,jual,jua
hp,hp,hp
singkat,singkat,sin
diwawancarai,wawancara,anca
senin,senin,sen
24,24,24
maret,maret,are
2025,2025,2025
tata,tata,tata
salah,salah,ala
sppg,sppg,sppg
jawa,jawa,awa
kerjanya,kerja,kerja
kadang,kadang,ada
mengurusi,mengurus,guru
dapur,dapur,apu
larut,larut,aru
malam,malam,ala
tata,tata,tata
pembicaraan,pembicara,ara
terkait,terkait,kait
gaji,gaji,aji
berulang,berulang,beru
kali,kali,ali
bgn,bgn,bgn
ketidakpastian,ketidakpasti,ida
sabar,sabar,aba
proses,proses,es
tata,tata,tata
menirukan,meniru,meni
bgn,bgn,bgn
kepala,kepala,ala
badan,badan,ada
gizi,gizi,gizi
nasional,nasional,asi
bgn,bgn,bgn
dadan,dad,dad
hindayana,hindayana,ana
membantah,memb,mem
terkait,terkait,kait
menunggaknya,menunggak,menu
gaji,gaji,aji
staf,staf,staf
sppg,sppg,sppg
berdalih,berdalih,ali
status,status,atus
staf,staf,staf
pegawai,pegawai,awa
pemerintah,pemerin,meri
perjanjian,perjanji,janji
kerja,kerja,kerja
pppk,pppk,pppk
anggaran,anggar,angga
gaji,gaji,aji
berasal,berasal,asa
apbn,apbn,apbn
turun,turun,tur
gaji,gaji,aji
sppg,sppg,sppg
apbn,apbn,apbn
masuk,masuk,asu
pagu,pagu,pagu
pppk,pppk,pppk
status,status,atus
pppk,pppk,pppk
diambil,ambil,ambi
sumber,sumber,sum
dadan,dad,dad
dikonfirmasi,dikonfirmas,dik
aplikasi,aplikasi,aplikasi
perpesanan,perpesan,es
minggu,minggu,inggu
23,23,23
maret,maret,are
2025,2025,2025
kepala,kepala,ala
chef,chef,chef
makan,makan,akan
bergizi,bergiz,erg
gratis,gratis,ati
talangi,talang,ala
bahan,bahan,bah
masakan,masakan,akan
kepala,kepala,ala
chef,chef,chef
dapur,dapur,apu
sehat,sehat,seh
anak,anak,ana
bangsa,bangsa,angsa
jonie,jonie,jonie
kusuma,kusuma,kus
hadi,had,had
memimpin,memimpin,impi
satuan,satu,sat
pelayanan,layan,ayan
pemenuhan,pemenuh,menu
gizi,gizi,gizi
sppg,sppg,sppg
lapangan,lapang,apa
udara,udara,ara
halim,halim,ali
perdana,perdana,ana
kusuma,kusuma,kus
bercerita,bercerita,ceri
sistem,sistem,sis
pembayaran,pembayar,ayar
modal,modal,dal
pelaksanaan,laksana,aksa
program,program,gram
makan,makan,akan
bergizi,bergiz,erg
gratis,gratis,ati
mbg,mbg,mbg
jonie,jonie,jonie
restoran,restoran,es
mitra,mitra,mi
menalangi,menalang,ala
biaya,biaya,biaya
produksi,produksi,duk
memperoleh,memperoleh,emper
bahan,bahan,bah
bahan,bahan,bah
menu,menu,menu
mbg,mbg,mbg
reimburse,reimburse,bur
badan,badan,ada
gizi,gizi,gizi
nasional,nasional,asi
minggu,minggu,inggu
jonie,jonie,jonie
menyebut,menyebut,menyebut
sistem,sistem,sis
permodalan,permodal,dal
mbg,mbg,mbg
ditemui,temu,mu
sd,sd,sd
angkasa,angkasa,angka
5,5,5
halim,halim,ali
jakarta,jakarta,akar
timur,timur,mu
senin,senin,sen
6,6,6
januari,januari,anu
2025,2025,2025
lomba,lomba,lomba
lari,lari,ari
maraton,maraton,ara
beijing,beijing,jin
diikuti,ikut,ikut
robot,robot,bot
robot,robot,bot
kegigihan,gigih,gigi
china,china,hina
unggul,unggul,gul
bidang,bidang,bida
teknologi,teknologi,log
ajang,ajang,aja
lari,lari,ari
maraton,maraton,ara
half,half,alf
marathon,marathon,ara
yuzhuang,yuzhuang,uan
beijing,beijing,jin
china,china,hina
sabtu,sabtu,sabtu
19,19,19
4,4,4
2025,2025,2025
berbeda,berbeda,beda
ajang,ajang,aja
lari,lari,ari
12,12,12
000,000,000
manusia,manusia,anu
pesertanya,serta,serta
21,21,21
robot,robot,bot
ukuran,ukur,kur
robot,robot,bot
peserta,serta,serta
half,half,alf
marathon,marathon,ara
bervariasi,bervarias,ari
tingginya,tinggi,tin
1,1,1
2,2,2
meter,meter,eter
memiliki,milik,ili
1,1,1
8,8,8
meter,meter,eter
sesuai,sesuai,es
disyaratkan,syarat,ara
robot,robot,bot
robot,robot,bot
tungkai,tungkai,tun
berlari,berlar,berlar
panitia,panitia,ani
memisahkan,memisah,emis
jalur,jalur,alu
lari,lari,ari
manusia,manusia,anu
jalur,jalur,alu
robot,robot,bot
peserta,serta,serta
kategori,kategori,ego
robot,robot,bot
perusahaan,perusaha,eru
perusahaan,perusaha,eru
teknologi,teknologi,log
bidang,bidang,bida
robotik,robotik,bot
china,china,hina
mengikuti,mengikut,ikut
lomba,lomba,lomba
ubahnya,ubah,bah
menguji,menguj,menguj
produk,produk,duk
robot,robot,bot
dilaporkan,lapor,apo
media,media,dia
cnn,cnn,cnn
wired,wired,wired
robot,robot,bot
peserta,serta,serta
gagal,gagal,aga
finis,finis,finis
berputar,berputar,putar
putar,putar,putar
karuan,karuan,aru
roboh,roboh,obo
robot,robot,bot
terjatuh,terjatuh,jatuh
garis,garis,ari
start,start,start
lomba,lomba,lomba
robot,robot,bot
didampingi,damping,dam
manusia,manusia,anu
bertugas,bertugas,gas
mengendalikan,mengendali,ali
robot,robot,bot
kadang,kadang,ada
kadang,kadang,ada
memeganginya,memegang,gang
baterai,baterai,baterai
diganti,digant,iga
lomba,lomba,lomba
robot,robot,bot
peserta,serta,serta
diganti,digant,iga
penalti,penalti,nal
tambahan,tambah,ambah
tempuh,tempuh,empu
10,10,10
menit,menit,meni
kategori,kategori,ego
robot,robot,bot
pemenangnya,menang,mena
tiangong,tiangong,angon
ultra,ultra,tra
beijing,beijing,jin
innovation,innovation,ati
center,center,ente
of,of,of
human,human,huma
robotics,robotics,bot
menyelesaikan,menyelesai,es
jarak,jarak,ara
21,21,21
kilometer,kilometer,eter
tiangong,tiangong,angon
ultra,ultra,tra
2,2,2
jam,jam,jam
40,40,40
menit,menit,meni
ketimbang,ketimbang,ban
kebanyakan,kebanya,ban
manusia,manusia,anu
atlet,atlet,atlet
kategori,kategori,ego
manusia,manusia,anu
pria,pria,pria
catatan,catat,cat
pemenang,menang,mena
yuzhuang,yuzhuang,uan
half,half,alf
marathon,marathon,ara
1,1,1
jam,jam,jam
2,2,2
menit,menit,meni
keikutsertaan,keikutserta,ikut
robot,robot,bot
lomba,lomba,lomba
lari,lari,ari
menyuguhkan,menyuguh,menyuguh
tantangan,tantang,anta
ringan,ringan,inga
problem,problem,lem
pengembangan,pengembang,ban
robot,robot,bot
humanoid,humanoid,huma
menyerupai,menyerupa,eru
manusia,manusia,anu
memastikannya,memasti,emas
bergerak,bergerak,era
mengalami,mengalam,ala
kerusakan,rusa,rusa
hardware,hardware,are
manusia,manusia,anu
urusan,urus,urus
berlari,berlar,berlar
berjam,berjam,jam
jam,jam,jam
robot,robot,bot
sulit,sulit,suli
dilakoni,lakon,lak
komponen,komponen,kom
robot,robot,bot
rusak,rusak,rusa
akibat,akibat,aki
gerakan,gera,era
berulang,berulang,beru
ulang,ulang,lang
isu,isu,isu
kestabilan,stabil,stabil
kemampuan,mampu,ampu
menjaga,menjaga,aga
arah,arah,ara
gerakan,gera,era
mengikuti,mengikut,ikut
lomba,lomba,lomba
lari,lari,ari
perusahaan,perusaha,eru
teknologi,teknologi,log
mengatasi,mengatas,atas
isu,isu,isu
isu,isu,isu
china,china,hina
gigih,gigih,gigi
membangun,membangun,ban
kemampuan,mampu,ampu
teknologinya,teknologi,log
pendidikan,pendidi,pen
berkualitas,berkualitas,ali
bidang,bidang,bida
sains,sains,ain
matematika,matematika,ati
rekayasa,rekayasa,asa
fondasi,fondasi,asi
posisinya,posisi,isi
negara,negara,ara
manufaktur,manufaktur,anu
terbesar,terbesar,besar
dunia,dunia,dunia
dilengkapi,lengkap,kap
kemampuan,mampu,ampu
teknologinya,teknologi,log
menyaingi,menyaing,ain
amerika,amerika,erik
serikat,serikat,erik
china,china,hina
dipandang,pandang,anda
as,as,as
ancaman,ancam,anca
washington,washington,ton
membatasi,membatas,atas
penjualan,penjual,jua
cip,cip,cip
canggih,canggih,cang
negara,negara,ara
penampilan,penampil,enam
robot,robot,bot
humanoid,humanoid,huma
ajang,ajang,aja
half,half,alf
marathon,marathon,ara
barulah,baru,aru
permulaan,permula,mu
robotik,robotik,bot
kian,kian,kia
maju,maju,aju
terintegrasi,terintegras,ras
teknologi,teknologi,log
kecerdasan,cerdas,cerdas
buatan,buat,bua
canggih,canggih,cang
era,era,era
robot,robot,bot
,,
cerdas,cerdas,cerdas
asosiasi,asosiasi,asi
usaha,usaha,sah
pengamat,pengamat,ama
mengkhawatirkan,mengkhawatir,ati
relaksasi,relaksasi,aksa
regulasi,regulasi,asi
tingkat,tingkat,tin
komponen,komponen,kom
negeri,negeri,neger
tkdn,tkdn,tkdn
mengancam,mengancam,anca
industri,industri,dus
negeri,negeri,neger
memicu,memicu,mem
hengkangnya,hengkang,engkang
industri,industri,dus
diperlakukan,diperlaku,aku
setara,tara,ara
kompas,kompas,kom
21,21,21
4,4,4
2025,2025,2025
tkdn,tkdn,tkdn
instrumen,instrumen,instrumen
nontarif,nontarif,ari
melindungi,lindung,dung
industri,industri,dus
negeri,negeri,neger
as,as,as
dianggap,anggap,angga
membatasi,membatas,atas
akses,akses,akses
perusahaan,perusaha,eru
as,as,as
pasar,pasar,asa
indonesia,indonesia,don
tkdn,tkdn,tkdn
pro,pro,pro
kontra,kontra,kontra
rencana,rencana,ana
penghapusan,penghapus,apu
kuota,kuota,kuota
impor,impor,impor
kebijakan,kebija,ebi
liberalisasi,liberalisasi,ali
impor,impor,impor
dikhawatirkan,khawatir,ati
indonesia,indonesia,don
kian,kian,kia
dibanjiri,banjir,anjir
barang,barang,ara
impor,impor,impor
memukul,memukul,mem
petani,tani,ani
lokal,lokal,lok
mengancam,mengancam,anca
swasembada,swasembada,ada
pangan,pangan,angan
kebijakan,kebija,ebi
berlaku,berla,berla
as,as,as
negara,negara,ara
komitmen,komitmen,kom
perlindungan,perlindung,dung
industri,industri,dus
negeri,negeri,neger
pemerintah,pemerin,meri
kalangan,kalang,ala
pelaku,pela,ela
usaha,usaha,sah
pengamat,pengamat,ama
berharap,berharap,ara
pemerintah,pemerin,meri
gampang,gampang,ampang
menyerah,menyerah,era
tekanan,kanan,ana
negara,negara,ara
salah,salah,ala
misi,misi,isi
terpenting,terpenting,pen
delegasi,delegasi,asi
ri,r,r
negosiasi,negosiasi,asi
as,as,as
kesepakatan,sepakat,epak
penurunan,penurun,nur
tarif,tarif,ari
resiprokal,resiprokal,es
32,32,32
persen,persen,per
as,as,as
melunakkan,lunak,lunak
kubu,kubu,kubu
as,as,as
indonesia,indonesia,don
menawarkan,menawar,awa
menambah,menambah,ambah
volume,volume,lum
impor,impor,impor
as,as,as
melonggarkan,longgar,gar
tkdn,tkdn,tkdn
menghapus,menghapus,apu
kuota,kuota,kuota
impor,impor,impor
kemudahan,mudah,dah
perusahaan,perusaha,eru
as,as,as
investasi,investasi,asi
indonesia,indonesia,don
total,total,tal
16,16,16
poin,poin,poin
kebijakan,kebija,ebi
indonesia,indonesia,don
dinilai,nila,nila
merugikan,rugi,rugi
as,as,as
as,as,as
daya,daya,daya
tawar,tawar,awa
kuat,kuat,kuat
mencoba,mencoba,coba
memaksakan,memaksa,aksa
syarat,syarat,ara
syarat,syarat,ara
menguntungkan,menguntung,gun
pemerintah,pemerin,meri
dihadapkan,hadap,ada
tantangan,tantang,anta
komitmen,komitmen,kom
penurunan,penurun,nur
tarif,tarif,ari
resiprokal,resiprokal,es
dicapai,capa,apa
mencederai,mencedera,cedera
industri,industri,dus
pasar,pasar,asa
ekonomi,ekonomi,ekon
negeri,negeri,neger
pelonggaran,longgar,gar
tkdn,tkdn,tkdn
membuka,membuka,buk
akses,akses,akses
investasi,investasi,asi
memfasilitasi,memfasilitas,asi
perdagangan,perdagang,aga
bilateral,bilateral,bila
penghapusan,penghapus,apu
kuota,kuota,kuota
impor,impor,impor
menekan,mene,mene
permainan,permain,ain
rente,rente,ente
membantu,membantu,ban
stabilisasi,stabilisasi,asi
harga,harga,harga
pangan,pangan,angan
langkah,langkah,angka
kesiapan,kesiap,es
industri,industri,dus
negeri,negeri,neger
berbasis,berbasis,asi
strategi,strategi,rat
industrialisasi,industrialisas,ali
nasional,nasional,asi
jangka,jangka,angka
mitigasi,mitigas,gas
dampak,dampak,dam
kesepakatan,sepakat,epak
dicapai,capa,apa
disiapkan,siap,sia
mengamankan,mengaman,ama
pasar,pasar,asa
negeri,negeri,neger
serbuan,serbu,serbu
produk,produk,duk
dumping,dumping,dum
negara,negara,ara
negara,negara,ara
terdampak,terdampak,dam
kebijakan,kebija,ebi
tarif,tarif,ari
trump,trump,rum
negosiasi,negosiasi,asi
as,as,as
menghasilkan,menghasil,asi
formula,formula,formula
perjanjian,perjanji,janji
perdagangan,perdagang,aga
bilateral,bilateral,bila
menguntungkan,menguntung,gun
indonesia,indonesia,don
salah,salah,ala
langkah,langkah,angka
kebijakan,kebija,ebi
menyelamatkan,menyelamat,ama
industri,industri,dus
negeri,negeri,neger
memacu,memacu,acu
cepat,cepat,cepat
deindustrialisasi,deindustrialisas,ali
pelaku,pela,ela
negeri,negeri,neger
kian,kian,kia
terdesak,terdesak,desa
produk,produk,duk
impor,impor,impor
pelaku,pela,ela
industri,industri,dus
beralih,beralih,ali
importir,importir,impor
dianggap,anggap,angga
menguntungkan,menguntung,gun
kebijakan,kebija,ebi
tarif,tarif,ari
trump,trump,rum
momentum,momentum,momen
indonesia,indonesia,don
membenahi,membenah,bena
iklim,iklim,iklim
investasi,investasi,asi
ekosistem,ekosistem,ekosistem
kebijakan,kebija,ebi
penguatan,penguat,gua
daya,daya,daya
saing,saing,ain
industri,industri,dus
negeri,negeri,neger
resilien,resilien,es
menghadapi,menghadap,ada
perubahan,rubah,bah
kebijakan,kebija,ebi
negara,negara,ara
mitra,mitra,mi
dagang,dagang,aga
rezim,rezim,rezim
perdagangan,perdagang,aga
global,global,bal
ramah,ramah,ama
kementerian,menteri,ente
komunikasi,komunikasi,asi
informatika,informatika,ati
kominfo,kominfo,info
merilis,rilis,ili
laporan,lapor,apo
indonesia,indonesia,don
membutuhkan,membutuh,butuh
500,500,500
000,000,000
talenta,talenta,tal
digital,digital,digit
menutup,menutup,menu
kesenjangan,senjang,sen
3,3,3
juta,juta,juta
talenta,talenta,tal
digital,digital,digit
2030,2030,2030
anak,anak,ana
indonesia,indonesia,don
menghadapi,menghadap,ada
kesulitan,sulit,suli
menguasai,menguasa,asa
salah,salah,ala
fondasi,fondasi,asi
pendidikan,pendidi,pen
science,science,science
technology,technology,log
engineering,engineering,ering
mathematics,mathematics,ati
stem,stem,tem
matematika,matematika,ati
berdasarkan,berdasar,asa
survei,survei,survei
programme,programme,gram
for,for,for
international,international,ati
student,student,den
assessment,assessment,es
pisa,pisa,isa
2018,2018,2018
kemampuan,mampu,ampu
matematika,matematika,ati
siswa,siswa,sis
indonesia,indonesia,don
peringkat,peringkat,ering
75,75,75
81,81,81
negara,negara,ara
71,71,71
persen,persen,per
siswa,siswa,sis
mencapai,mencapa,apa
kompetensi,kompetensi,kom
minimum,minimum,ini
ketakutan,takut,aku
matematika,matematika,ati
kali,kali,ali
disebabkan,sebab,bab
kurangnya,kurang,kur
pemahaman,pemaham,ham
dasar,dasar,asa
minimnya,minim,ini
metode,metode,metode
pembelajaran,pembelajar,aja
menyenangkan,menyenang,nan
efektif,efektif,efek
sekolah,sekolah,kol
rumah,rumah,mah
pendidikan,pendidi,pen
stem,stem,tem
anak,anak,ana
memahami,memaham,ham
teknologi,teknologi,log
mengasah,mengasah,asa
kemampuan,mampu,ampu
berpikir,berpikir,kir
kritis,kritis,kritis
logis,logis,log
kreatif,kreatif,ati
taufiq,taufiq,tau
wisnu,wisnu,wisnu
coo,coo,coo
algorithmics,algorithmics,gori
indonesia,indonesia,don
pendidikan,pendidi,pen
stem,stem,tem
fondasi,fondasi,asi
kuat,kuat,kuat
anak,anak,ana
anak,anak,ana
berkembang,berkembang,ban
dunia,dunia,dunia
digital,digital,digit
algorithmics,algorithmics,gori
menyediakan,menyedia,dia
program,program,gram
program,program,gram
dirancang,rancang,anca
membangun,membangun,ban
kemampuan,mampu,ampu
pendekatan,pendekat,dek
interaktif,interaktif,aktif
menyenangkan,menyenang,nan
taufiq,taufiq,tau
wisnu,wisnu,wisnu
keterangan,terang,era
tertulis,tertulis,lis
senin,senin,sen
2,2,2
12,12,12
2024,2024,2024
algorithmics,algorithmics,gori
hadir,hadir,adi
kursus,kursus,kur
matematika,matematika,ati
inovatif,inovatif,ati
anak,anak,ana
anak,anak,ana
usia,usia,sia
6,6,6
7,7,7
10,10,10
12,12,12
program,program,gram
bertujuan,bertuju,tuju
menghadapi,menghadap,ada
tantangan,tantang,anta
akademik,akademik,adem
sekolah,sekolah,kol
memperkenalkan,memperkenal,emper
dasar,dasar,asa
dasar,dasar,asa
matematika,matematika,ati
menyenangkan,menyenang,nan
efektif,efektif,efek
keunggulan,unggul,gul
kursus,kursus,kur
pengembangan,pengembang,ban
keterampilan,terampil,era
berpikir,berpikir,kir
kursus,kursus,kur
dirancang,rancang,anca
mengasah,mengasah,asa
kemampuan,mampu,ampu
berpikir,berpikir,kir
logis,logis,log
kritis,kritis,kritis
spasial,spasial,asi
analitis,analitis,ali
anak,anak,ana
anak,anak,ana
diajarkan,ajar,aja
menyelesaikan,menyelesai,es
kompleks,kompleks,eks
tingkat,tingkat,tin
olimpiade,olimpiade,impi
meraih,raih,rai
keunggulan,unggul,gul
kompetisi,kompetisi,etis
akademik,akademik,adem
baca,baca,baca
metode,metode,metode
pengajaran,pengajar,aja
matematika,matematika,ati
paud,paud,paud
jawabannya,jawab,awa
keunggulan,unggul,gul
metode,metode,metode
pembelajaran,pembelajar,aja
inovatif,inovatif,ati
sesi,sesi,es
pelajaran,pelajar,aja
dirancang,rancang,anca
menciptakan,mencipta,cip
pengalaman,pengalam,ala
belajar,belajar,aja
menarik,menarik,ari
efektif,efektif,efek
metodenya,metode,metode
meliputi,liput,lipu
warm,warm,warm
up,up,up
permainan,permain,ain
logika,logika,log
menstimulus,menstimulus,lus
minat,minat,ina
belajar,belajar,aja
pengenalan,pengenal,gen
topik,topik,top
sederhana,sederhana,ana
menarik,menarik,ari
materi,materi,mat
mudah,mudah,dah
dipahami,paham,ham
latihan,latih,ati
interaktif,interaktif,aktif
platform,platform,lat
digital,digital,digit
meningkatkan,meningkat,meni
pemahaman,pemaham,ham
materi,materi,mat
diikuti,ikut,ikut
revisi,revisi,isi
materi,materi,mat
memperkuat,memperkuat,emper
daya,daya,daya
diskusi,diskusi,diskus
hasil,hasil,asi
belajar,belajar,aja
arahan,arah,ara
mendukung,mendukung,duk
kemajuan,maju,aju
belajar,belajar,aja
siswa,siswa,sis
akses,akses,akses
belajar,belajar,aja
fleksibel,fleksibel,bel
anak,anak,ana
anak,anak,ana
memiliki,milik,ili
akses,akses,akses
24,24,24
7,7,7
platform,platform,lat
online,online,lin
meninjau,meninjau,meni
materi,materi,mat
latihan,latih,ati
tambahan,tambah,ambah
belajar,belajar,aja
sesuai,sesuai,es
kecepatan,cepat,cepat
kebutuhan,butuh,butuh
kursus,kursus,kur
membangun,membangun,ban
cinta,cinta,cinta
matematika,matematika,ati
pendekatan,pendekat,dek
berbasis,berbasis,asi
permainan,permain,ain
math,math,mat
battles,battles,es
teka,teka,teka
teki,teki,teki
analitis,analitis,ali
kuis,kuis,kui
interaktif,interaktif,aktif
anak,anak,ana
anak,anak,ana
termotivasi,termotivas,ter
menikmati,nikmat,mat
proses,proses,es
belajar,belajar,aja
mengajarkan,mengajar,aja
anak,anak,ana
anak,anak,ana
menghitung,menghitung,hit
mengembangkan,mengembang,ban
keterampilan,terampil,era
berpikir,berpikir,kir
kritis,kritis,kritis
analitis,analitis,ali
tujuan,tuju,tuju
membangun,membangun,ban
generasi,generasi,asi
takut,takut,aku
matematika,matematika,ati
mencintainya,mencinta,cinta
memahami,memaham,ham
relevansinya,relevansi,rel
kehidupan,hidup,dup
sehari,sehar,seh
imbuh,imbuh,imbuh
taufiq,taufiq,tau
algorithmics,algorithmics,gori
berkomitmen,berkomitmen,berko
mendukung,mendukung,duk
visi,visi,isi
indonesia,indonesia,don
negara,negara,ara
unggul,unggul,gul
bidang,bidang,bida
teknologi,teknologi,log
inovasi,inovasi,asi
mencetak,mencetak,cetak
generasi,generasi,asi
muda,muda,mu
menguasai,menguasa,asa
coding,coding,din
memiliki,milik,ili
keterampilan,terampil,era
berpikir,berpikir,kir
kritis,kritis,kritis
analitis,analitis,ali
matematika,matematika,ati
pendekatan,pendekat,dek
pembelajaran,pembelajar,aja
interaktif,interaktif,aktif
menyenangkan,menyenang,nan
berbasis,berbasis,asi
teknologi,teknologi,log
algorithmics,algorithmics,gori
berusaha,berusaha,beru
anak,anak,ana
anak,anak,ana
indonesia,indonesia,don
menghadapi,menghadap,ada
tantangan,tantang,anta
era,era,era
digital,digital,digit
berkembang,berkembang,ban
indonesia,indonesia,don
memiliki,milik,ili
potensi,potensi,pot
pemimpin,pemimpin,impi
bidang,bidang,bida
digital,digital,digit
teknologi,teknologi,log
anak,anak,ana
anak,anak,ana
pendidikan,pendidi,pen
stem,stem,tem
inovatif,inovatif,ati
mempercepat,mempercepat,cepat
tercapainya,tercapa,apa
visi,visi,isi
tutup,tutup,tutu
taufiq,taufiq,tau
