kata_awal,kata_stemming
jakarta,jakarta
cnn,cnn
indonesia,indonesia
kepergian,pergi
mendiang,mendiang
paus,paus
fransiskus,fransiskus
senin,senin
21,21
4,4
memunculkan,muncul
penerus,penerus
pemimpin,pemimpin
umat,umat
katolik,katolik
dunia,dunia
nama,nama
kardinal,kardinal
mencuat,mencuat
dianggap,anggap
calon,calon
kuat,kuat
penerus,penerus
paus,paus
fransiskus,fransiskus
nama,nama
menorehkan,menoreh
sejarah,sejarah
terpilih,terpilih
menggantikan,mengganti
paus,paus
fransiskus,fransiskus
lantaran,lantar
berasal,berasal
kawasan,kawasan
asia,asia
afrika,afrika
nama,nama
kardinal,kardinal
digadang,gadang
gadang,gadang
kuat,kuat
penerus,penerus
paus,paus
fransiskus,fransiskus
pemimpin,pemimpin
umat,umat
katolik,katolik
vatikan,vatikan
luis,luis
antonio,antonio
sang,sang
fransiskus,fransiskus
asia,asia
luis,luis
antonio,antonio
tagle,tagle
salah,salah
kandidat,kandidat
unggulan,unggul
bursa,bursa
pemilihan,pemilih
penerus,penerus
paus,paus
fransiskus,fransiskus
pria,pria
berasal,berasal
filipina,filipina
berpotensi,berpotens
paus,paus
asia,asia
sejarah,sejarah
kardinal,kardinal
berusia,berusia
67,67
populer,populer
kalangan,kalang
kaum,kaum
progresif,progresif
gereja,gereja
katolik,katolik
dijuluki,juluk
fransiskus,fransiskus
asia,asia
pembawaannya,pembawa
hangat,hangat
pandangan,pandang
progresif,progresif
mendiang,mendiang
paus,paus
fransiskus,fransiskus
dianggap,anggap
reformis,reformis
gereja,gereja
kardinal,kardinal
tagle,tagle
terkenal,terkenal
kesederhanaannya,sederhana
mendiang,mendiang
paus,paus
fransiskus,fransiskus
tinggal,tinggal
seminari,seminari
filipina,filipina
20,20
menempati,menempat
kamar,kamar
ac,ac
televisi,televisi
diangkat,angkat
uskup,uskup
menolak,menolak
mobil,mobil
dinas,dinas
memilih,memilih
bus,bus
jeepney,jeepney
edward,edward
pentin,pentin
pakar,pakar
vatikan,vatikan
penulis,penulis
buku,buku
the,the
next,next
pope,pope
the,the
leading,leading
cardinal,cardinal
candidates,candidates
kardinal,kardinal
tagle,tagle
salah,salah
favorit,favorit
paus,paus
fransiskus,fransiskus
menggantikannya,mengganti
kardinal,kardinal
tagle,tagle
menjabat,menjabat
kepala,kepala
dikasteri,dikaster
evangelisasi,evangelisas
gereja,gereja
kandidat,kandidat
kuat,kuat
usianya,usia
tergolong,tergolong
muda,muda
pentin,pentin
dikutip,kutip
the,the
telegraph,telegraph
usianya,usia
penghalangnya,penghalang
terpilih,terpilih
penerus,penerus
paus,paus
fransiskus,fransiskus
kardinal,kardinal
cenderung,cenderung
berhati,berhat
hati,hati
memilih,memilih
paus,paus
relatif,relatif
muda,muda
kepemimpinannya,kepemimpin
puluhan,puluh
pemilihan,pemilih
paus,paus
relatif,relatif
muda,muda
dianggap,anggap
menghambat,menghambat
peluang,peluang
kardinal,kardinal
terpilih,terpilih
paus,paus
peter,ter
turkson,turkson
penasihat,nasihat
paus,paus
penasihat,nasihat
kunci,kunci
paus,paus
fransiskus,fransiskus
isu,isu
isu,isu
perubahan,rubah
iklim,iklim
keadilan,adil
sosial,sosial
kardinal,kardinal
peter,ter
turkson,turkson
dianggap,anggap
calon,calon
kuat,kuat
pemimpin,pemimpin
umat,umat
katolik,katolik
dunia,dunia
lahir,lahir
ghana,ghana
turkson,turkson
menorehkan,menoreh
sejarah,sejarah
paus,paus
kulit,kulit
hitam,hitam
terpilih,terpilih
kardinal,kardinal
berusia,berusia
76,76
tahuun,tahuun
diangkat,angkat
uskup,uskup
agung,agung
cape,cape
coast,coast
paus,paus
yohanes,yohanes
paulus,paulus
ii,i
1992,1992
sebelas,sebelas
turkson,turkson
diangkat,angkat
kardinal,kardinal
sejarah,sejarah
negara,negara
afrika,afrika
barat,barat
paus,paus
benediktus,benediktus
xvi,xv
memanggil,memanggil
turkson,turkson
vatikan,vatikan
2009,2009
menjadikannya,menjadi
kepala,kepala
dewan,dewan
kepausan,paus
keadilan,adil
perdamaian,perdamai
lembaga,lembaga
mempromosikan,mempromosi
keadilan,adil
sosial,sosial
hak,hak
asasi,asasi
manusia,manusia
perdamaian,perdamai
dunia,dunia
jabatannya,jabat
turkson,turkson
salah,salah
penasihat,nasihat
terdekat,terdekat
paus,paus
isu,isu
isu,isu
perubahan,rubah
iklim,iklim
menarik,menarik
perhatian,perhati
luas,luas
kehadirannya,hadir
konferensi,konferensi
internasional,internasional
forum,forum
ekonomi,ekonomi
davos,davos
2016,2016
paus,paus
fransiskus,fransiskus
menggabungkan,menggabung
departemen,departemen
dipimpin,pimpin
kardinal,kardinal
turkson,turkson
kantor,kantor
menganggap,menganggap
langkah,langkah
penggabungan,penggabung
departemen,departemen
memicu,memicu
perebutan,rebut
pengaruh,pengaruh
turkson,turkson
kardinal,kardinal
kardinal,kardinal
turkson,turkson
mengundurkan,mengundur
jabatan,jabat
2021,2021
memimpin,memimpin
akademi,akademi
kepausan,paus
bidang,bidang
ilmu,ilmu
pengetahuan,pengetahu
ilmu,ilmu
sosial,sosial
2023,2023
wawancara,wawancara
bbc,bbc
turkson,turkson
mengaku,menga
berdoa,berdoa
terpilih,terpilih
paus,paus
pengkritiknya,pengkritik
menilai,nila
turkson,turkson
berkampanye,berkampanye
jabatan,jabat
tertinggi,tertingg
gereja,gereja
katolik,katolik
intensitasnya,intensitas
tampil,tampil
media,media
peter,ter
erdo,erdo
hungaria,hungaria
kalangan,kalang
konservatif,konservatif
muncul,muncul
nama,nama
peter,ter
erdo,erdo
kardinal,kardinal
hungaria,hungaria
uskup,uskup
agung,agung
esztergom,esztergom
budapest,budapest
calon,calon
kuat,kuat
pengganti,penggant
paus,paus
fransiskus,fransiskus
pentin,pentin
erdo,erdo
kandidat,kandidat
kuat,kuat
sayap,sayap
konservatif,konservatif
gereja,gereja
menilai,nila
menyukai,menyuka
kardinal,kardinal
berusia,berusia
72,72
ahli,ahli
hukum,hukum
kanon,kanon
dab,dab
mahir,mahir
hukum,hukum
gereja,gereja
umat,umat
katolik,katolik
gereja,gereja
dikembalikan,kembali
kondisi,kondisi
hukum,hukum
gerejawi,gerejawi
berkembang,berkembang
kepemimpinan,kepemimpin
paus,paus
fransiskus,fransiskus
erdo,erdo
dianggap,anggap
sosok,sosok
aman,aman
dipercaya,percaya
pentin,pentin
teologis,teologis
erdo,erdo
berpandangan,berpandang
konservatif,konservatif
pidatonya,pidato
eropa,eropa
menekankan,menekan
akar,akar
kekristenan,kristen
benua,benua
dinilai,nila
pragmatis,pragmatis
terbuka,terbuka
berselisih,berselisih
paus,paus
fransiskus,fransiskus
berbeda,berbeda
rohaniwan,rohaniw
tradisionalis,tradisionalis
menarik,menarik
perhatian,perhati
vatikan,vatikan
krisis,krisis
migran,migran
2015,2015
erdo,erdo
memiliki,milik
pandangan,pandang
berseberangan,berseberang
seruan,seru
paus,paus
fransiskus,fransiskus
gereja,gereja
gereja,gereja
menerima,menerima
pengungsi,pengungs
erdo,erdo
dianggap,anggap
bentuk,bentuk
perdagangan,perdagang
manusia,manusia
pernyataan,pernyata
sejalan,sejal
pandangan,pandang
nasionalis,nasionalis
perdana,perdana
menteri,menteri
hungaria,hungaria
viktor,viktor
orban,orb
pietro,pietro
parolin,parolin
italia,italia
sekretaris,sekretaris
negara,negara
vatikan,vatikan
perdana,perdana
menteri,menteri
de,de
facto,facto
vatikan,vatikan
pietro,pietro
parolin,parolin
dianggap,anggap
salah,salah
kandidat,kandidat
terkuat,terkuat
pengganti,penggant
paus,paus
namanya,nama
dikenal,kenal
perang,perang
ukraina,ukraina
vatikan,vatikan
mencoba,mencoba
memosisikan,memosisi
penengah,penengah
netral,netral
menjembatani,menjembatan
dialog,dialog
kyiv,kyiv
moskow,moskow
konflik,konflik
thomas,thomas
reese,reese
imam,imam
katolik,katolik
amerika,amerika
serikat,serikat
penulis,penulis
buku,buku
inside,inside
the,the
vatican,vatic
parolin,parolin
diplomat,diplomat
kompeten,kompeten
parolin,parolin
dianggap,anggap
otak,otak
diplomasi,diplomasi
internasional,internasional
paus,paus
fransiskus,fransiskus
kesalahan,salah
reputasinya,reputasi
tercoreng,tercoreng
akibat,akibat
skandal,skandal
properti,properti
menyebabkan,menyebab
vatikan,vatikan
merugi,merug
jutaan,juta
euro,euro
pembelian,pembeli
gedung,gedung
bekas,bekas
showroom,showroom
harrods,harrods
london,london
inggris,inggris
kompeten,kompeten
wewenang,wewenang
bawahannya,bawah
salah,salah
pemimpinnya,pemimpin
proses,proses
persidangan,persidang
membayangi,membayang
peluang,peluang
kepausannya,paus
pastor,pastor
reese,reese
kandidat,kandidat
keempat,empat
kardinal,kardinal
menyebut,menyebut
nama,nama
nama,nama
dianggap,anggap
kalah,kalah
cocok,cocok
pemimpin,pemimpin
umat,umat
katolik,katolik
kardinal,kardinal
jose,jose
tolentino,tolentino
calaca,calaca
de,de
mendonca,mendonca
muncul,muncul
kandidat,kandidat
kuat,kuat
mengganti,menggant
paus,paus
fransiskus,fransiskus
berasal,berasal
kaum,kaum
progresif,progresif
gereja,gereja
kardinal,kardinal
pulau,pulau
madeira,madeira
portugal,portugal
paus,paus
fransiskus,fransiskus
kepala,kepala
departemen,departemen
budaya,budaya
pendidikan,pendidi
italia,italia
muncul,muncul
nama,nama
kardinal,kardinal
matteo,matteo
zuppi,zupp
uskup,uskup
agung,agung
bologna,bologna
calon,calon
kuat,kuat
penerus,penerus
paus,paus
fransiskus,fransiskus
dianggap,anggap
sosok,sosok
progresif,progresif
paus,paus
fransiskus,fransiskus
kawasan,kawasan
eropa,eropa
kardinal,kardinal
mario,mario
grech,grech
malta,malta
menjabat,menjabat
sekretaris,sekretaris
jenderal,jenderal
sinode,sinode
uskup,uskup
dianggap,anggap
memiliki,milik
peluang,peluang
menduduki,menduduk
posisi,posisi
tertinggi,tertingg
gereja,gereja
katolik,katolik
grech,grech
dikenal,kenal
paus,paus
fransiskus,fransiskus
memiliki,milik
kecenderungan,cenderung
konservatif,konservatif
menjadikannya,menjadi
kandidat,kandidat
kompromi,kompromi
diterima,terima
kalangan,kalang
afrika,afrika
nama,nama
kardinal,kardinal
robert,robert
sarah,sarah
guinea,guinea
digadang,gadang
gadang,gadang
kandidat,kandidat
kuat,kuat
pengganti,penggant
paus,paus
fransiskus,fransiskus
dikenal,kenal
kritiknya,kritik
ideologi,ideologi
gender,gender
penolakannya,penola
radikalisme,radikalisme
islam,islam
rds,rds
jakarta,jakarta
cnbc,cnbc
indonesia,indonesia
penggunaan,pengguna
sistem,sistem
pembayaran,pembayar
indonesia,indonesia
seper,per
quick,quick
responese,responese
indonesian,indonesi
standard,standard
qris,qris
gerbang,gerbang
pembayaran,pembayar
nasional,nasional
salah,salah
pembahasan,pembahas
negosiasi,negosiasi
perdagangan,perdagang
pemerintah,pemerin
amerika,amerika
serikat,serikat
as,as
menteri,menteri
koordinator,koordinator
bidang,bidang
perekonomian,perekonomi
airlangga,airlangga
hartarto,hartarto
pemerintah,pemerin
berkoordinasi,berkoordinas
bank,bank
indonesia,indonesia
bi,b
otoritas,otoritas
jasa,jasa
keuangan,uang
ojk,ojk
terkait,terkait
masukan,masu
as,as
berkoordinasi,berkoordinas
ojk,ojk
bi,b
terkait,terkait
payment,payment
amerika,amerika
airlangga,airlangga
konferensi,konferensi
pers,pers
daring,daring
diku,d
p,p
minggu,minggu
20,20
4,4
2025,2025
sayangnya,sayang
airlangga,airlangga
dak,dak
pemerintah,pemerin
indonesia,indonesia
bi,b
ojk,ojk
menghadapi,menghadap
tarif,tarif
as,as
catatan,catat
provider,provider
kartu,kartu
kenamaan,nama
as,as
melobi,lob
pemerintah,pemerin
bank,bank
indonesia,indonesia
perihal,perihal
penggunaan,pengguna
gpn,gpn
2019,2019
bi,b
dak,dak
melonggarkan,longgar
aturan,atur
wajib,wajib
gpn,gpn
2019,2019
silam,silam
setahun,tahun
diluncurkannya,luncur
gpn,gpn
indonesia,indonesia
menghapus,menghapus
kewajiban,wajib
menggandeng,menggandeng
perusahaan,perusaha
switching,switching
lokal,lokal
bisnis,bisnis
sistem,sistem
pembayaran,pembayar
domes,domes
k,k
perusahaan,perusaha
as,as
mastercard,mastercard
visa,visa
perubahan,rubah
mengizinkan,mengizin
perusahaan,perusaha
as,as
memproses,memproses
transaksi,transaksi
kartu,kartu
kredit,kredit
rekanan,rekan
lokal,lokal
sumber,sumber
reuters,reuters
jumat,jumat
4,4
10,10
2019,2019
kemenangan,menang
lobi,lobi
pemerintah,pemerin
as,as
tekanan,kanan
negara,negara
asia,asia
mengeluarkan,mengeluar
aturan,atur
khusus,khusus
menggenjot,menggenjot
alat,alat
pembayaran,pembayar
lokal,lokal
tulis,tulis
media,media
reuters,reuters
salinan,salin
email,email
pejabat,jabat
as,as
ekseku,ekse
f,f
perusahaan,perusaha
kartu,kartu
detail,detail
email,email
200,200
halaman,halaman
aturan,atur
kebebasan,bebas
informasi,informasi
as,as
komunikasi,komunikasi
via,via
surat,surat
elektronik,elektronik
april,april
2018,2018
agustus,agustus
2019,2019
email,email
salah,salah
perusahaan,perusaha
mastercard,mastercard
melobi,lob
perwakilan,perwakil
dagang,dagang
as,as
ustr,ustr
india,india
vietnam,vietnam
laos,laos
ukraina,ukraina
gana,gana
diterbitkannya,terbit
gpn,gpn
pemrosesan,pemroses
transaksi,transaksi
negeri,negeri
perusahaan,perusaha
switching,switching
mayoritas,mayoritas
sahamnya,saham
dimiliki,milik
investor,investor
negeri,negeri
aturan,atur
visa,visa
mastercard,mastercard
dak,dak
langsung,langsung
memproses,memproses
transaksi,transaksi
pembayaran,pembayar
menggandeng,menggandeng
partner,partner
lokal,lokal
visa,visa
mastercard,mastercard
langsung,langsung
memproses,memproses
transaksi,transaksi
nasabah,nasabah
indonesia,indonesia
singapura,singapura
gpn,gpn
diprediksi,diprediks
menekan,mene
laba,laba
mastercard,mastercard
visa,visa
fee,fee
kartu,kartu
kredit,kredit
keuntungannya,untung
indonesia,indonesia
permintaan,perminta
pengecualian,pengecuali
gpn,gpn
salah,salah
permintaan,perminta
as,as
indonesia,indonesia
fasilitas,fasilitas
generalized,generalized
system,system
of,of
preferences,preferences
gsp,gsp
fasilitas,fasilitas
tarif,tarif
bea,bea
masuk,masuk
rendah,rendah
produk,produk
ekspor,ekspor
indonesia,indonesia
as,as
fasilitas,fasilitas
ditangguhkan,tangguh
2022,2022
tempo,tempo
co,co
jakarta,jakarta
ekonom,ekonom
ins,ins
tute,tute
for,for
development,development
of,of
economics,economics
and,and
finance,finance
indef,indef
fadhil,fadhil
hasan,hasan
menilai,nila
dampak,dampak
kebijakan,kebija
tarif,tarif
resiprokal,resiprokal
amerika,amerika
serikat,serikat
indonesia,indonesia
rela,rela
f,f
moderat,moderat
pendapat,pendapat
sisi,sisi
perdagangan,perdagang
impact,impact
mbulkan,mbul
kebijakan,kebija
trump,trump
resiprocal,resiprocal
tariff,tariff
perdagangan,perdagang
indonesia,indonesia
moderat,moderat
diskusi,diskusi
publik,publik
waspada,waspada
genderang,genderang
perang,perang
dagang,dagang
diadakan,ada
indef,indef
jakarta,jakarta
jumat,jumat
4,4
april,april
2025,2025
fadhil,fadhil
menyebut,menyebut
10,10
komoditas,komoditas
ekspor,ekspor
indonesia,indonesia
terdampak,terdampak
tarif,tarif
resiprokal,resiprokal
as,as
dilansir,lansir
produk,produk
ekspor,ekspor
indonesia,indonesia
seper,per
teks,teks
l,l
garmen,garmen
alas,alas
kaki,kaki
minyak,minyak
sawit,sawit
terkena,terkena
dampak,dampak
kebijakan,kebija
terkhusus,terkhusus
industri,industri
teks,teks
l,l
indonesia,indonesia
dikhawa,dikhawa
rkan,r
kian,kian
merosot,merosot
asosiasi,asosiasi
produsen,produsen
serat,serat
benang,benang
filament,filament
indonesia,indonesia
mencatat,mencatat
60,60
perusahaan,perusaha
teks,teks
l,l
tutu,tutu
sisi,sisi
kementerian,menteri
ketenagakerjaan,ketenagakerja
mencatat,mencatat
24,24
ribu,ribu
buruh,buruh
teks,teks
l,l
terkena,terkena
pemutusan,pemutus
hubungan,hubung
kerja,kerja
phk,phk
2024,2024
ikatan,ikat
pengusaha,pengusaha
konveksi,konveksi
bekarya,karya
memrediksi,memrediks
penutuan,penutu
pabrik,pabrik
phk,phk
terungkap,terungkap
perusahaan,perusaha
menengah,menengah
phk,phk
industri,industri
menengah,menengah
ikm,ikm
diperkiran,diperkir
mencapai,mencapa
1,1
000,000
unit,unit
tenaga,tenaga
kerja,kerja
kehilangan,hilang
mata,mata
pencaharian,pencahari
ratusan,ratus
ribu,ribu
orang,orang
kebijakan,kebija
diterapkan,terap
negara,negara
pesaing,saing
indonesia,indonesia
seper,per
vietnam,vietnam
malaysia,malaysia
thailand,thailand
menilai,nila
dampaknya,dampak
indonesia,indonesia
cenderung,cenderung
ringan,ringan
vietnam,vietnam
malaysia,malaysia
menghadapi,menghadap
level,level
tarif,tarif
nggi,ngg
dibandingkan,banding
indonesia,indonesia
amerika,amerika
serikat,serikat
menempa,menempa
posisi,posisi
mitra,mitra
dagang,dagang
terbesar,terbesar
indonesia,indonesia
tiongkok,tiongkok
10,10
5,5
persen,persen
total,total
ekspor,ekspor
indonesia,indonesia
pasar,pasar
amerika,amerika
menjadikan,menjadi
negara,negara
salah,salah
tujuan,tuju
utama,utama
produk,produk
unggulan,unggul
tanah,tanah
air,air
indonesia,indonesia
berhasil,berhasil
mencatatkan,mencatat
surplus,surplus
perdagangan,perdagang
signifikan,signifikan
as,as
16,16
8,8
miliar,miliar
dolar,dolar
as,as
surplus,surplus
nilai,nilai
ekspor,ekspor
indonesia,indonesia
as,as
melebihi,lebih
nilai,nilai
impornya,impor
negara,negara
mencerminkan,mencermin
hubungan,hubung
perdagangan,perdagang
cenderung,cenderung
menguntungkan,menguntung
indonesia,indonesia
kondisi,kondisi
berpotensi,berpotens
berubah,rubah
presiden,presiden
amerika,amerika
serikat,serikat
donald,donald
trump,trump
mengumumkan,mengumum
kebijakan,kebija
terkait,terkait
tarif,tarif
impor,impor
rabu,rabu
2,2
april,april
2025,2025
pernyataannya,pernyata
trump,trump
menetapkan,menetap
kenaikan,kenai
tarif,tarif
impor,impor
angka,angka
minimum,minimum
10,10
persen,persen
berlaku,berla
negara,negara
dunia,dunia
indonesia,indonesia
kebijakan,kebija
langkah,langkah
diklaim,klaim
bertujuan,bertuju
melindungi,lindung
industri,industri
domes,domes
k,k
as,as
mengurangi,mengurang
ketergantungan,ketergantung
produk,produk
negeri,negeri
da,da
ar,ar
negara,negara
negara,negara
terkena,terkena
dampak,dampak
kebijakan,kebija
indonesia,indonesia
menempa,menempa
urutan,urut
kedelapan,delap
tarif,tarif
dikenakan,kena
mencapai,mencapa
32,32
persen,persen
tergolong,tergolong
nggi,ngg
dibandingkan,banding
negara,negara
berpotensi,berpotens
menekan,mene
daya,daya
saing,saing
produk,produk
ekspor,ekspor
indonesia,indonesia
pasar,pasar
amerika,amerika
60,60
negara,negara
tercantum,tercantum
da,da
ar,ar
penerima,penerima
kebijakan,kebija
tarif,tarif
dikenai,kena
tarif,tarif
mbal,mbal
besarnya,besar
ditentukan,tentu
berdasarkan,berdasar
tarif,tarif
kenakan,kena
produk,produk
ekspor,ekspor
as,as
kebijakan,kebija
dianggap,anggap
bentuk,bentuk
respons,respons
prak,prak
k,k
perdagangan,perdagang
pemerintah,pemerin
as,as
dinilai,nila
dak,dak
adil,adil
merugikan,rugi
kepen,pen
ngan,ng
ekonomi,ekonomi
domes,domes
k,k
da,da
ar,ar
indonesia,indonesia
satunya,satu
negara,negara
asia,asia
tenggara,tenggara
terdampak,terdampak
negara,negara
seper,per
malaysia,malaysia
kamboja,kamboja
vietnam,vietnam
thailand,thailand
mengalami,mengalam
kenaikan,kenai
tarif,tarif
24,24
persen,persen
49,49
persen,persen
46,46
persen,persen
36,36
persen,persen
trump,trump
kebijakan,kebija
tarif,tarif
bertujuan,bertuju
menciptakan,mencipta
lapangan,lapang
kerja,kerja
negeri,negeri
pejabat,jabat
pemerintahannya,pemerintah
beranggapan,beranggap
as,as
dirugikan,rugi
negara,negara
prak,prak
k,k
perdagangan,perdagang
dianggap,anggap
dak,dak
adil,adil
tarif,tarif
tarif,tarif
diancamkan,ancam
trump,trump
diumumkan,umum
acara,acara
bertajuk,bertajuk
make,make
america,america
wealthy,wealthy
again,again
digelar,gelar
rose,rose
garden,garden
gedung,gedung
pu,pu
h,h
beredarnya,beredar
narasi,narasi
operasi,operasi
caesar,caesar
ditanggung,tanggung
badan,badan
penyelenggara,penyelenggara
jaminan,jamin
sosial,sosial
kesehatan,sehat
bpjs,bpjs
hamil,hamil
memeriksakan,memeriksa
bpjs,bpjs
kehamilan,hamil
memunculkan,muncul
kekhawatiran,khawatir
kalangan,kalang
calon,calon
dokter,dokter
peneliti,penelit
kesehatan,sehat
maternal,maternal
penulis,penulis
menilai,nila
isu,isu
kebingungan,bingung
publik,publik
memanfaatkan,manfaat
jaminan,jamin
kesehatan,sehat
bpjs,bpjs
meluncurkan,luncur
jaminan,jamin
kesehatan,sehat
nasional,nasional
jkn,jkn
2014,2014
akses,akses
masyarakat,masyarakat
pelayanan,layan
kesehatan,sehat
persalinan,persalin
meningkat,meningkat
drastis,drastis
studi,studi
pertumbuhan,pertumbuh
signifikan,signifikan
persalinan,persalin
ditangani,tangan
tenaga,tenaga
kesehatan,sehat
fasilitas,fasilitas
pelayanan,layan
penyempitan,penyempit
kesenjangan,senjang
akses,akses
antarkelompok,antarkelompok
sosioekonomi,sosioekonom
hamil,hamil
perdesaan,perdesa
wilayah,wilayah
kebijakan,kebija
penyelamat,penyelamat
memperoleh,memperoleh
pertolongan,pertolong
medis,medis
luasnya,luas
cakupan,cakup
jkn,jkn
memunculkan,muncul
konsekuensi,konsekuensi
terduga,terduga
masyarakat,masyarakat
kali,kali
menganggap,menganggap
bpjs,bpjs
berlaku,berla
otomatis,otomatis
tindakan,tinda
memperhatikan,memperhati
ketentuan,tentu
indikasi,indikasi
fenomena,fenomena
media,media
sosial,sosial
hamil,hamil
memilih,memilih
kontrol,kontrol
kehamilan,hamil
biaya,biaya
mandiri,mandiri
klinik,klinik
dokter,dokter
pilihan,pilih
persalinan,persalin
caesar,caesar
mengandalkan,mengandal
bpjs,bpjs
perspektif,perspektif
hak,hak
pasien,pasien
berhak,berhak
menentukan,menentu
persalinan,persalin
dirasa,rasa
terbaik,terbaik
perspektif,perspektif
sistem,sistem
kesehatan,sehat
pembiayaan,pembiaya
dana,dana
publik,publik
semestinya,semest
mempertimbangkan,mempertimbang
efisiensi,efisiensi
indikasi,indikasi
medis,medis
medis,medis
operasi,operasi
caesar,caesar
menyelamatkan,menyelamat
nyawa,nyawa
komplikasi,komplikasi
serius,serius
kelainan,lain
letak,letak
janin,janin
plasenta,plasenta
previa,previa
preeklamsia,preeklamsia
berat,berat
ketuban,ketuban
pecah,pecah
overuse,overuse
penggunaan,pengguna
indikasi,indikasi
medis,medis
who,who
merekomendasikan,rekomendasi
idealnya,ideal
angka,angka
persalinan,persalin
caesar,caesar
berkisar,berkisar
10,10
15,15
persen,persen
total,total
persalinan,persalin
melebihi,lebih
batas,batas
menurunkan,menurun
angka,angka
kematian,mati
bayi,bayi
signifikan,signifikan
indonesia,indonesia
tren,tren
operasi,operasi
caesar,caesar
meningkat,meningkat
signifikan,signifikan
menyentuh,menyentuh
18,18
5,5
persen,persen
2017,2017
jakarta,jakarta
mencapai,mencapa
31,31
1,1
persen,persen
survei,survei
demografi,demografi
kesehatan,sehat
indonesia,indonesia
angka,angka
caesar,caesar
cenderung,cenderung
kalangan,kalang
berpendidikan,berpendidi
berstatus,berstatus
ekonomi,ekonomi
tinggal,tinggal
perkotaan,perkota
operasi,operasi
caesar,caesar
memiliki,milik
risiko,risiko
indikasi,indikasi
membahayakan,membahaya
keselamatan,selamat
bayi,bayi
dasarnya,dasar
kebijakan,kebija
diterapkan,terap
negara,negara
thailand,thailand
universal,universal
coverage,coverage
scheme,scheme
ucs,ucs
menanggung,menanggung
biaya,biaya
caesar,caesar
terindikasi,terindikas
medis,medis
singapura,singapura
medishield,medishield
life,life
menanggung,menanggung
caesar,caesar
kecuali,kecuali
penulis,penulis
menyebut,menyebut
peraturan,peratur
adil,adil
definisi,definisi
indikasi,indikasi
medis,medis
kerap,kerap
area,area
abu,abu
abu,abu
dokter,dokter
tenaga,tenaga
kesehatan,sehat
risiko,risiko
manfaat,manfaat
metode,metode
persalinan,persalin
transparan,transparan
hamil,hamil
memahami,memaham
hak,hak
kewajibannya,wajib
peserta,serta
bpjs,bpjs
sudut,sudut
pandang,pandang
sistem,sistem
kesehatan,sehat
operasi,operasi
caesar,caesar
tergolong,tergolong
mahal,mahal
menyita,menyita
sumber,sumber
daya,daya
berdasarkan,berdasar
data,data
bpjs,bpjs
tindakan,tinda
salah,salah
pos,pos
pengeluaran,pengeluar
terbesar,terbesar
meningkat,meningkat
2019,2019
36,36
persen,persen
persalinan,persalin
ditanggung,tanggung
bpjs,bpjs
caesar,caesar
fenomena,fenomena
melonjaknya,lonjak
angka,angka
caesar,caesar
indikasi,indikasi
menggambarkan,menggambar
tantangan,tantang
moral,moral
hazard,hazard
peserta,serta
bebas,bebas
prosedur,prosedur
berbiaya,berbiaya
dianggap,anggap
gratis,gratis
dana,dana
jkn,jkn
berasal,berasal
kontribusi,kontribusi
idealnya,ideal
dimanfaatkan,manfaat
optimal,optimal
pembuat,pembuat
kebijakan,kebija
menegakkan,menegak
standar,standar
indikasi,indikasi
medis,medis
ketat,ketat
angka,angka
caesar,caesar
ditanggung,tanggung
bpjs,bpjs
membengkak,membengkak
bpjs,bpjs
terancam,rancam
defisit,defisit
berdampak,berdampak
kualitas,kualitas
layanan,layan
penulis,penulis
memahami,memaham
keputusan,putus
persalinan,persalin
perkara,perkara
medis,medis
aman,aman
kenyamanan,nyaman
keyakinan,yakin
pribadi,pribadi
ditempatkan,tempat
konteks,konteks
kepentingan,penting
publik,publik
memperhatikan,memperhati
keberlanjutan,keberlanjut
program,program
jkn,jkn
anggaran,anggar
habis,habis
tersedot,tersedot
pos,pos
sepenuhnya,sepenuh
akses,akses
layanan,layan
hamil,hamil
berisiko,risiko
daerah,daerah
tertinggal,tertinggal
terganggu,terganggu
kebijakan,kebija
dirumuskan,rumus
memenuhi,memenuh
hak,hak
individual,individual
menjaga,menjaga
asas,asas
gotong,gotong
royong,royong
penulis,penulis
menyarankan,menyaran
mengubah,mengubah
narasi,narasi
terkait,terkait
persalinan,persalin
edukasi,edukasi
memadai,mada
masyarakat,masyarakat
menganggap,menganggap
caesar,caesar
pilihan,pilih
risiko,risiko
promosi,promosi
kesehatan,sehat
menumbuhkan,menumbuh
pemahaman,pemaham
persalinan,persalin
normal,normal
kali,kali
aman,aman
murah,murah
pemulihannya,pemulih
cepat,cepat
komplikasi,komplikasi
fasilitas,fasilitas
kesehatan,sehat
tingkat,tingkat
fktp,fktp
garda,garda
terdepan,terdep
hamil,hamil
fktp,fktp
beroperasi,beroperas
24,24
jam,jam
kekurangan,kurang
alat,alat
tenaga,tenaga
medis,medis
siaga,siaga
akibatnya,akibat
masyarakat,masyarakat
cenderung,cenderung
merujuk,rujuk
rumah,rumah
sakit,sakit
opsi,opsi
caesar,caesar
mudah,mudah
diambil,ambil
peserta,serta
bpjs,bpjs
penguatan,penguat
infrastruktur,infrastruktur
kualitas,kualitas
fktp,fktp
ketiga,tiga
transparansi,transparansi
biaya,biaya
prosedur,prosedur
bpjs,bpjs
pasien,pasien
ditingkatkan,tingkat
masyarakat,masyarakat
memahami,memaham
konsekuensi,konsekuensi
finansial,finansial
kesehatan,sehat
pilihan,pilih
memahami,memaham
prosedur,prosedur
rujukan,ruju
jkn,jkn
pemeriksaan,pemeriksa
rutin,rutin
fktp,fktp
formalitas,formalitas
sarana,sarana
deteksi,deteksi
komplikasi,komplikasi
pemeriksaan,pemeriksa
data,data
indikasi,indikasi
medis,medis
terpantau,terpantau
memicu,memicu
kesimpangsiuran,kesimpangsiur
ditanggung,tanggung
tidaknya,tidak
operasi,operasi
caesar,caesar
komunikasi,komunikasi
efektif,efektif
bpjs,bpjs
tenaga,tenaga
medis,medis
kunci,kunci
edukasi,edukasi
komprehensif,komprehensif
calon,calon
kontrol,kontrol
kehamilan,hamil
bijak,bijak
caesar,caesar
sesuai,sesuai
indikasi,indikasi
medis,medis
sah,sah
tren,tren
penggunaan,pengguna
caesar,caesar
indikasi,indikasi
medis,medis
dibiarkan,biar
keseimbangan,keseimbang
dana,dana
jaminan,jamin
kesehatan,sehat
melindungi,lindung
masyarakat,masyarakat
terganggu,terganggu
pemangku,mang
kepentingan,penting
pemerintah,pemerin
penyedia,penyedia
layanan,layan
peserta,serta
bersinergi,bersinerg
keberlangsungan,keberlangsung
jkn,jkn
kesehatan,sehat
anak,anak
indonesia,indonesia
komisi,komisi
iii,ii
dpr,dpr
mengundang,mengundang
mantan,mantan
pemain,main
sirkus,sirkus
oriental,oriental
circus,circus
indonesia,indonesia
oci,oc
audiensi,audiensi
rapat,rapat
dengar,dengar
pendapat,pendapat
rdpu,rdpu
mantan,mantan
pekerja,kerja
sirkus,sirkus
mengaku,menga
dieksploitasi,dieksploitas
mengalami,mengalam
pelanggaran,langgar
hak,hak
asasi,asasi
manusia,manusia
pengelola,pengelola
oci,oc
taman,taman
safari,safari
1970,1970
an,an
anggota,anggota
komisi,komisi
iii,ii
dpr,dpr
abdullah,abdul
audiensi,audiensi
digelar,gelar
siang,siang
jam,jam
14,14
00,00
wib,wib
rencananya,rencana
abdullah,abdul
dihubungi,hubung
senin,senin
21,21
april,april
2025,2025
abdullah,abdul
rdpu,rdpu
digelar,gelar
terbuka,terbuka
tertutup,tertutup
terbuka,terbuka
tertutup,tertutup
tergantung,tergantung
kesepakatan,sepakat
forum,forum
rapat,rapat
politikus,politikus
partai,partai
kebangkitan,bangkit
bangsa,bangsa
pkb,pkb
menyebut,menyebut
audiensi,audiensi
dihadiri,hadir
pengelola,pengelola
oci,oc
aktif,aktif
adapula,adapula
aparat,aparat
penegak,penegak
hukum,hukum
berpartisipasi,berpartisipas
audiensi,audiensi
direktur,direktur
kriminal,kriminal
polda,polda
jawa,jawa
barat,barat
panggil,panggil
gus,gus
abduh,abduh
sapaan,sapa
abdullah,abdul
rencana,rencana
rdpu,rdpu
eks,eks
pekerja,kerja
sirkus,sirkus
ketua,ketua
komisi,komisi
iii,ii
habiburokhman,habiburokhm
habiburokhman,habiburokhm
berkomunikasi,berkomunikas
langsung,langsung
kuasa,kuasa
hukum,hukum
pemain,main
sirkus,sirkus
bernama,bernama
muhammad,muhammad
sholeh,sholeh
senin,senin
panggil,panggil
rdpu,rdpu
habiburokhman,habiburokhm
kompleks,kompleks
parlemen,parlemen
jakarta,jakarta
kamis,kamis
17,17
april,april
2025,2025
habiburokhman,habiburokhm
kehadiran,hadir
korban,korban
mengaku,menga
dieksploitasi,dieksploitas
prioritas,prioritas
didengarkan,dengar
mendorong,mendorong
ditindaklanjuti,ditindaklanjut
jenis,jenis
pelanggaran,langgar
hukum,hukum
orang,orang
diselesaikan,selesai
bertanggung,bertanggung
dikenakan,kena
hukuman,hukum
berat,berat
politikus,politikus
partai,partai
gerindra,gerindra
mantan,mantan
pekerja,kerja
sirkus,sirkus
oriental,oriental
circus,circus
indonesia,indonesia
oci,oc
mengadukan,mengadu
dugaan,duga
eksploitasi,eksploitasi
pelanggaran,langgar
hak,hak
asasi,asasi
manusia,manusia
kementerian,menteri
hak,hak
asasi,asasi
manusia,manusia
ham,ham
jakarta,jakarta
selatan,selatan
selasa,selasa
15,15
april,april
2025,2025
tindak,tindak
kekerasan,keras
perbudakan,perbuda
eksploitasi,eksploitasi
anak,anak
mantan,mantan
pekerja,kerja
diduga,duga
1970,1970
an,an
pemilik,milik
oci,oc
taman,taman
safari,safari
indonesia,indonesia
delapan,delapan
orang,orang
perwakilan,perwakil
korban,korban
hadir,hadir
perempuan,perempuan
paruh,paruh
baya,baya
menceritakan,mencerita
kronologi,kronologi
dipekerjakan,dipekerja
anak,anak
anak,anak
pemain,main
sirkus,sirkus
oci,oc
mengaku,menga
mengalami,mengalam
bentuk,bentuk
penyiksaan,penyiksa
dipukul,pukul
disetrum,setrum
dipaksa,paksa
kondisi,kondisi
sakit,sakit
dipisahkan,pisah
anaknya,anak
dipaksa,paksa
makan,makan
kotoran,kotor
hewan,hewan
wakil,wakil
menteri,menteri
ham,ham
mugiyanto,mugiyanto
pelanggaran,langgar
ham,ham
cerita,cerita
korban,korban
perbudakan,perbuda
penyiksaan,penyiksa
pelanggaran,langgar
hak,hak
aman,aman
hak,hak
pendidikan,pendidi
hak,hak
identitas,identitas
hadapan,hadap
korban,korban
pendamping,pendamping
korban,korban
wartawan,wartaw
kementerian,menteri
ham,ham
mengambil,mengambil
langkah,langkah
kejadian,jadi
kejadian,jadi
terulang,terulang
mugiyanto,mugiyanto
kementeriannya,menteri
berkoordinasi,berkoordinas
kementerian,menteri
lembaga,lembaga
menindaklanjuti,menindaklanjut
komisaris,komisaris
taman,taman
safari,safari
indonesia,indonesia
pelatih,latih
satwa,satwa
oriental,oriental
circus,circus
indonesia,indonesia
oci,oc
tony,tony
sumampouw,sumampouw
membantah,memb
perusahaannya,perusaha
mengeksploitasi,mengeksploitas
pekerja,kerja
sirkus,sirkus
oci,oc
mengada,mengada
tony,tony
dihubungi,hubung
pesan,pesan
whatsapp,whatsapp
selasa,selasa
15,15
april,april
2025,2025
berbicara,berbicara
media,media
arus,arus
utama,utama
mainstream,mainstream
perhatian,perhati
mesti,mesti
beralih,beralih
media,media
konvensional,konvensional
televisi,televisi
koran,koran
majalah,majalah
radio,radio
mempertimbangkan,mempertimbang
kekuatan,kuat
ekonomi,ekonomi
pengaruh,pengaruh
masyarakat,masyarakat
media,media
arus,arus
utama,utama
media,media
medsos,medsos
mesin,mesin
pencari,pencar
e,e
commerce,commerce
konteks,konteks
studi,studi
ekonomi,ekonomi
politik,politik
media,media
kian,kian
memperhitungkan,memperhitung
keberadaan,keberada
raksasa,raksasa
digital,digital
google,google
facebook,facebook
amazon,amazon
microsoft,microsoft
kekuatan,kuat
utama,utama
kontestasi,kontestas
media,media
global,global
mengambil,mengambil
keuntungan,untung
proses,proses
revolusi,revolusi
digital,digital
penetrasi,penetrasi
bisnisnya,bisnis
melampaui,lampau
batas,batas
geografis,geografis
cepat,cepat
mengubah,mengubah
konstelasi,konstelasi
media,media
global,global
regional,regional
nasional,nasional
perkembangan,perkembang
pesat,pesat
media,media
guncangan,guncang
serius,serius
daya,daya
hidup,hidup
media,media
indikasi,indikasi
penurunan,penurun
performa,performa
industri,industri
surat,surat
kabar,kabar
jatuhnya,jatuh
harga,harga
saham,saham
perusahaan,perusaha
surat,surat
kabar,kabar
menurunnya,menurun
pembaca,pembaca
merosotnya,merosot
pendapatan,pendapat
iklan,iklan
surutnya,surut
sirkulasi,sirkulasi
menerus,menerus
berita,berita
surat,surat
kabar,kabar
terpaksa,terpaksa
gulung,gulung
tikar,tikar
perampingan,ramping
mengurangi,mengurang
frekuensi,frekuensi
volume,volume
terbitan,terbit
terdengar,terdengar
penjuru,penjuru
dunia,dunia
sisi,sisi
pendapatan,pendapat
iklan,iklan
khalayak,khalayak
radio,radio
tv,tv
mengalami,mengalam
tren,tren
penurunan,penurun
indonesia,indonesia
terlepas,terlepas
tren,tren
global,global
mendasar,mendasar
mendasar,mendasar
media,media
konvensional,konvensional
surut,surut
perkembangan,perkembang
media,media
digital,digital
digarisbawahi,digarisbawah
media,media
digital,digital
berkembang,berkembang
pesat,pesat
mengambil,mengambil
surplus,surplus
ekonomi,ekonomi
dinikmati,nikmat
media,media
konvensional,konvensional
media,media
digital,digital
global,global
media,media
jurnalistik,jurnalistik
web,web
mesin,mesin
pencari,pencar
medsos,medsos
e,e
commerce,commerce
aras,aras
pengambilalihan,pengambilalih
surplus,surplus
ekonomi,ekonomi
media,media
konvensional,konvensional
nasional,nasional
media,media
digital,digital
global,global
berciri,bercir
nonjurnalistik,nonjurnalistik
perubahan,rubah
lanskap,lanskap
komunikasi,komunikasi
informasi,informasi
menciptakan,mencipta
iklim,iklim
persaingan,persaing
media,media
timpang,timpang
google,google
facebook,facebook
twitter,twitter
baidu,baidu
yahoo,yahoo
sesungguhnya,sungguh
perusahaan,perusaha
media,media
teknologi,teknologi
model,model
hubungan,hubung
khalayak,khalayak
dikembangkan,kembang
berbeda,berbeda
posisi,posisi
media,media
sesungguhnya,sungguh
media,media
dualitas,dualitas
institusi,institusi
sosial,sosial
melayani,layan
masyarakat,masyarakat
informasi,informasi
komunikasi,komunikasi
institusi,institusi
bisnis,bisnis
motif,motif
utamanya,utama
keuntungan,untung
ekonomi,ekonomi
perusahaan,perusaha
media,media
proses,proses
komodifikasi,komodifikas
informasi,informasi
meraih,raih
keuntungan,untung
pendapatan,pendapat
iklan,iklan
praktiknya,praktik
media,media
sepenuhnya,sepenuh
diperlakukan,diperlaku
subyek,subyek
hukum,hukum
perusahaan,perusaha
media,media
hadir,hadir
kekuatan,kuat
pengaruh,pengaruh
langsung,langsung
memengaruhi,memengaruh
daya,daya
hidup,hidup
media,media
mengalami,mengalam
pelembagaan,lembaga
rupa,rupa
konteks,konteks
tercipta,tercipta
iklim,iklim
persaingan,persaing
timpang,timpang
media,media
bergerak,bergerak
aturan,atur
batasan,batas
larangan,larang
media,media
beroperasi,beroperas
aturan,atur
batasan,batas
ketiga,tiga
media,media
menggantikan,mengganti
kedudukan,kedudu
fungsi,fungsi
media,media
ruang,ruang
publik,publik
beradab,beradab
mengesampingkan,mengesamping
peranan,peran
demokratisnya,demokratis
medsos,medsos
berkembang,berkembang
forum,forum
diskusi,diskusi
mengesampingkan,mengesamping
kepantasan,pantas
ruang,ruang
publik,publik
etika,etika
komunikasi,komunikasi
medsos,medsos
berkembang,berkembang
sarana,sarana
artikulasi,artikulasi
kebebasan,bebas
sarana,sarana
menuangkan,menuang
sikap,sikap
acuh,acuh
acuh,acuh
prasangka,prasangka
buruk,buruk
kebencian,benci
perwujudan,perwujud
ruang,ruang
publik,publik
beretika,beretika
beradab,beradab
kedudukan,kedudu
media,media
konvensional,konvensional
tergantikan,terganti
arti,arti
media,media
konvensional,konvensional
kelemahan,lemah
kelemahan,lemah
kelemahan,lemah
dikontrol,kontrol
sistem,sistem
terlembaga,terlembaga
sistem,sistem
hukum,hukum
etika,etika
mengantisipasi,mengantisipas
mengendalikan,mengendali
praktik,praktik
kebebasan,bebas
media,media
konvensional,konvensional
antisipasi,antisipasi
pengendalian,pengendali
penerapan,penerap
etika,etika
komunikasi,komunikasi
medsos,medsos
sulit,sulit
terbentur,terbentur
anonimitas,anonimitas
ambiguitas,ambiguitas
posisi,posisi
ruang,ruang
publik,publik
ruang,ruang
privat,privat
ambivalensi,ambivalensi
komunikasi,komunikasi
massa,massa
komunikasi,komunikasi
interpersonal,interpersonal
sifat,sifat
media,media
berbasis,berbasis
internet,internet
berkarakter,berkarakter
transnasional,transnasional
borderless,borderless
fungsi,fungsi
medsos,medsos
ruang,ruang
komunikasi,komunikasi
mengalami,mengalam
pelembagaan,lembaga
tuntas,tuntas
pajak,pajak
pengelola,pengelola
medsos,medsos
diterapkan,terap
sepenuhnya,sepenuh
pengelola,pengelola
medsos,medsos
imunitas,imunitas
sengketa,sengketa
penyebaran,penyebar
hoaks,hoaks
medsos,medsos
proteksi,proteksi
negara,negara
bertolak,bertolak
kenyataan,nyata
mempertahankan,mempertahan
eksistensi,eksistensi
media,media
konvensional,konvensional
media,media
jurnalistik,jurnalistik
semestinya,semest
prioritas,prioritas
keberadaan,keberada
pers,pers
kekuatan,kuat
keempat,empat
demokrasi,demokrasi
relevan,relevan
mendesak,mendesak
diselamatkan,selamat
derasnya,deras
arus,arus
hoaks,hoaks
medsos,medsos
masyarakat,masyarakat
butuh,butuh
pers,pers
profesional,profesional
beretika,beretika
hoaks,hoaks
mesti,mesti
dilawan,dilaw
informasi,informasi
proporsional,proporsional
bertanggung,bertanggung
pers,pers
profesional,profesional
diharapkan,harap
medsos,medsos
mengingkari,mengingkar
kelemahan,lemah
pers,pers
profesional,profesional
terkait,terkait
penegakan,penega
etika,etika
jurnalistik,jurnalistik
mempertahankan,mempertahan
eksistensi,eksistensi
pers,pers
media,media
massa,massa
konvensional,konvensional
strategis,strategis
konteks,konteks
demokratisasi,demokratisasi
perwujudan,perwujud
ruang,ruang
publik,publik
beradab,beradab
mempertahankan,mempertahan
eksistensi,eksistensi
media,media
jurnalistik,jurnalistik
memiliki,milik
makna,makna
resiprokral,resiprokral
sisi,sisi
media,media
jurnalistik,jurnalistik
dituntut,tuntut
menyesuaikan,menyesuai
perubahan,rubah
perilaku,perilaku
masyarakat,masyarakat
kian,kian
terpola,terpola
mengakses,mengakses
informasi,informasi
digital,digital
problem,problem
masyarakat,masyarakat
kekurangan,kurang
informasi,informasi
kelimpahruahan,kelimpahruah
informasi,informasi
media,media
jurnalistik,jurnalistik
mempertahankan,mempertahan
standar,standar
jurnalisme,jurnalisme
baku,baku
mengikuti,mengikut
mode,mode
penyajian,penyaji
informasi,informasi
serba,serba
instan,instan
cepat,cepat
memperhatikan,memperhati
akurasi,akurasi
kelayakan,kelaya
ruang,ruang
publik,publik
media,media
jurnalistik,jurnalistik
masuk,masuk
habitat,habitat
kompetitornya,kompetitor
medsos,medsos
semestinya,semest
media,media
jurnalistik,jurnalistik
menampilkan,menampil
medsos,medsos
hoaks,hoaks
mesti,mesti
dilawan,dilaw
jurnalisme,jurnalisme
beradab,beradab
mencerahkan,mencerah
masyarakat,masyarakat
negara,negara
mesti,mesti
hadir,hadir
proteksi,proteksi
proteksi,proteksi
arti,arti
rigid,rigid
komitmen,komitmen
menciptakan,mencipta
iklim,iklim
bisnis,bisnis
media,media
sehat,sehat
perlakuan,perlaku
khusus,khusus
perusahaan,perusaha
medsos,medsos
mesin,mesin
pencari,pencar
e,e
commerce,commerce
asing,asing
memperlakukan,memperlaku
layaknya,layak
perusahaan,perusaha
media,media
perusahaan,perusaha
media,media
mesti,mesti
bayar,bayar
pajak,pajak
perusahaan,perusaha
media,media
asing,asing
bayar,bayar
pajak,pajak
perusahaan,perusaha
media,media
nasional,nasional
mesti,mesti
membayar,membayar
royalti,royalti
hak,hak
cipta,cipta
konten,konten
media,media
semestinya,semest
perusahaan,perusaha
asing,asing
membayar,membayar
memanfaatkan,manfaat
konten,konten
media,media
nasional,nasional
perusahaan,perusaha
media,media
berbadan,berbad
hukum,hukum
indonesia,indonesia
syarat,syarat
menjalankan,menjalan
bisnis,bisnis
media,media
berlaku,berla
perusahaan,perusaha
media,media
asing,asing
mempertahankan,mempertahan
eksistensi,eksistensi
media,media
massa,massa
nasional,nasional
pengertian,pengerti
menciptakan,mencipta
iklim,iklim
persaingan,persaing
usaha,usaha
seimbang,imbang
sehat,sehat
negara,negara
peserta,serta
konferensi,konferensi
asia,asia
afrika,afrika
1955,1955
sikap,sikap
tunduk,tunduk
polarisasi,polarisasi
perang,perang
dingin,dingin
memilih,memilih
netralitas,netralitas
strategi,strategi
mempertahankan,mempertahan
kedaulatan,daulat
netralitas,netralitas
bentuk,bentuk
resistensi,resistens
logika,logika
dominasi,dominasi
pelarian,lari
tanggung,tanggung
sejarah,sejarah
lahir,lahir
tekad,tekad
berdiri,berdir
subyek,subyek
politik,politik
tatanan,tatanan
dunia,dunia
dibelah,dibe
blok,blok
kekuasaan,kuasa
dunia,dunia
berubah,rubah
polarisasi,polarisasi
ideologis,ideologis
memudar,memudar
struktur,struktur
kekuasaan,kuasa
global,global
runtuh,runtuh
menyaksikan,menyaksi
transformasi,transformasi
dunia,dunia
bipolar,bipolar
dunia,dunia
semu,semu
multipolar,multipolar
kekuatan,kuat
kekuatan,kuat
muncul,muncul
sistem,sistem
ekonomi,ekonomi
politik,politik
menopang,menopang
ketimpangan,timpang
bertahan,bertah
kapitalisme,kapitalisme
global,global
melemah,lemah
menyesuaikan,menyesuai
wajah,wajah
lanskap,lanskap
negara,negara
negara,negara
global,global
south,south
terjebak,terjebak
struktur,struktur
relasi,relasi
timpang,timpang
perdagangan,perdagang
teknologi,teknologi
keuangan,uang
narasi,narasi
perang,perang
dagang,dagang
as,as
china,china
memanas,memanas
memperjelas,memperjelas
dinamika,dinamika
presiden,presiden
trump,trump
menerapkan,menerap
tarif,tarif
145,145
persen,persen
produk,produk
china,china
dalih,dalih
melindungi,lindung
industri,industri
domestik,domestik
menanggapi,menanggap
tuduhan,tuduh
keterlibatan,keterlibat
china,china
distribusi,distribusi
fentanil,fentanil
pasar,pasar
as,as
china,china
membalas,membalas
tarif,tarif
125,125
persen,persen
produk,produk
produk,produk
as,as
konflik,konflik
pertukaran,pertukar
kebijakan,kebija
fiskal,fiskal
perang,perang
simbol,simbol
dominasi,dominasi
kontrol,kontrol
ekonomi,ekonomi
dunia,dunia
dampaknya,dampak
dirasakan,rasa
negara,negara
negara,negara
global,global
south,south
terlibat,terlibat
langsung,langsung
pertarungan,pertarung
tarif,tarif
sanksi,sanksi
alat,alat
ekonomi,ekonomi
senjata,senjata
geopolitik,geopolitik
negara,negara
negara,negara
memiliki,milik
kekuatan,kuat
struktural,struktural
dipaksa,paksa
penonton,penonton
menanggung,menanggung
biaya,biaya
ekspor,ekspor
terganggu,terganggu
nilai,nilai
tukar,tukar
bergejolak,bergejolak
ketergantungan,ketergantung
pasar,pasar
pisau,pisau
bermata,bermata
keberpihakan,keberpiha
strategis,strategis
netralitas,netralitas
memperburuk,memperburuk
posisi,posisi
negara,negara
berkembang,berkembang
memiliki,milik
daya,daya
tawar,tawar
menghadapi,menghadap
tekanan,kanan
eksternal,eksternal
dunia,dunia
beroperasi,beroperas
logika,logika
sanksi,sanksi
tarif,tarif
menyediakan,menyedia
ruang,ruang
aman,aman
posisi,posisi
diam,diam
bicara,bicara
keberpihakan,keberpiha
ideologis,ideologis
era,era
perang,perang
dingin,dingin
butuhkan,butuh
netralitas,netralitas
keberpihakan,keberpiha
strategis,strategis
berpijak,berpijak
kedaulatan,daulat
pembangunan,pembangun
nasional,nasional
kekuatan,kuat
domestik,domestik
pragmatisme,pragmatisme
dibingkai,bingka
visi,visi
jangka,jangka
oportunisme,oportunisme
lanskap,lanskap
china,china
mitra,mitra
membuka,membuka
peluang,peluang
negara,negara
berkembang,berkembang
pendekatannya,pendekat
mengikat,mengikat
politik,politik
tawarannya,tawar
kali,kali
konkret,konkret
dibandingkan,banding
janji,janji
retoris,retoris
kekuatan,kuat
soft,soft
power,power
china,china
insentif,insentif
ekonomi,ekonomi
disertai,serta
tekanan,kanan
ideologis,ideologis
belt,belt
and,and
road,road
initiative,initiative
lembaga,lembaga
keuangan,uang
pembangunan,pembangun
alternatif,alternatif
jaringan,jaring
dagang,dagang
digital,digital
china,china
menghadirkan,menghadir
kerangka,kerangka
kerja,kerja
cair,cair
dibandingkan,banding
lembaga,lembaga
global,global
north,north
imf,imf
bank,bank
dunia,dunia
kerap,kerap
membawa,membawa
agenda,agenda
liberalisasi,liberalisasi
paksa,paksa
afrika,afrika
china,china
menggelontorkan,menggelontor
4,4
6,6
miliar,miliar
dollar,dollar
as,as
setahun,tahun
68,68
persennya,persen
disalurkan,salur
angola,angola
sisanya,sisa
tersebar,tersebar
30,30
proyek,proyek
sektor,sektor
pertanian,pertani
energi,energi
manufaktur,manufaktur
pertambangan,pertambang
asia,asia
tenggara,tenggara
china,china
memperluas,memperluas
produksi,produksi
manufakturnya,manufaktur
vietnam,vietnam
thailand,thailand
malaysia,malaysia
ekspansi,ekspansi
sektor,sektor
panel,panel
surya,surya
respons,respons
tarif,tarif
as,as
amerika,amerika
latin,latin
china,china
mengamankan,mengaman
proyek,proyek
kereta,kereta
api,api
pelabuhan,labuh
pembangkit,pembangkit
energi,energi
brasil,brasil
ekuador,ekuador
uni,uni
eropa,eropa
terpaksa,terpaksa
meluncurkan,luncur
proyek,proyek
tandingan,tanding
global,global
gateway,gateway
target,target
300,300
miliar,miliar
euro,euro
respons,respons
langsung,langsung
pengaruh,pengaruh
china,china
kian,kian
meluas,luas
eropa,eropa
manuver,manuver
ganda,ganda
realitas,realitas
strategi,strategi
dibutuhkan,butuh
global,global
south,south
netralitas,netralitas
steril,steril
kemampuan,mampu
memainkan,main
manuver,manuver
ganda,ganda
keterlibatan,keterlibat
aktif,aktif
kekuatan,kuat
dibarengi,bareng
komitmen,komitmen
menjaga,menjaga
posisi,posisi
otonom,otonom
dunia,dunia
kian,kian
bergantung,bergantung
kemampuan,mampu
mengelola,mengelola
ketergantungan,ketergantung
bentuk,bentuk
kekuasaan,kuasa
negara,negara
vietnam,vietnam
meksiko,meksiko
turki,turk
posisi,posisi
geografis,geografis
ekonomi,ekonomi
rawan,rawan
diubah,ubah
keunggulan,unggul
strategis,strategis
dikelola,kelola
diplomasi,diplomasi
cerdas,cerdas
diversifikasi,diversifikasi
mitra,mitra
kejelasan,jelas
arah,arah
pembangunan,pembangun
domestik,domestik
negara,negara
berkembang,berkembang
merancang,rancang
hubungan,hubung
negerinya,negeri
portofolio,portofolio
dinamis,dinamis
relasi,relasi
arah,arah
situlah,situ
kedaulatan,daulat
terbentuk,terbentuk
penghindaran,penghindar
konflik,konflik
kalkulasi,kalkulasi
matang,matang
titik,titik
kesalahan,salah
terbesar,terbesar
mitra,mitra
absennya,absen
agenda,agenda
nasional,nasional
kuat,kuat
negara,negara
global,global
south,south
masuk,masuk
orbit,orbit
kekuatan,kuat
membawa,membawa
posisi,posisi
tawar,tawar
menawar,menawar
menadahkan,menadah
tangan,tangan
perencanaan,rencana
pembangunan,pembangun
berorientasi,berorientas
kemandirian,mandiri
investasi,investasi
riset,riset
penguasaan,penguasa
teknologi,teknologi
kerja,kerja
internasional,internasional
melanjutkan,lanjut
siklus,siklus
ketergantungan,ketergantung
keberpihakan,keberpiha
china,china
berangkat,berangkat
fondasi,fondasi
domestik,domestik
kokoh,kokoh
mencari,mencar
pelindung,lindung
membangun,membangun
keseimbangan,keseimbang
global,global
south,south
penerima,penerima
pembangunan,pembangun
perumus,rumus
narasi,narasi
global,global
isu,isu
transisi,transisi
energi,energi
keamanan,aman
data,data
tatanan,tatanan
keuangan,uang
internasional,internasional
negara,negara
berkembang,berkembang
memiliki,milik
pengalaman,pengalam
kepentingan,penting
berbeda,berbeda
negara,negara
negara,negara
global,global
north,north
transisi,transisi
hijau,hijau
dipaksakan,paksa
dukungan,dukung
finansial,finansial
bentuk,bentuk
kolonialisme,kolonialisme
karbon,karbon
arsitektur,arsitektur
digital,digital
global,global
dikendalikan,kendali
oligopoli,oligopoli
korporat,korporat
barat,barat
timur,timur
melanggengkan,langgeng
ketimpangan,timpang
mengatur,mengatur
ulang,ulang
aliansi,aliansi
mendefinisikan,mendefinisi
ulang,ulang
makna,makna
kemajuan,maju
keadilan,adil
global,global
pernyataan,pernyata
netralitas,netralitas
memadai,mada
berbahaya,berbahaya
dunia,dunia
memilih,memilih
diam,diam
bersuara,bersuara
digantikan,ganti
suara,suara
keras,keras
menegosiasikan,negosiasi
kepentingan,penting
dinegosiasikan,negosiasi
1955,1955
netralitas,netralitas
pilihan,pilih
aktif,aktif
2025,2025
netralitas,netralitas
bentuk,bentuk
keterlibatan,keterlibat
pasif,pasif
sistem,sistem
berpihak,berpihak
kepentingan,penting
segelintir,gelintir
kekuatan,kuat
pilihan,pilih
timur,timur
barat,barat
menyerah,menyerah
sistem,sistem
membentuk,membentuk
mencari,mencar
penjaga,penjaga
mencari,mencar
ruang,ruang
penentu,penentu
china,china
mitra,mitra
strategis,strategis
berguna,berguna
kepentingan,penting
memaksakan,memaksa
bentuk,bentuk
tunggal,tunggal
kekuasaan,kuasa
isi,isi
kesempatan,sempat
berguna,berguna
mengambilnya,mengambil
global,global
south,south
meja,meja
global,global
penerima,penerima
kemurahan,murah
membawa,membawa
agenda,agenda
tawaran,tawar
dunia,dunia
ditentukan,tentu
kuat,kuat
berani,berani
membentuk,membentuk
ulang,ulang
kekuasaan,kuasa
esok,esok
proyek,proyek
netralitas,netralitas
global,global
south,south
penentu,penentu
berhenti,berhent
latar,latar
narasi,narasi
kekuatan,kuat
menulis,menulis
cerita,cerita
bahasa,bahasa
keberanian,berani
mengambil,mengambil
posisi,posisi
virdika,virdika
rizky,rizky
utama,utama
direktur,direktur
eksekutif,eksekutif
syndicate,syndicate
dosen,dosen
hubungan,hubung
internasional,internasional
president,president
university,university
presiden,presiden
ri,r
prabowo,prabowo
subianto,subianto
pekan,pekan
april,april
2025,2025
kejutan,kejut
pernyataan,pernyata
kesediaan,sedia
indonesia,indonesia
menerima,menerima
evakuasi,evakuasi
1,1
000,000
warga,warga
gaza,gaza
mengalami,mengalam
luka,luka
luka,luka
yatim,yatim
piatu,piatu
gelombang,gelombang
presiden,presiden
prabowo,prabowo
mengadakan,mengada
lawatan,lawat
mengunjungi,mengunjung
negara,negara
timur,timur
9,9
15,15
april,april
2025,2025
keperluan,perlu
konsultasi,konsultasi
upaya,upaya
dukungan,dukung
kesediaannya,sedia
menerima,menerima
evakuasi,evakuasi
1,1
000,000
warga,warga
gaza,gaza
negara,negara
dikunjungi,kunjung
presiden,presiden
prabowo,prabowo
dikenal,kenal
memegang,memegang
peran,peran
kunci,kunci
isu,isu
palestina,palestina
mesir,sir
jordania,jordania
turki,turk
qatar,qatar
uni,uni
emirat,emirat
arab,arab
uea,uea
lawatan,lawat
presiden,presiden
prabowo,prabowo
timur,timur
khusus,khusus
misi,misi
isu,isu
palestina,palestina
kali,kali
presiden,presiden
ri,r
era,era
presiden,presiden
soekarno,soekarno
diapresiasi,diapresias
presiden,presiden
prabowo,prabowo
terkait,terkait
isu,isu
palestina,palestina
presiden,presiden
ri,r
ditafsirkan,tafsir
lawatan,lawat
presiden,presiden
prabowo,prabowo
upaya,upaya
indonesia,indonesia
kepemimpinan,kepemimpin
prabowo,prabowo
terlibat,terlibat
kuat,kuat
langsung,langsung
isu,isu
palestina,palestina
hati,hati
hati,hati
niat,niat
tulus,tulus
presiden,presiden
prabowo,prabowo
membantu,membantu
rakyat,rakyat
palestina,palestina
bersedia,bersedia
menerima,menerima
evakuasi,evakuasi
warga,warga
palestina,palestina
indonesia,indonesia
misi,misi
tulus,tulus
disertai,serta
sikap,sikap
penuh,penuh
hati,hati
hati,hati
pasalnya,pasal
presiden,presiden
prabowo,prabowo
kesediaan,sedia
menerima,menerima
evakuasi,evakuasi
warga,warga
gaza,gaza
indonesia,indonesia
israel,israel
as,as
gencar,gencar
gencarnya,gencar
mengampanyekan,mengampanye
agenda,agenda
relokasi,relokasi
warga,warga
gaza,gaza
2,2
3,3
juta,juta
jiwa,jiwa
negara,negara
menerimanya,menerima
presiden,presiden
as,as
donald,donald
trump,trump
kalinya,kali
mengejutkan,mengejut
inisiatifnya,inisiatif
merelokasi,merelokas
warga,warga
gaza,gaza
25,25
januari,januari
2025,2025
dilantik,lantik
presiden,presiden
as,as
trump,trump
kesempatan,sempat
tekadnya,tekad
relokasi,relokasi
warga,warga
gaza,gaza
dalih,dalih
wilayah,wilayah
jalur,jalur
gaza,gaza
hancur,hancur
lebur,lebur
akibat,akibat
perang,perang
layak,layak
huni,huni
trump,trump
menjadikan,menjadi
wilayah,wilayah
jalur,jalur
gaza,gaza
pusat,pusat
tujuan,tuju
pariwisata,pariwisata
riviera,riviera
timur,timur
mengikuti,mengikut
jejak,jejak
kota,kota
dubai,duba
gemerlap,gemerlap
israel,israel
bergembira,bergembira
menyambut,menyambut
penuh,penuh
semangat,semangat
inisiatif,inisiatif
relokasi,relokasi
warga,warga
gaza,gaza
presiden,presiden
trump,trump
israel,israel
impian,impi
dinanti,dinant
nantikan,nanti
sesuai,sesuai
ideologi,ideologi
kolonial,kolonial
zionis,zionis
memimpikan,mimpi
kaum,kaum
zionis,zionis
yahudi,yahudi
berjaya,berjaya
wilayah,wilayah
luas,luas
membentang,membentang
sungai,sungai
nil,nil
sungai,sungai
eufrat,eufrat
kementerian,menteri
pertahanan,pertahan
israel,israel
membentuk,membentuk
direktorat,direktorat
relokasi,relokasi
warga,warga
gaza,gaza
upaya,upaya
menyukseskan,menyukses
agenda,agenda
relokasi,relokasi
warga,warga
gaza,gaza
israel,israel
merancang,rancang
membangun,membangun
bandara,bandara
udara,udara
jalur,jalur
gaza,gaza
salah,salah
titik,titik
tolak,tolak
proses,proses
relokasi,relokasi
warga,warga
gaza,gaza
negara,negara
menerimanya,menerima
as,as
israel,israel
komunikasi,komunikasi
negara,negara
tujuan,tuju
relokasi,relokasi
warga,warga
gaza,gaza
mesir,sir
jordania,jordania
maroko,maroko
sudan,sud
somalia,somalia
nama,nama
indonesia,indonesia
trump,trump
tujuan,tuju
relokasi,relokasi
warga,warga
gaza,gaza
mesir,sir
jordania,jordania
dicanangkan,canang
as,as
israel,israel
tujuan,tuju
prioritas,prioritas
relokasi,relokasi
warga,warga
jalur,jalur
gaza,gaza
kedekatan,dekat
geografis,geografis
jalur,jalur
gaza,gaza
utusan,utus
khusus,khusus
presiden,presiden
trump,trump
timur,timur
steve,steve
witkoff,witkoff
lobi,lobi
pemerintah,pemerin
mesir,sir
jordania,jordania
menerima,menerima
relokasi,relokasi
warga,warga
gaza,gaza
negara,negara
arab,arab
witkoff,witkoff
mengimi,mengim
imingi,iming
mesir,sir
jordania,jordania
bantuan,bantu
ekonomi,ekonomi
penghapusan,penghapus
utang,utang
negeri,negeri
mesir,sir
jordania,jordania
bersedia,bersedia
menerima,menerima
relokasi,relokasi
warga,warga
gaza,gaza
witkoff,witkoff
ditengarai,tengara
perundingan,runding
rahasia,rahasia
maroko,maroko
sudan,sud
somalia,somalia
menerima,menerima
relokasi,relokasi
warga,warga
gaza,gaza
negara,negara
negara,negara
mesir,sir
jordania,jordania
menolak,menolak
keras,keras
ide,ide
relokasi,relokasi
warga,warga
gaza,gaza
negara,negara
arab,arab
negara,negara
ktt,ktt
liga,liga
arab,arab
digelar,gelar
kairo,kairo
mesir,sir
4,4
maret,maret
2025,2025
salah,salah
rekomendasinya,rekomendasi
menolak,menolak
relokasi,relokasi
warga,warga
gaza,gaza
negara,negara
penolakan,penola
relokasi,relokasi
warga,warga
gaza,gaza
keputusan,putus
bangsa,bangsa
arab,arab
mesir,sir
jordania,jordania
ktt,ktt
liga,liga
arab,arab
posisi,posisi
politik,politik
mesir,sir
jordania,jordania
kuat,kuat
menolak,menolak
relokasi,relokasi
warga,warga
gaza,gaza
keputusan,putus
liga,liga
arab,arab
menolak,menolak
relokasi,relokasi
warga,warga
gaza,gaza
as,as
israel,israel
menolak,menolak
keputusan,putus
ktt,ktt
liga,liga
arab,arab
menolak,menolak
relokasi,relokasi
warga,warga
gaza,gaza
as,as
israel,israel
ngotot,ngotot
relokasi,relokasi
warga,warga
gaza,gaza
cepat,cepat
lambat,lambat
paksa,paksa
sukarela,sukarela
isu,isu
relokasi,relokasi
warga,warga
gaza,gaza
bola,bola
panas,panas
menggelinding,menggelinding
adu,adu
agenda,agenda
pertarungan,pertarung
sengit,sengit
agenda,agenda
panggung,panggung
politik,politik
timur,timur
agenda,agenda
relokasi,relokasi
warga,warga
gaza,gaza
diusung,usung
as,as
israel,israel
agenda,agenda
penolakan,penola
relokasi,relokasi
warga,warga
gaza,gaza
diadopsi,diadops
liga,liga
arab,arab
pemerintah,pemerin
indonesia,indonesia
tulus,tulus
bersedia,bersedia
menerima,menerima
evakuasi,evakuasi
warga,warga
gaza,gaza
indonesia,indonesia
waspada,waspada
pertarungan,pertarung
agenda,agenda
timur,timur
waspada,waspada
dicemaskan,cemas
program,program
evakuasi,evakuasi
diusung,usung
pemerintah,pemerin
indonesia,indonesia
terperangkap,terperangkap
program,program
relokasi,relokasi
as,as
israel,israel
menghalangi,menghalang
halangi,halang
warga,warga
gaza,gaza
jalur,jalur
gaza,gaza
tanah,tanah
air,air
jaminan,jamin
pemerintah,pemerin
indonesia,indonesia
mengevakuasi,mengevakuas
warga,warga
gaza,gaza
indonesia,indonesia
alasan,alas
pengobatan,pengobat
jalur,jalur
gaza,gaza
pemerintah,pemerin
indonesia,indonesia
jaminan,jamin
warga,warga
gaza,gaza
dievakuasi,dievakuas
indonesia,indonesia
tanah,tanah
air,air
keperluan,perlu
alasan,alas
evakuasi,evakuasi
selesai,selesai
proses,proses
jaminan,jamin
problema,problema
diplomatik,diplomatik
indonesia,indonesia
hubungan,hubung
diplomatik,diplomatik
israel,israel
indonesia,indonesia
jaminan,jamin
ketiga,tiga
palang,palang
merah,merah
internasional,internasional
icrc,icrc
komisi,komisi
pbb,pbb
urusan,urus
pengungsi,pengungs
unhcr,unhcr
negara,negara
mesir,sir
jordania,jordania
turki,turk
hubungan,hubung
diplomatik,diplomatik
israel,israel
as,as
seandainya,anda
indonesia,indonesia
jaminan,jamin
ketiga,tiga
jaminan,jamin
israel,israel
dipercaya,percaya
kepercayaan,percaya
internasional,internasional
israel,israel
rendah,rendah
kepercayaan,percaya
internasional,internasional
israel,israel
dinodai,noda
aksi,aksi
israel,israel
melanggar,langgar
kesepakatan,sepakat
gencatan,gencat
senjata,senjata
gaza,gaza
dicapai,capa
17,17
januari,januari
2025,2025
israel,israel
menolak,menolak
seruan,seru
masyarakat,masyarakat
internasional,internasional
menghentikan,menghenti
perang,perang
jalur,jalur
gaza,gaza
menolak,menolak
resolusi,resolusi
dk,dk
pbb,pbb
no,no
2728,2728
25,25
maret,maret
2024,2024
menyerukan,menyeru
gencatan,gencat
senjata,senjata
jalur,jalur
gaza,gaza
israel,israel
tampil,tampil
negara,negara
hukum,hukum
muka,muka
bumi,bumi
program,program
pemerintah,pemerin
indonesia,indonesia
mengevakuasi,mengevakuas
warga,warga
gaza,gaza
indonesia,indonesia
risiko,risiko
beralih,beralih
relokasi,relokasi
sesuai,sesuai
proyek,proyek
as,as
israel,israel
tradisi,tradisi
megibung,megibung
bali,bal
kembul,kembul
bujana,bujana
jawa,jawa
simbol,simbol
kebersamaan,kebersama
menggambarkan,menggambar
kehangatan,hangat
interaksi,interaksi
manusia,manusia
aktivitas,aktivitas
sederhana,sederhana
penuh,penuh
makna,makna
tradisi,tradisi
makan,makan
sekedar,sekedar
berbagi,berbag
makanan,makan
memperkuat,memperkuat
hubungan,hubung
individu,individu
menjaga,menjaga
harmoni,harmoni
masyarakat,masyarakat
era,era
modern,modern
tradisi,tradisi
terpinggirkan,terpinggir
terancaman,rancam
kepunahan,punah
sejarah,sejarah
megibung,megibung
diyakini,yakin
karangasem,karangasem
bali,bal
1614,1614
caka,caka
1692,1692
masehi,masehi
tradisi,tradisi
diperkenalkan,diperkenal
raja,raja
karangasem,karangasem
vii,vi
i,i
gusti,gusti
anglurah,anglurah
ketut,ketut
karangasem,karangasem
pemimpin,pemimpin
membawa,membawa
kejayaan,jaya
karangasem,karangasem
abad,abad
18,18
ekspedisinya,ekspedisi
menaklukkan,menakluk
kerajaan,raja
sasak,sasak
lombok,lombok
sang,sang
raja,raja
menciptakan,mencipta
tradisi,tradisi
memimpin,memimpin
prajuritnya,prajurit
cerita,cerita
masyarakat,masyarakat
megibung,megibung
raja,raja
aturan,atur
prajurit,prajurit
makan,makan
wadah,wadah
istirahat,istirahat
perang,perang
tradisi,tradisi
bertujuan,bertuju
mempererat,mempererat
solidaritas,solidaritas
prajurit,prajurit
menanamkan,menanam
kesetaraan,kesetara
membedakan,membeda
status,status
megibung,megibung
terpisahkan,terpisah
budaya,budaya
karangasem,karangasem
upacara,upacara
adat,adat
acara,acara
keluarga,keluarga
megibung,megibung
berasal,berasal
gibung,gibung
berbagi,berbag
tradisi,tradisi
orang,orang
duduk,duduk
melingkar,lingkar
mengelilingi,mengeliling
nasi,nasi
lauk,lauk
pauk,pauk
diletakkan,letak
nampan,nampan
mengambil,mengambil
makanan,makan
bergantian,berganti
tangan,tangan
mencerminkan,mencermin
kesederhanaan,sederhana
kebersamaan,kebersama
aturan,atur
utama,utama
megibung,megibung
mengambil,mengambil
makanan,makan
orang,orang
adil,adil
menghormati,menghormat
serakah,serakah
nilai,nilai
melekat,lekat
erat,erat
tradisi,tradisi
jawa,jawa
tradisi,tradisi
makan,makan
dikenal,kenal
istilah,istilah
kembul,kembul
bujana,bujana
nama,nama
berasal,berasal
kembul,kembul
berkumpul,berkumpul
bujana,bujana
hidangan,hidang
tradisi,tradisi
acara,acara
kenduri,kenduri
selamatan,selamat
perayaan,raya
adat,adat
praktiknya,praktik
makanan,makan
disajikan,saji
daun,daun
pisang,pisang
membentang,membentang
wadah,wadah
hidangan,hidang
meliputi,liput
nasi,nasi
lauk,lauk
pauk,pauk
sayur,sayur
sambal,sambal
khas,khas
daerah,daerah
mencerminkan,mencermin
keberkahan,berkah
hasil,hasil
bumi,bumi
kembul,kembul
bujana,bujana
menikmati,nikmat
makanan,makan
berbagi,berbag
doa,doa
harapan,harap
tradisi,tradisi
memiliki,milik
dimensi,dimensi
spiritual,spiritual
mendalam,mendalam
sejarah,sejarah
kembul,kembul
bujana,bujana
dipercaya,percaya
berasal,berasal
kehidupan,hidup
masyarakat,masyarakat
jawa,jawa
menghargai,mengharga
syukur,syukur
kebersamaan,kebersama
lingkaran,lingkar
makan,makan
orang,orang
dianggap,anggap
setara,tara
memandang,memandang
usia,usia
jabatan,jabat
status,status
sosial,sosial
nilai,nilai
kesederhanaan,sederhana
syukur,syukur
rezeki,rezeki
tuhan,tuhan
inti,inti
utama,utama
tradisi,tradisi
makan,makan
megibung,megibung
kembul,kembul
bujana,bujana
cerminan,cermin
kehidupan,hidup
masyarakat,masyarakat
tradisional,tradisional
mengutamakan,mengutama
kebersamaan,kebersama
kesederhanaan,sederhana
solidaritas,solidaritas
lingkaran,lingkar
makan,makan
perbedaan,perbeda
individu,individu
orang,orang
berbagi,berbag
hidangan,hidang
bercengkerama,bercengkerama
mempererat,mempererat
hubungan,hubung
kekeluargaan,keluarga
komunitas,komunitas
tradisi,tradisi
makan,makan
mengajarkan,mengajar
nilai,nilai
nilai,nilai
menghormati,menghormat
keadilan,adil
berbagi,berbag
kebersyukuran,kebersyukur
nikmat,nikmat
diperoleh,diperoleh
megibung,megibung
aturan,atur
mengambil,mengambil
makanan,makan
menanamkan,menanam
tanggung,tanggung
kembul,kembul
bujana,bujana
mengajarkan,mengajar
kebahagiaan,bahagia
sejati,sejati
kebersamaan,kebersama
kesederhanaan,sederhana
perkembangan,perkembang
zaman,zaman
tradisi,tradisi
megibung,megibung
kembul,kembul
bujana,bujana
menghadapi,menghadap
tantangan,tantang
perubahan,rubah
gaya,gaya
hidup,hidup
modern,modern
cenderung,cenderung
individualis,individualis
salah,salah
penyebab,penyebab
utama,utama
tergerusnya,tergerus
tradisi,tradisi
masyarakat,masyarakat
generasi,generasi
muda,muda
makan,makan
terpisah,terpisah
porsi,porsi
nilai,nilai
kebersamaan,kebersama
diusung,usung
tradisi,tradisi
perlahan,perlahan
memudar,memudar
kekhawatiran,khawatir
aspek,aspek
kebersihan,bersih
higienis,higienis
praktik,praktik
makan,makan
kerap,kerap
alasan,alas
tradisi,tradisi
ditinggalkan,tinggal
nilai,nilai
nilai,nilai
terkandung,terkandung
megibung,megibung
kembul,kembul
bujana,bujana
berharga,berharga
perdebatan,perdebat
metode,metode
penyajiannya,penyaji
wuryan,wury
wuryanati,wuryanat
pemerhati,pemerhat
budaya,budaya
indonesia,indonesia
hilangnya,hilang
tradisi,tradisi
megibung,megibung
kembul,kembul
bujana,bujana
kehilangan,hilang
warisan,waris
budaya,budaya
filosofi,filosofi
mendalam,mendalam
hidup,hidup
kebersamaan,kebersama
harmoni,harmoni
melestarikan,lestari
tradisi,tradisi
megibung,megibung
kembul,kembul
bujana,bujana
langkah,langkah
menjaga,menjaga
identitas,identitas
budaya,budaya
indonesia,indonesia
tradisi,tradisi
simbol,simbol
kekayaan,kaya
budaya,budaya
alat,alat
memperkuat,memperkuat
hubungan,hubung
sosial,sosial
komunitas,komunitas
megibung,megibung
kembul,kembul
bujana,bujana
tradisi,tradisi
makan,makan
simbol,simbol
mendalam,mendalam
makanan,makan
menyatukan,menyatu
orang,orang
orang,orang
menciptakan,mencipta
hubungan,hubung
kuat,kuat
melahirkan,lahir
syukur,syukur
keberkahan,berkah
hidup,hidup
tergerus,tergerus
tradisi,tradisi
ditemukan,temu
komunitas,komunitas
delanggu,delanggu
jawa,jawa
anak,anak
anak,anak
muda,muda
terkadang,terkadang
melakukannya,laku
kegiatan,giat
syukuran,syukur
tantangan,tantang
modernisasi,modernisasi
aktivitas,aktivitas
sederhana,sederhana
apresiasi,apresiasi
nilai,nilai
nilai,nilai
kebersamaan,kebersama
pudar,pudar
mari,mari
lingkaran,lingkar
menghidupkan,menghidup
semangat,semangat
megibung,megibung
kembul,kembul
bujana,bujana
kehidupan,hidup
sehari,sehar
tradisi,tradisi
mengajarkan,mengajar
kebahagiaan,bahagia
sejati,sejati
terletak,terletak
kebersamaan,kebersama
syukur,syukur
orang,orang
webinar,webinar
hut,hut
abkin,abkin
49,49
ii,i
pd,pd
abkin,abkin
jawa,jawa
ii,i
08,08
februari,februari
2025,2025
membahas,membahas
peran,peran
strategis,strategis
bimbingan,bimbing
konseling,konseling
penguatan,penguat
karakter,karakter
siswa,siswa
prof,prof
dr,dr
nunuk,nunuk
suryani,suryani
m,m
pd,pd
menarik,menarik
dibahas,bahas
materi,materi
beliau,beliau
mengerti,mengert
tantangan,tantang
dihadapi,hadap
guru,guru
bimbingan,bimbing
konseling,konseling
strategi,strategi
menghadapi,menghadap
sistem,sistem
pendidikan,pendidi
indonesia,indonesia
bk,bk
memiliki,milik
peran,peran
pendidikan,pendidi
karakter,karakter
peserta,serta
didik,didik
layanan,layan
bk,bk
menjadikan,menjadi
karakter,karakter
siswa,siswa
mengadakan,mengada
kegiatan,giat
berguna,berguna
peserta,serta
didik,didik
mengadakan,mengada
ekstrakurikuler,ekstrakurikuler
kegiatan,giat
konseling,konseling
bimbingan,bimbing
memahami,memaham
nilai,nilai
moral,moral
pendidikan,pendidi
karakter,karakter
salah,salah
fokus,fokus
utama,utama
sistem,sistem
pendidikan,pendidi
indonesia,indonesia
seiring,iring
upaya,upaya
pemerintah,pemerin
menciptakan,mencipta
generasi,generasi
cerdas,cerdas
akademis,akademis
memiliki,milik
integritas,integritas
etika,etika
nilai,nilai
nilai,nilai
moral,moral
kuat,kuat
era,era
globalisasi,globalisasi
penuh,penuh
tantangan,tantang
perubahan,rubah
siswa,siswa
memiliki,milik
landasan,landas
karakter,karakter
kokoh,kokoh
menghadapi,menghadap
situasi,situasi
permasalahan,permasalah
kompleks,kompleks
pendidikan,pendidi
karakter,karakter
berfokus,berfokus
penguasaan,penguasa
pengetahuan,pengetahu
pembentukan,pembentu
sikap,sikap
perilaku,perilaku
positif,positif
bimbingan,bimbing
konseling,konseling
memiliki,milik
peran,peran
layanan,layan
bimbingan,bimbing
konseling,konseling
membantu,membantu
siswa,siswa
mengatasi,mengatas
akademis,akademis
berfungsi,berfungs
sarana,sarana
mengembangkan,mengembang
karakter,karakter
proses,proses
bimbingan,bimbing
siswa,siswa
dibimbing,bimbing
memahami,memaham
nilai,nilai
nilai,nilai
moral,moral
sosial,sosial
spiritual,spiritual
membentuk,membentuk
kepribadian,pribadi
konselor,konselor
berperan,berper
pendamping,pendamping
membantu,membantu
siswa,siswa
mengenali,mengenal
potensi,potensi
mengatasi,mengatas
tantangan,tantang
mengembangkan,mengembang
keterampilan,terampil
sosial,sosial
berinteraksi,berinteraks
lingkungan,lingkung
webinar,webinar
prof,prof
dr,dr
nunuk,nunuk
suryani,suryani
m,m
pd,pd
guru,guru
bk,bk
tercapai,tercapa
pendidikan,pendidi
karakter,karakter
tantangan,tantang
dihadapi,hadap
guru,guru
pemerintah,pemerin
pendidikan,pendidi
indonesia,indonesia
menghadapi,menghadap
tantangan,tantang
kompleks,kompleks
beragam,ragam
kualitas,kualitas
pendidikan,pendidi
indonesia,indonesia
membanggakan,membangga
skor,skor
2022,2022
angka,angka
368,368
99,99
tertinggal,tertinggal
477,477
63,63
salah,salah
tantangan,tantang
utama,utama
rendahnya,rendah
kualitas,kualitas
pendidikan,pendidi
dirasakan,rasa
daerah,daerah
wilayah,wilayah
terpencil,terpencil
berdampak,berdampak
ketidakmerataan,ketidakmerata
akses,akses
kesempatan,sempat
belajar,belajar
siswa,siswa
disisi,sis
kualitas,kualitas
distribusi,distribusi
guru,guru
terbatas,terbatas
juni,juni
2024,2024
50,50
guru,guru
bersertifikat,bersertifikat
pendidikan,pendidi
kekurangan,kurang
679,679
guru,guru
2024,2024
kesehatan,sehat
mental,mental
kalangan,kalang
siswa,siswa
perhatian,perhati
data,data
siswa,siswa
mengalami,mengalam
psikologis,psikologis
kecemasan,cemas
depresi,depresi
mempengaruhi,mempengaruh
perkembangan,perkembang
akademis,akademis
sosial,sosial
fenomena,fenomena
bullying,bullying
sekolah,sekolah
isu,isu
serius,serius
ditangani,tangan
merusak,rusak
kepercayaan,percaya
kesehatan,sehat
mental,mental
siswa,siswa
memperkuat,memperkuat
peran,peran
guru,guru
bimbingan,bimbing
konseling,konseling
menangani,menangan
isu,isu
isu,isu
menciptakan,mencipta
lingkungan,lingkung
belajar,belajar
aman,aman
mendukung,mendukung
kebijakan,kebija
pemerintah,pemerin
menanggapi,menanggap
tantangan,tantang
kementerian,menteri
pendidikan,pendidi
dasar,dasar
menengah,menengah
kemendikdasmen,kemendikdasmen
mengeluarkan,mengeluar
kebijakan,kebija
memperkuat,memperkuat
pendidikan,pendidi
karakter,karakter
indonesia,indonesia
salah,salah
langkah,langkah
strategis,strategis
penguatan,penguat
peran,peran
guru,guru
bimbingan,bimbing
konseling,konseling
mentor,mentor
pendamping,pendamping
siswa,siswa
kebijakan,kebija
guru,guru
bimbingan,bimbing
konseling,konseling
berfungsi,berfungs
pengawas,pengawas
pembimbing,pembimbing
aktif,aktif
membantu,membantu
siswa,siswa
mengatasi,mengatas
hadapi,hadap
lingkungan,lingkung
sekolah,sekolah
diharapkan,harap
berkontribusi,berkontribus
signifikan,signifikan
pengembangan,pengembang
karakter,karakter
kesejahteraan,sejahtera
siswa,siswa
peran,peran
guru,guru
bimbingan,bimbing
konseling,konseling
guru,guru
bk,bk
berperan,berper
membentuk,membentuk
sdm,sdm
mandiri,mandiri
berkarakter,berkarakter
guru,guru
bk,bk
konseling,konseling
berfokus,berfokus
nilai,nilai
nilai,nilai
disiplin,disiplin
tanggung,tanggung
kerja,kerja
keras,keras
etika,etika
guru,guru
bk,bk
mengembangkan,mengembang
keterampilan,terampil
komunikasi,komunikasi
manajemen,manajemen
konflik,konflik
kerja,kerja
tim,tim
guru,guru
bk,bk
mendukung,mendukung
kesehatan,sehat
mental,mental
kesehatan,sehat
psikologis,psikologis
siswa,siswa
mendeteksi,mendeteks
permasalahan,permasalah
psikologis,psikologis
pendampingan,pendamping
layanan,layan
bk,bk
peserta,serta
didik,didik
tenang,tenang
nyaman,nyaman
belajar,belajar
percaya,percaya
menghadapi,menghadap
tantangan,tantang
sosial,sosial
akademik,akademik
guru,guru
bk,bk
mengarahkan,mengarah
minat,minat
bakat,bakat
guru,guru
bk,bk
diharapkan,harap
menciptakan,mencipta
sekolah,sekolah
nyaman,nyaman
aman,aman
guru,guru
bk,bk
harapkan,harap
mengurangi,mengurang
perilaku,perilaku
bullying,bullying
lingkungan,lingkung
sekolah,sekolah
perilaku,perilaku
bullying,bullying
anak,anak
laki,laki
laki,laki
anak,anak
perempuan,perempuan
pembully,pembully
guru,guru
bk,bk
diharapkan,harap
mengadakan,mengada
konseling,konseling
bimbingan,bimbing
kelompok,kelompok
anak,anak
anak,anak
perundungan,rundung
siswa,siswa
data,data
kpai,kpa
penurunan,penurun
tingkat,tingkat
kekerasan,keras
siswa,siswa
disebabkan,sebab
preventif,preventif
penurunan,penurun
laporan,lapor
data,data
simfoni,simfoni
ppa,ppa
menunjukan,menunju
tren,tren
meningkat,meningkat
disebabkan,sebab
laporan,lapor
meningkat,meningkat
tim,tim
pencegahan,pencegah
penanganan,penangan
kekerasan,keras
ekosistem,ekosistem
satuan,satu
pendidikan,pendidi
satuan,satu
tugas,tugas
4,4
februari,februari
2025,2025
93,93
99,99
406,406
617,617
satuan,satu
pendidikan,pendidi
indonesia,indonesia
membentuk,membentuk
tppk,tppk
kolaborasi,kolaborasi
orang,orang
tua,tua
masyarakat,masyarakat
melibatkan,libat
orang,orang
tua,tua
komunitas,komunitas
guru,guru
bimbingan,bimbing
konseling,konseling
menciptakan,mencipta
lingkungan,lingkung
mendukung,mendukung
perkembangan,perkembang
karakter,karakter
siswa,siswa
aman,aman
dihargai,harga
tanggal,tanggal
dipilih,pilih
penghormatan,penghormat
sastrawan,sastraw
william,william
shakespeare,shakespeare
miguel,miguel
de,de
cervantes,cervantes
wafat,wafat
berbeda,berbeda
usulnya,usul
tradisi,tradisi
toko,toko
buku,buku
catalonia,catalonia
spanyol,spanyol
1923,1923
menghormati,menghormat
karya,karya
cervantes,cervantes
diadopsi,diadops
global,global
buku,buku
hak,hak
cipta,cipta
sedunia,dunia
mendorong,mendorong
budaya,budaya
membaca,membaca
penerbitan,penerbit
perlindungan,perlindung
hak,hak
cipta,cipta
momen,momen
reflektif,reflektif
menakar,menakar
ulang,ulang
manusia,manusia
modern,modern
menjadikan,menjadi
buku,buku
cermin,cermin
zaman,zaman
jendela,jendela
dunia,dunia
lanskap,lanskap
digital,digital
hiruk,hiruk
pikuk,pikuk
muncul,muncul
paradoks,paradoks
pengetahuan,pengetahu
diakses,akses
genggaman,genggam
masyarakat,masyarakat
dunia,dunia
melabuhkan,labuh
keheningan,hening
buku,buku
fisik,fisik
kebangkitan,bangkit
buku,buku
fisik,fisik
era,era
digital,digital
amerika,amerika
serikat,serikat
inggris,inggris
jerman,jerm
jepang,jepang
penjualan,penjual
buku,buku
cetak,cetak
meningkat,meningkat
survei,survei
pew,pew
research,research
center,center
2022,2022
65,65
pembaca,pembaca
muda,muda
gen,gen
z,z
memilih,memilih
buku,buku
fisik,fisik
alasan,alas
sensorik,sensorik
bau,bau
kertas,kertas
tekstur,tekstur
halaman,halaman
ketiadaan,tiada
kelelahan,lelah
mata,mata
fenomena,fenomena
teori,teori
embodied,embodied
cognition,cognition
lakoff,lakoff
johnson,johnson
1999,1999
pengalaman,pengalam
fisik,fisik
memengaruhi,memengaruh
pemrosesan,pemroses
kognitif,kognitif
membaca,membaca
buku,buku
fisik,fisik
dianggap,anggap
menghadirkan,menghadir
makna,makna
dibandingkan,banding
layar,layar
digital,digital
cenderung,cenderung
dangkal,dangkal
shallow,shallow
reading,reading
derasnya,deras
arus,arus
digitalisasi,digitalisasi
swedia,swedia
mengadopsi,mengadops
kebijakan,kebija
buku,buku
fisik,fisik
15,15
buku,buku
digital,digital
pendidikan,pendidi
pemerintah,pemerin
swedia,swedia
menemukan,menemu
digitalisasi,digitalisasi
masif,masif
menurunkan,menurun
tingkat,tingkat
literasi,literas
pemahaman,pemaham
membaca,membaca
daya,daya
konsentrasi,konsentrasi
siswa,siswa
fenomena,fenomena
didukung,dukung
survei,survei
indonesia,indonesia
masyarakat,masyarakat
memilih,memilih
buku,buku
fisik,fisik
dibandingkan,banding
e,e
book,book
buku,buku
fisik,fisik
nilai,nilai
kenyamanan,nyaman
membaca,membaca
kepuasan,puas
psikologis,psikologis
aspek,aspek
koleksi,koleksi
dimiliki,milik
buku,buku
digital,digital
kecenderungan,cenderung
dianalisis,analisis
pendekatan,pendekat
teoritik,teoritik
hermeneutika,hermeneutika
psikologi,psikologi
kognitif,kognitif
membahas,membahas
interaksi,interaksi
fisik,fisik
objek,objek
bacaan,baca
meningkatkan,meningkat
pemahaman,pemaham
retensi,retensi
informasi,informasi
studi,studi
mizrachi,mizrach
salaz,salaz
2019,2019
membaca,membaca
buku,buku
cetak,cetak
efektif,efektif
pembelajaran,pembelajar
akademik,akademik
memudahkan,mudah
penandaan,penanda
konsentrasi,konsentrasi
e,e
book,book
cocok,cocok
bacaan,baca
ringan,ringan
medium,medium
membaca,membaca
aksesibilitas,aksesibilitas
kualitas,kualitas
pengalaman,pengalam
efektivitas,efektivitas
kognitif,kognitif
literasi,literas
indonesia,indonesia
terjebak,terjebak
pusaran,pusar
rendahnya,rendah
minat,minat
baca,baca
indonesia,indonesia
pasar,pasar
buku,buku
digital,digital
tumbuh,tumbuh
minat,minat
buku,buku
cetak,cetak
bertahan,bertah
kalangan,kalang
akademisi,akademisi
pecinta,cinta
sastra,sastra
studi,studi
perpustakaan,perpustaka
nasional,nasional
2023,2023
menemukan,menemu
72,72
mahasiswa,mahasiswa
mudah,mudah
berkonsentrasi,berkonsentras
membaca,membaca
buku,buku
fisik,fisik
ironisnya,ironis
tingkat,tingkat
literasi,literas
indonesia,indonesia
rendah,rendah
berdasarkan,berdasar
survei,survei
pisa,pisa
2022,2022
indonesia,indonesia
peringkat,peringkat
62,62
79,79
negara,negara
kemampuan,mampu
membaca,membaca
data,data
unesco,unesco
institute,institute
for,for
statistics,statistics
uis,uis
indonesia,indonesia
menempati,menempat
peringkat,peringkat
100,100
208,208
negara,negara
tingkat,tingkat
literasi,literas
95,95
44,44
kalah,kalah
negara,negara
negara,negara
tetangga,tetangga
asia,asia
tenggara,tenggara
filipina,filipina
brunei,brune
singapura,singapura
rendahnya,rendah
literasi,literas
disebabkan,sebab
faktor,faktor
utama,utama
kurangnya,kurang
minat,minat
membaca,membaca
keterbatasan,keterbatas
sarana,sarana
prasarana,prasarana
peran,peran
keluarga,keluarga
minim,minim
mendukung,mendukung
aktivitas,aktivitas
membaca,membaca
pengaruh,pengaruh
negatif,negatif
televisi,televisi
ponsel,ponsel
pintar,pintar
menarik,menarik
perhatian,perhati
anak,anak
anak,anak
remaja,remaja
dibandingkan,banding
buku,buku
penelitian,peneliti
rendahnya,rendah
literasi,literas
indonesia,indonesia
bersifat,bersifat
multidimensi,multidimensi
akses,akses
buku,buku
timpang,timpang
daerah,daerah
pedesaan,desa
kesulitan,sulit
memperoleh,memperoleh
bahan,bahan
bacaan,baca
berkualitas,berkualitas
kemdikbud,kemdikbud
2023,2023
budaya,budaya
lisan,lisan
dominan,dominan
tradisi,tradisi
baca,baca
mengakar,mengakar
nugroho,nugroho
2021,2021
teori,teori
social,social
practice,practice
approach,approach
street,street
1984,1984
literasi,literas
kemampuan,mampu
teknis,teknis
praktik,praktik
sosial,sosial
dipengaruhi,pengaruh
lingkungan,lingkung
indonesia,indonesia
minimnya,minim
perpustakaan,perpustaka
ramah,ramah
anak,anak
mahalnya,mahal
harga,harga
buku,buku
memperparah,memperparah
kondisi,kondisi
pendekatan,pendekat
teoritis,teoritis
kajian,kaji
literasi,literas
indonesia,indonesia
diangkat,angkat
jurnal,jurnal
jurnal,jurnal
ilmiah,ilmiah
nasional,nasional
menekankan,menekan
ekosistem,ekosistem
literasi,literas
meliputi,liput
keluarga,keluarga
sekolah,sekolah
masyarakat,masyarakat
teori,teori
ekologi,ekologi
bronfenbrenner,bronfenbrenner
diadaptasi,diadaptas
konteks,konteks
literasi,literas
menyoroti,menyorot
interaksi,interaksi
individu,individu
lingkungan,lingkung
mikro,mikro
keluarga,keluarga
sekolah,sekolah
menentukan,menentu
minat,minat
kemampuan,mampu
membaca,membaca
program,program
program,program
merdeka,merdeka
belajar,belajar
mengintegrasikan,mengintegrasi
teknologi,teknologi
digital,digital
pendidikan,pendidi
diimbangi,imbang
penguatan,penguat
budaya,budaya
literasi,literas
berbasis,berbasis
buku,buku
fisik,fisik
kehilangan,hilang
esensi,esensi
pembelajaran,pembelajar
mendalam,mendalam
kabar,kabar
kegemaran,gemar
membaca,membaca
indonesia,indonesia
tren,tren
positif,positif
indeks,indeks
pembangunan,pembangun
literasi,literas
masyarakat,masyarakat
iplm,iplm
tingkat,tingkat
gemar,gemar
membaca,membaca
tgm,tgm
mengalami,mengalam
peningkatan,peningkat
2024,2024
kategori,kategori
hasil,hasil
kerja,kerja
keras,keras
perpustakaan,perpustaka
nasional,nasional
pemerintah,pemerin
daerah,daerah
berupaya,berupaya
memperluas,memperluas
akses,akses
buku,buku
meningkatkan,meningkat
kualitas,kualitas
pendidikan,pendidi
literasi,literas
buku,buku
sedunia,dunia
seremoni,seremoni
pengingat,pengingat
buku,buku
fisik,fisik
digital,digital
jendela,jendela
dunia,dunia
lekang,lekang
derasnya,deras
arus,arus
digital,digital
buku,buku
fisik,fisik
kemunduran,mundur
renungan,renung
hakikat,hakikat
membaca,membaca
menyentuh,menyentuh
hati,hati
pikiran,pikir
utuh,utuh
indonesia,indonesia
tantangannya,tantang
membalik,membalik
halaman,halaman
sejarah,sejarah
literasi,literas
cerah,cerah
buku,buku
berperan,berper
jembatan,jembatan
pengetahuan,pengetahu
peradaban,peradab
perubahan,rubah
iklim,iklim
bencana,bencana
alam,alam
barangkali,barangkali
membuatmu,membuat
cemas,cemas
takut,takut
khawatir,khawatir
perasaan,rasa
muncul,muncul
wajar,wajar
menandakan,menanda
memiliki,milik
kepedulian,peduli
lingkungan,lingkung
level,level
stres,stres
pesimis,pesimis
depanmu,depan
bumi,bumi
tandanya,tanda
mengalami,mengalam
eco,eco
anxiety,anxiety
cemas,cemas
situasi,situasi
lingkungan,lingkung
menerus,menerus
berdampak,berdampak
buruk,buruk
kesehatan,sehat
studi,studi
gejala,gejala
eco,eco
anxiety,anxiety
berdaya,berdaya
frustasi,frustas
perasaan,rasa
putus,putus
asa,asa
keresahan,resah
memicu,memicu
serangan,serang
panik,panik
panic,panic
attack,attack
gangguan,ganggu
konsentrasi,konsentrasi
gangguan,ganggu
tidur,tidur
studi,studi
menyebut,menyebut
gen,gen
z,z
kelompok,kelompok
mengalami,mengalam
eco,eco
anxiety,anxiety
studi,studi
menyebut,menyebut
peningkatan,peningkat
kecemasan,cemas
anak,anak
muda,muda
terkait,terkait
krisis,krisis
iklim,iklim
memengaruhi,memengaruh
kesehatan,sehat
mental,mental
eco,eco
anxiety,anxiety
berlarut,berlarut
larut,larut
lakukan,laku
mengalihkan,mengalih
energimu,energi
pengembangan,pengembang
kontrol,kontrol
keterlibatan,keterlibat
sosial,sosial
aksi,aksi
lingkungan,lingkung
langkah,langkah
langkah,langkah
ambil,ambil
1,1
batasi,batas
paparan,papar
informasi,informasi
negatif,negatif
salah,salah
penyebab,penyebab
eco,eco
anxiety,anxiety
mengonsumsi,mengonsums
berita,berita
berisi,beris
kabar,kabar
buruk,buruk
pesimistis,pesimistis
mengimbangi,mengimbang
konten,konten
konten,konten
ikuti,ikut
media,media
sosial,sosial
mengikuti,mengikut
akun,akun
akun,akun
membahas,membahas
permasalahan,permasalah
lingkungan,lingkung
mengikuti,mengikut
akun,akun
akun,akun
berisi,beris
konten,konten
positif,positif
aksi,aksi
aksi,aksi
lingkungan,lingkung
cemas,cemas
muncul,muncul
mengendalikan,mengendali
situasi,situasi
buruk,buruk
mengikuti,mengikut
akun,akun
akun,akun
menawarkan,menawar
solusi,solusi
lingkungan,lingkung
optimisme,optimisme
muncul,muncul
bukti,bukti
diubah,ubah
aksi,aksi
nyata,nyata
2,2
bergabung,bergabung
komunitas,komunitas
cari,cari
komunitas,komunitas
organisasi,organisasi
fokus,fokus
pelestarian,lestari
lingkungan,lingkung
bergabung,bergabung
komunitas,komunitas
memiliki,milik
tujuan,tuju
concern,concern
dukungan,dukung
emosional,emosional
memperkuat,memperkuat
keterhubungan,keterhubung
3,3
terlibat,terlibat
aksi,aksi
lingkungan,lingkung
langkah,langkah
lakukan,laku
berpartisipasi,berpartisipas
aksi,aksi
lingkungan,lingkung
skala,skala
studi,studi
membuktikan,membukti
partisipasi,partisipasi
membangun,membangun
keyakinan,yakin
kelompok,kelompok
mengatasi,mengatas
krisis,krisis
lingkungan,lingkung
self,self
and,and
community,community
efficacy,efficacy
level,level
sederhana,sederhana
clicktivism,clicktivism
mendukung,mendukung
aksi,aksi
lingkungan,lingkung
daring,daring
aktif,aktif
mengunggah,mengunggah
konten,konten
konten,konten
pro,pro
lingkungan,lingkung
level,level
luas,luas
aktif,aktif
aksi,aksi
eco,eco
volunteering,volunteering
edukasi,edukasi
masyarakat,masyarakat
terdampak,terdampak
bencana,bencana
bergabung,bergabung
aktivis,aktivis
konservasi,konservasi
indonesia,indonesia
masyarakat,masyarakat
generasi,generasi
muda,muda
memiliki,milik
perhatian,perhati
isu,isu
lingkungan,lingkung
menyuarakannya,menyuara
temukan,temu
studi,studi
tim,tim
bendungan,bendung
katulampa,katulampa
kota,kota
bogor,bogor
bendungan,bendung
salah,salah
hulu,hulu
sungai,sungai
ciliwung,ciliwung
kerap,kerap
dituding,tuding
pengirim,pengirim
banjir,banjir
jakarta,jakarta
menemui,menemu
kelompok,kelompok
muda,muda
usulan,usul
terlibat,terlibat
mengatasi,mengatas
air,air
mengurangi,mengurang
risiko,risiko
banjir,banjir
menyampaikannya,menyampai
menjembatani,menjembatan
komunikasi,komunikasi
pemerintah,pemerin
forum,forum
salah,salah
satunya,satu
wali,wali
kota,kota
bogor,bogor
bima,bima
arya,arya
hasil,hasil
diskusi,diskusi
tercetus,tercetus
rekomendasi,rekomendasi
pemberdayaan,pemberdaya
masyarakat,masyarakat
pelatihan,latih
pengelolaan,pengelola
air,air
teknik,teknik
mencegah,mencegah
pencemaran,pencemar
menjaga,menjaga
kelestarian,lestari
sumber,sumber
air,air
mendorong,mendorong
penerapan,penerap
sistem,sistem
pemanen,pemanen
air,air
hujan,hujan
masyarakat,masyarakat
belajar,belajar
konservasi,konservasi
air,air
saluran,salur
resmi,resmi
anak,anak
muda,muda
terlibat,terlibat
kebijakan,kebija
aksi,aksi
lingkungan,lingkung
minim,minim
forum,forum
formal,formal
inklusif,inklusif
sesuai,sesuai
gaya,gaya
komunikasi,komunikasi
akibatnya,akibat
muncul,muncul
frustrasi,frustrasi
dipercaya,percaya
apatis,apatis
suara,suara
didengar,dengar
berdampak,berdampak
peran,peran
kampus,kampus
medsos,medsos
salah,salah
kelompok,kelompok
resah,resah
krisis,krisis
iklim,iklim
anak,anak
muda,muda
kebanyakan,kebanya
kampus,kampus
media,media
sosial,sosial
medsos,medsos
medium,medium
strategis,strategis
memengaruhi,memengaruh
pola,pola
pikir,pikir
perilaku,perilaku
anak,anak
muda,muda
kampus,kampus
mengintegrasikan,mengintegrasi
program,program
isu,isu
lingkungan,lingkung
mata,mata
kuliah,kuliah
studi,studi
proyek,proyek
kolaborasi,kolaborasi
mitra,mitra
edukasi,edukasi
kampanye,kampanye
peduli,peduli
lingkungan,lingkung
pendekatan,pendekat
lakukan,laku
mengajar,mengajar
universitas,universitas
gadjah,gadjah
mada,mada
ugm,ugm
menyelaraskan,menyelaras
praktikum,praktikum
teknik,teknik
lingkungan,lingkung
identifikasi,identifikasi
sumber,sumber
pencemaran,pencemar
analisis,analisis
perencanaan,rencana
saluran,salur
sungai,sungai
program,program
kegiatan,giat
mahasiswa,mahasiswa
aksi,aksi
bersih,bersih
sungai,sungai
mahasiswa,mahasiswa
belajar,belajar
berkontribusi,berkontribus
nyata,nyata
lingkungan,lingkung
kampus,kampus
berkolaborasi,berkolaboras
mitra,mitra
mengampanyekan,mengampanye
program,program
program,program
pro,pro
lingkungan,lingkung
pengurangan,pengurang
penggunaan,pengguna
plastik,plastik
pakai,pakai
kantin,kantin
kampus,kampus
fakultas,fakultas
ilmu,ilmu
sosial,sosial
ilmu,ilmu
politik,politik
universitas,universitas
indonesia,indonesia
fisip,fisip
ui,u
media,media
sosial,sosial
mendorong,mendorong
perubahan,rubah
menyajikan,menyaji
narasi,narasi
storytelling,storytelling
mendorong,mendorong
perubahan,rubah
sosial,sosial
contoh,contoh
akun,akun
pegiat,giat
lingkungan,lingkung
berpengaruh,berpengaruh
pandawaragroup,pandawaragroup
aeshnina,aeshnina
pandawara,pandawara
menggugah,menggugah
kesadaran,sadar
publik,publik
membersihkan,membersih
sungai,sungai
kotor,kotor
nina,nina
mengadvokasi,mengadvokas
perubahan,rubah
pemerintah,pemerin
lokal,lokal
pusat,pusat
tingkat,tingkat
internasional,internasional
berbicara,berbicara
forum,forum
unfcc,unfcc
cop26,cop26
2021,2021
global,global
plastic,plastic
treaty,treaty
negotiation,negotiation
2024,2024
pandawara,pandawara
diundang,undang
berdiskusi,berdiskus
presiden,presiden
membahas,membahas
solusi,solusi
sampah,sampah
indonesia,indonesia
tindak,tindak
konkret,konkret
membuktikan,membukti
konsistensi,konsistensi
kampanye,kampanye
lingkungan,lingkung
berdampak,berdampak
cemas,cemas
mengubah,mengubah
aksi,aksi
aksi,aksi
langkah,langkah
sederhana,sederhana
menyebar,menyebar
konten,konten
konten,konten
aksi,aksi
lingkungan,lingkung
medsos,medsos
mengubah,mengubah
perilaku,perilaku
ramah,ramah
lingkungan,lingkung
selamat,selamat
bumi,bumi
aksimu,aksi
februari,februari
2025,2025
badan,badan
standar,standar
kurikulum,kurikulum
asesmen,asesmen
pendidikan,pendidi
kementerian,menteri
pendidikan,pendidi
dasar,dasar
menengah,menengah
kemendikdasmen,kemendikdasmen
republik,republik
indonesia,indonesia
merilis,rilis
naskah,naskah
akademik,akademik
pembelajaran,pembelajar
koding,koding
kecerdasan,cerdas
artifisial,artifisial
kka,kka
naskah,naskah
acuan,acu
kebijakan,kebija
rencana,rencana
menjadikan,menjadi
kka,kka
mata,mata
pelajaran,pelajar
pilihan,pilih
sekolah,sekolah
dasar,dasar
sd,sd
sekolah,sekolah
menengah,menengah
kejuruan,juru
sma,sma
smk,smk
sekolah,sekolah
sekolah,sekolah
dinilai,nila
menyelenggarakan,menyelenggara
kelas,kelas
pemerintah,pemerin
beralasan,beralas
mata,mata
pelajaran,pelajar
meningkatkan,meningkat
daya,daya
saing,saing
sumber,sumber
daya,daya
manusia,manusia
sdm,sdm
indonesia,indonesia
kancah,kancah
global,global
keputusan,putus
kemendikdasmen,kemendikdasmen
kebijakan,kebija
elitis,elitis
capital,capital
driven,driven
memprioritaskan,memprioritas
pemilik,milik
modal,modal
berpihak,berpihak
kepentingan,penting
masyarakat,masyarakat
ketersediaan,ketersedia
sumber,sumber
daya,daya
guru,guru
kompeten,kompeten
mengajarkan,mengajar
kka,kka
infrastruktur,infrastruktur
teknologi,teknologi
merata,rata
wilayah,wilayah
kehadiran,hadir
mata,mata
pelajaran,pelajar
elite,elite
memperlebar,memperlebar
jurang,jurang
ketimpangan,timpang
pendidikan,pendidi
indonesia,indonesia
ketergantungan,ketergantung
sumber,sumber
daya,daya
implementasi,implementasi
mata,mata
pelajaran,pelajar
kka,kka
perangkat,perangkat
komputer,komputer
koneksi,koneksi
internet,internet
stabil,stabil
memakai,maka
pendekatan,pendekat
unplugged,unplugged
metode,metode
mengajarkan,mengajar
konsep,konsep
konsep,konsep
dasar,dasar
komputasi,komputas
permainan,permain
teka,teka
teki,teki
simulasi,simulasi
kegiatan,giat
fisik,fisik
metode,metode
dirancang,rancang
mengilustrasikan,mengilustrasi
logika,logika
algoritma,algoritma
representasi,representasi
data,data
konsep,konsep
komputasi,komputas
menyenangkan,menyenang
interaktif,interaktif
pendekatan,pendekat
tenaga,tenaga
pengajar,pengajar
kompetensi,kompetensi
bidang,bidang
teknologi,teknologi
kka,kka
diajarkan,ajar
unplugged,unplugged
kka,kka
dasarnya,dasar
disiplin,disiplin
ilmu,ilmu
praktis,praktis
melibatkan,libat
penggunaan,pengguna
perangkat,perangkat
lunak,lunak
bahasa,bahasa
pemrograman,pemrogram
rute,rute
unplugged,unplugged
pengalaman,pengalam
langsung,langsung
menulis,menulis
kode,kode
menjalankan,menjalan
program,program
debugging,debugging
tindakan,tinda
mendeteksi,mendeteks
menemukan,menemu
memperbaiki,memperbaik
kesalahan,salah
program,program
berinteraksi,berinteraks
komputer,komputer
kecerdasan,cerdas
buatan,buat
ai,a
sesungguhnya,sungguh
konsep,konsep
kka,kka
kompleks,kompleks
abstrak,abstrak
butuh,butuh
representasi,representasi
visual,visual
interaktif,interaktif
komputer,komputer
cepat,cepat
lambat,lambat
pembelajaran,pembelajar
membutuhkan,membutuh
komputer,komputer
internet,internet
sumber,sumber
daya,daya
mudah,mudah
diakses,akses
sekolah,sekolah
sekolah,sekolah
perkotaan,perkota
data,data
2020,2020
8,8
522,522
sekolah,sekolah
indonesia,indonesia
tersambung,tersambung
jaringan,jaring
listrik,listrik
42,42
159,159
sekolah,sekolah
memiliki,milik
sambungan,sambung
internet,internet
kondisi,kondisi
sekolah,sekolah
sekolah,sekolah
daerah,daerah
tertinggal,tertinggal
terdepan,terdep
terluar,terluar
3t,3t
terpinggirkan,terpinggir
menggeser,menggeser
orientasi,orientasi
pendidikan,pendidi
karakter,karakter
capital,capital
driven,driven
kebijakan,kebija
ketergantungan,ketergantung
industri,industri
teknologi,teknologi
perusahaan,perusaha
perusahaan,perusaha
bergerak,bergerak
bidang,bidang
koding,koding
ai,a
kurikulum,kurikulum
materi,materi
ajar,ajar
kka,kka
dirancang,rancang
cermat,cermat
berorientasi,berorientas
kepentingan,penting
nasional,nasional
luas,luas
berisiko,risiko
didikte,dikte
kebutuhan,butuh
pasar,pasar
kepentingan,penting
korporasi,korporasi
kekuasaan,kuasa
pembelajaran,pembelajar
kka,kka
diarahkan,arah
menghasilkan,menghasil
lulusan,lulus
sektor,sektor
ekonomi,ekonomi
digital,digital
dianggap,anggap
strategis,strategis
kelompok,kelompok
berkuasa,berkuasa
potensi,potensi
kebutuhan,butuh
sektor,sektor
pendidikan,pendidi
kesehatan,sehat
ketahanan,tahan
pangan,pangan
lingkungan,lingkung
hidup,hidup
industri,industri
manufaktur,manufaktur
terabaikan,terabai
penekanan,penekan
keterampilan,terampil
teknis,teknis
spesifik,spesifik
mengorbankan,mengorban
pemahaman,pemaham
konseptual,konseptual
kemampuan,mampu
berpikir,berpikir
kritis,kritis
kka,kka
didukung,dukung
keterampilan,terampil
dasar,dasar
berujung,berujung
ketergantungan,ketergantung
peralatan,ralat
digital,digital
menyebabkan,menyebab
performa,performa
belajar,belajar
anak,anak
menurun,menurun
urgensi,urgensi
relevansi,relevansi
kka,kka
mata,mata
pelajaran,pelajar
pilihan,pilih
dipertimbangkan,dipertimbang
matang,matang
konteks,konteks
kebutuhan,butuh
pendidikan,pendidi
mendasar,mendasar
daerah,daerah
tantangan,tantang
utama,utama
berkisar,berkisar
pemenuhan,pemenuh
kebutuhan,butuh
dasar,dasar
ketersediaan,ketersedia
buku,buku
ruang,ruang
kelas,kelas
layak,layak
guru,guru
kompeten,kompeten
mata,mata
pelajaran,pelajar
inti,inti
membaca,membaca
matematika,matematika
kejelasan,jelas
tujuan,tuju
jangka,jangka
kebijakan,kebija
tujuannya,tuju
mata,mata
menghasilkan,menghasil
tenaga,tenaga
kerja,kerja
industri,industri
teknologi,teknologi
kah,kah
visi,visi
luas,luas
koding,koding
ai,a
memberdayakan,memberdaya
masyarakat,masyarakat
fokusnya,fokus
sempit,sempit
pemenuhan,pemenuh
kebutuhan,butuh
industri,industri
kebijakan,kebija
berisiko,risiko
mengabaikan,mengabai
potensi,potensi
kka,kka
alat,alat
mengembangkan,mengembang
kemampuan,mampu
berpikir,berpikir
kritis,kritis
problem,problem
solving,solving
kreativitas,kreativitas
potensi,potensi
kerja,kerja
swasta,swasta
penyediaan,penyedia
platform,platform
pembelajaran,pembelajar
pelatihan,latih
guru,guru
sertifikasi,sertifikasi
membuka,membuka
celah,celah
komersialisasi,komersialisasi
pendidikan,pendidi
mengalihkan,mengalih
fokus,fokus
tujuan,tuju
utama,utama
pendidikan,pendidi
memerdekakan,merdeka
manusia,manusia
pengembangan,pengembang
guru,guru
mata,mata
pelajaran,pelajar
negara,negara
maju,maju
menerapkan,menerap
kelas,kelas
koding,koding
cina,cina
korea,korea
selatan,selatan
singapura,singapura
negara,negara
negara,negara
memiliki,milik
dasar,dasar
literasi,literas
penalaran,nalar
skor,skor
pisa,pisa
500,500
skor,skor
pisa,pisa
indonesia,indonesia
400,400
kerap,kerap
luput,luput
perhatian,perhati
inti,inti
dasar,dasar
capaian,capai
pembelajaran,pembelajar
kka,kka
keterampilan,terampil
ai,a
menulis,menulis
kode,kode
pemrograman,pemrogram
penelitian,peneliti
intinya,inti
terletak,terletak
keterampilan,terampil
berpikir,berpikir
komputasional,komputasional
kbk,kbk
etika,etika
pemanfaatan,manfaat
teknologi,teknologi
ept,ept
kbk,kbk
keterampilan,terampil
pemecahan,cah
menyadari,menyadar
komputer,komputer
membantu,membantu
mengatasi,mengatas
detail,detail
sub,sub
kbk,kbk
dekomposisi,dekomposisi
pengenalan,pengenal
pola,pola
abstraksi,abstraksi
berpikir,berpikir
algoritmis,algoritmis
ept,ept
mencakup,mencakup
privasi,privasi
data,data
kekayaan,kaya
intelektual,intelektual
kesenjangan,senjang
digital,digital
alih,alih
alih,alih
menambah,menambah
mata,mata
pelajaran,pelajar
konsep,konsep
kbk,kbk
ept,ept
diintegrasikan,integrasi
mata,mata
pelajaran,pelajar
literasi,literas
numerasi,numeras
sains,sains
teknologi,teknologi
informasi,informasi
komunikasi,komunikasi
tik,tik
belajar,belajar
ekosistem,ekosistem
mengamati,mengamat
lingkungan,lingkung
guru,guru
mengajak,mengajak
siswa,siswa
simulasi,simulasi
digital,digital
dibutuhkan,butuh
mata,mata
pelajaran,pelajar
pelatihan,latih
berkelanjutan,berkelanjut
guru,guru
mengadopsi,mengadops
teknologi,teknologi
pembelajaran,pembelajar
teknologi,teknologi
ai,a
pisau,pisau
keahlian,ahli
memakai,maka
alatnya,alat
mendasar,mendasar
bangun,bangun
langkah,langkah
kesadaran,sadar
alih,alih
alih,alih
instrumen,instrumen
pemerataan,rata
pendidikan,pendidi
pembelajaran,pembelajar
kka,kka
berpotensi,berpotens
memperkuat,memperkuat
kelas,kelas
sosial,sosial
berdasarkan,berdasar
akses,akses
teknologi,teknologi
pengetahuan,pengetahu
terbiasa,terbiasa
menghabiskan,menghabis
berjam,berjam
jam,jam
berselancar,berselancar
media,media
sosial,sosial
menggali,menggal
informasi,informasi
terhubung,terhubung
teman,teman
dunia,dunia
disadari,sadar
aktivitas,aktivitas
berisiko,risiko
mengganggu,mengganggu
kesehatan,sehat
otak,otak
mentalmu,mental
salah,salah
dampaknya,dampak
timbulnya,timbul
eating,eating
disorder,disorder
gangguan,ganggu
makan,makan
gangguan,ganggu
mental,mental
perubahan,rubah
perilaku,perilaku
makan,makan
normal,normal
sehat,sehat
gangguan,ganggu
makan,makan
kecanduan,candu
media,media
sosial,sosial
dianggap,anggap
remeh,remeh
baca,baca
ulasan,ulas
terhindar,terhindar
bahayanya,bahaya
efek,efek
media,media
sosial,sosial
picu,picu
gangguan,ganggu
makan,makan
gangguan,ganggu
makan,makan
jenis,jenis
mental,mental
dialami,alam
anak,anak
muda,muda
dasawarsa,dasawarsa
contohnya,contoh
anoreksia,anoreksia
nervosa,nervosa
takut,takut
berlebih,berlebih
kenaikan,kenai
berat,berat
badan,badan
bulimia,bulimia
nervosa,nervosa
memuntahkan,muntah
makanan,makan
dikonsumsi,dikonsums
binge,binge
eating,eating
disorder,disorder
sulit,sulit
menahan,menah
nafsu,nafsu
makan,makan
ulasan,ulas
2023,2023
15,15
ribu,ribu
63,63
ribu,ribu
remaja,remaja
16,16
negara,negara
mengalami,mengalam
gangguan,ganggu
makan,makan
remaja,remaja
negara,negara
maju,maju
singapura,singapura
kecanduan,candu
media,media
sosial,sosial
terbukti,terbukt
salah,salah
faktor,faktor
meningkatkan,meningkat
risiko,risiko
kaum,kaum
muda,muda
mengalami,mengalam
gangguan,ganggu
makan,makan
penelitian,peneliti
2023,2023
mengungkap,mengungkap
444,444
peserta,serta
782,782
remaja,remaja
usia,usia
14,14
17,17
mengalami,mengalam
gangguan,ganggu
makan,makan
akibat,akibat
aktivitas,aktivitas
digital,digital
perkembangan,perkembang
otak,otak
fase,fase
menyebabkan,menyebab
remaja,remaja
kelompok,kelompok
rentan,rentan
mengalami,mengalam
kecanduan,candu
media,media
sosial,sosial
gangguan,ganggu
makan,makan
gangguan,ganggu
makan,makan
dialami,alam
perempuan,perempuan
cenderung,cenderung
puas,puas
cemas,cemas
bentuk,bentuk
tubuhnya,tubuh
kegemukan,kegemu
kurus,kurus
terpapar,terpapar
konten,konten
media,media
sosial,sosial
menonjolkan,menonjol
citra,citra
tubuh,tubuh
ideal,ideal
contohnya,contoh
tren,tren
fitspiration,fitspiration
menginspirasi,menginspiras
orang,orang
orang,orang
berolahraga,berolahraga
memiliki,milik
gaya,gaya
hidup,hidup
sehat,sehat
bak,bak
pedang,pedang
bermata,bermata
konten,konten
fitspiration,fitspiration
berisiko,risiko
mendorong,mendorong
remaja,remaja
memiliki,milik
perilaku,perilaku
makan,makan
normal,normal
sehat,sehat
kontrol,kontrol
pola,pola
makan,makan
mengonsumsi,mengonsums
suplemen,suplemen
penambah,penambah
stamina,stamina
membahayakan,membahaya
kesehatan,sehat
gangguan,ganggu
makan,makan
berkembang,berkembang
kebiasaan,biasa
memiliki,milik
pola,pola
perilaku,perilaku
menyerupai,menyerupa
kecanduan,candu
media,media
sosial,sosial
zat,zat
adiktif,adiktif
pengidapnya,pengidap
kesulitan,sulit
lepas,lepas
kebiasaan,biasa
akibat,akibat
otak,otak
melepaskan,lepas
hormon,hormon
dopamin,dopamin
menimbulkan,menimbul
senang,senang
ketagihan,tagih
menerima,menerima
pengakuan,pengaku
orang,orang
bentuk,bentuk
like,like
comment,comment
media,media
sosial,sosial
gangguan,ganggu
makan,makan
pengidapnya,pengidap
membantu,membantu
memiliki,milik
citra,citra
tubuh,tubuh
sosok,sosok
diidamkan,idam
menyadari,menyadar
perilaku,perilaku
konsumsi,konsumsi
makanannya,makan
sehat,sehat
bahaya,bahaya
gangguan,ganggu
makan,makan
diabaikan,abai
remaja,remaja
membutuhkan,membutuh
asupan,asup
zat,zat
gizi,gizi
makanan,makan
menjaga,menjaga
kesehatannya,sehat
zat,zat
gizi,gizi
karbohidrat,karbohidrat
lemak,lemak
protein,protein
vitamin,vitamin
mineral,mineral
kebutuhan,butuh
zat,zat
gizi,gizi
tercukupi,tercukup
berisiko,risiko
menimbulkan,menimbul
kesehatan,sehat
anemia,anemia
kekurangan,kurang
sel,sel
darah,darah
merah,merah
malnutrisi,malnutrisi
kekurangan,kurang
kelebihan,lebih
gizi,gizi
mudah,mudah
lelah,lelah
penurunan,penurun
berat,berat
badan,badan
drastis,drastis
rambut,rambut
rontok,rontok
tanda,tanda
tanda,tanda
malnutrisi,malnutrisi
diabaikan,abai
kebiasaan,biasa
gangguan,ganggu
makan,makan
diteruskan,terus
remaja,remaja
berisiko,risiko
mengalami,mengalam
kesehatan,sehat
serius,serius
bulimia,bulimia
nervosa,nervosa
berisiko,risiko
menyebabkan,menyebab
rahang,rahang
membengkak,membengkak
menstruasi,menstruasi
teratur,teratur
kerusakan,rusa
gigi,gigi
gusi,gusi
berdarah,berdarah
anoreksia,anoreksia
nervosa,nervosa
berisiko,risiko
memicu,memicu
gangguan,ganggu
irama,irama
jantung,jantung
kerusakan,rusa
otak,otak
perempuan,perempuan
terpenuhinya,terpenuh
zat,zat
gizi,gizi
remaja,remaja
jangka,jangka
meningkatkan,meningkat
risiko,risiko
anak,anak
dilahirkannya,lahir
kelak,kelak
mengalami,mengalam
stunting,stunting
mengatasi,mengatas
gangguan,ganggu
makan,makan
kecanduan,candu
media,media
sosial,sosial
mengalami,mengalam
eating,eating
disorder,disorder
akibat,akibat
kecanduan,candu
media,media
sosial,sosial
atasi,atas
1,1
detoks,detoks
media,media
sosial,sosial
lakukan,laku
detoks,detoks
jeda,jeda
bermain,bermain
media,media
sosial,sosial
perlahan,perlahan
hindari,hindar
bermain,bermain
media,media
sosial,sosial
sehari,sehar
seminggu,minggu
sebulan,sebul
hapus,hapus
media,media
sosial,sosial
tubuhmu,tubuh
menjalani,menjalan
puasa,puasa
dopamin,dopamin
mengurangi,mengurang
kecemasan,cemas
aktivitas,aktivitas
digital,digital
2,2
bersosialisasi,bersosialisas
lakukan,laku
hobi,hobi
alihkan,alih
energi,energi
perhatianmu,perhati
perbanyak,perbanyak
berinteraksi,berinteraks
teman,teman
keluarga,keluarga
komunitas,komunitas
sejalan,sejal
hobimu,hobi
lakukan,laku
kegiatan,giat
menyenangkan,menyenang
hati,hati
berolahraga,berolahraga
bermain,bermain
musik,musik
merajut,rajut
menari,menar
berkebun,berkebun
3,3
bijak,bijak
beraktivitas,beraktivitas
digital,digital
bijak,bijak
media,media
sosial,sosial
mengurangi,mengurang
risiko,risiko
kecanduan,candu
contohnya,contoh
batasi,batas
penggunaannya,pengguna
30,30
menit,menit
pelajari,pelajar
perilaku,perilaku
daring,daring
bertanggung,bertanggung
memilah,mi
informasi,informasi
mengakses,mengakses
konten,konten
berkualitas,berkualitas
pembuat,pembuat
konten,konten
kredibel,kredibel
4,4
hubungi,hubung
profesional,profesional
ragu,ragu
menghubungi,menghubung
tenaga,tenaga
profesional,profesional
psikolog,psikolog
psikiater,psikiater
merekomendasikan,rekomendasi
terapi,terapi
pengobatan,pengobat
mengatasi,mengatas
kecanduan,candu
media,media
sosial,sosial
parah,parah
menghubungi,menghubung
ahli,ahli
gizi,gizi
mengatasi,mengatas
gangguan,ganggu
makan,makan
ahli,ahli
gizi,gizi
bantu,bantu
memperbaiki,memperbaik
pola,pola
makanmu,makan
merekomedasikan,merekomedasi
perencanaan,rencana
pola,pola
makan,makan
gangguan,ganggu
makan,makan
akibat,akibat
kecanduan,candu
media,media
sosial,sosial
ditanggapi,tanggap
serius,serius
lakukan,laku
tips,tips
terhindar,terhindar
bahayanya,bahaya
kenikmatannya,nikmat
makan,makan
junk,junk
food,food
meningkatkan,meningkat
risiko,risiko
kesehatan,sehat
obesitas,obesitas
depresi,depresi
pencernaan,pencerna
penyakit,penyakit
jantung,jantung
stroke,stroke
kanker,kanker
diabetes,diabetes
tipe,tipe
2,2
efek,efek
makan,makan
junk,junk
food,food
halodoc,halodoc
jakarta,jakarta
junk,junk
food,food
alias,alias
makanan,makan
cepat,cepat
saji,saji
digemari,gemar
masyarakat,masyarakat
gurih,gurih
penyajiannya,penyaji
cepat,cepat
junk,junk
food,food
kerap,kerap
tampilan,tampil
menarik,menarik
cocok,cocok
dipublikasikan,publikasi
media,media
sosial,sosial
plus,plus
junk,junk
food,food
bahaya,bahaya
diwaspadai,waspada
makan,makan
junk,junk
food,food
meningkatkan,meningkat
risiko,risiko
obesitas,obesitas
depresi,depresi
pencernaan,pencerna
penyakit,penyakit
jantung,jantung
stroke,stroke
kanker,kanker
diabetes,diabetes
tipe,tipe
2,2
memperpendek,memperpendek
ingatan,ingat
mood,mood
swing,swing
junk,junk
food,food
makanan,makan
minuman,minum
nilai,nilai
gizi,gizi
rendah,rendah
lemak,lemak
gula,gula
garam,garam
makanan,makan
cepat,cepat
saji,saji
menyehatkan,menyehat
salad,salad
sushi,sush
sandwich,sandwich
jenis,jenis
junk,junk
food,food
berbahaya,berbahaya
kesehatan,sehat
simak,simak
bahayanya,bahaya
1,1
memperpendek,memperpendek
daya,daya
mengonsumsi,mengonsums
junk,junk
food,food
menurunkan,menurun
kemampuan,mampu
otak,otak
berpikir,berpikir
gula,gula
lemak,lemak
dikaitkan,kait
gangguan,ganggu
memori,memori
mengonsumsi,mengonsums
makanan,makan
gula,gula
lemak,lemak
diduga,duga
merusak,rusak
memori,memori
hippocampal,hippocampal
2,2
cepat,cepat
tua,tua
kandungan,kandung
junk,junk
food,food
memicu,memicu
inflamasi,inflamasi
peradangan,radang
mempercepat,mempercepat
proses,proses
penuaan,penua
kulit,kulit
mudah,mudah
berkeriput,berkeriput
mengalami,mengalam
penuaan,penua
konsumsi,konsumsi
junk,junk
food,food
memperpendek,memperpendek
telomer,telomer
struktur,struktur
kromosom,kromosom
penanda,penanda
usia,usia
biologis,biologis
manusia,manusia
3,3
kecanduan,candu
junk,junk
food,food
kecanduan,candu
kecanduan,candu
sulit,sulit
mengontrol,mengontrol
nafsu,nafsu
makan,makan
junk,junk
food,food
merangsang,rangsang
sistem,sistem
penghargaan,pengharga
otak,otak
obat,obat
obatan,obat
adiktif,adiktif
kokain,kokain
4,4
depresi,depresi
kecanduan,candu
junk,junk
food,food
level,level
depresi,depresi
sulit,sulit
mengendalikan,mengendali
stres,stres
tekanan,kanan
mengonsumsi,mengonsums
junk,junk
food,food
data,data
kesehatan,sehat
national,national
library,library
of,of
medicine,medicine
konsumsi,konsumsi
junk,junk
food,food
meningkatkan,meningkat
risiko,risiko
gangguan,ganggu
kejiwaan,jiwa
perilaku,perilaku
kekerasan,keras
anak,anak
remaja,remaja
membiasakan,membiasa
mengonsumsi,mengonsums
makanan,makan
sehat,sehat
pendekatan,pendekat
efektif,efektif
meningkatkan,meningkat
kesehatan,sehat
mental,mental
sedari,dar
5,5
mood,mood
swing,swing
mood,mood
swing,swing
alias,alias
perubahan,rubah
mood,mood
mengonsumsi,mengonsums
cupcake,cupcake
kadar,kadar
gula,gula
tubuh,tubuh
meningkat,meningkat
menimbulkan,menimbul
perasaan,rasa
bahagia,bahagia
efeknya,efek
hilang,hilang
kesenangan,senang
hilang,hilang
berganti,bergant
hampa,hampa
menghindari,menghindar
bahaya,bahaya
junk,junk
food,food
mengatur,mengatur
diet,diet
sehat,sehat
makanan,makan
cepat,cepat
saji,saji
keripik,keripik
kue,kue
biskuit,biskuit
cokelat,cokelat
permen,permen
minuman,minum
manis,manis
makanan,makan
diproses,proses
rendah,rendah
nutrisi,nutrisi
sayangnya,sayang
makanan,makan
minuman,minum
menambah,menambah
nilai,nilai
apapun,apa
gula,gula
lemak,lemak
jenuh,jenuh
garam,garam
menyenangkan,menyenang
dimakan,dima
konsumsi,konsumsi
junk,junk
food,food
berbahaya,berbahaya
kesehatan,sehat
diet,diet
sehat,sehat
terbiasa,terbiasa
mengonsumsi,mengonsums
junk,junk
food,food
1,1
konsumsi,konsumsi
makanan,makan
berbasis,berbasis
protein,protein
kacang,kacang
kacangan,kacang
buncis,buncis
kacang,kacang
merah,merah
kacang,kacang
panggang,panggang
lentil,lentil
daging,daging
lemak,lemak
ayam,ayam
telur,telur
ikan,ikan
keju,keju
yoghurt,yoghurt
susu,susu
membantu,membantu
kenyang,kenyang
kelompok,kelompok
makanan,makan
mengurangi,mengurang
ngemil,ngemil
junk,junk
food,food
makan,makan
2,2
makan,makan
kesadaran,sadar
hindari,hindar
mengemil,ngemil
junk,junk
food,food
tv,tv
mengemudi,mengemud
memegang,memegang
gadget,gadget
menghindari,menghindar
konsumsi,konsumsi
makanan,makan
sehat,sehat
cobalah,coba
makan,makan
meja,meja
matikan,mati
gadget,gadget
membantu,membantu
makan,makan
kesadaran,sadar
memperhatikan,memperhati
makanan,makan
makan,makan
fokuslah,fokus
tekstur,tekstur
sensasi,sensasi
makanan,makan
masuk,masuk
mulut,mulut
3,3
pilihan,pilih
sehat,sehat
makanan,makan
makanan,makan
melewati,lewat
proses,proses
pengolahan,pengolah
pilihan,pilih
makanan,makan
sehat,sehat
lapar,lapar
butuh,butuh
kudapan,kudap
makanlah,makan
segenggam,genggam
kacang,kacang
biskuit,biskuit
gandum,gandum
keju,keju
hummus,hummus
potongan,potong
buah,buah
terlanjur,terlanjur
doyan,doyan
junk,junk
food,food
panik,panik
batasi,batas
konsumsi,konsumsi
makanan,makan
cepat,cepat
saji,saji
diskusikan,diskusi
dokter,dokter
aplikasi,aplikasi
halodoc,halodoc
janji,janji
pemeriksaan,pemeriksa
kondisi,kondisi
kesehatanmu,sehat
yuk,yuk
download,download
halodoc,halodoc
referensi,referensi
insider,insider
com,com
diakses,akses
2022,2022
eating,eating
a,a
lot,lot
of,of
processed,processed
foods,foods
could,could
cause,cause
your,your
body,body
to,to
age,age
more,more
quickly,quickly
a,a
new,new
study,study
suggests,suggests
healthline,healthline
diakses,akses
2022,2022
one,one
week,week
of,of
junk,junk
food,food
may,may
be,be
enough,enough
to,to
damage,damage
your,your
memory,memory
healthline,healthline
diakses,akses
2022,2022
how,how
food,food
addiction,addiction
works,works
and,and
what,what
to,to
do,do
about,about
it,it
national,national
library,library
of,of
medicine,medicine
diakses,akses
2022,2022
association,association
between,between
junk,junk
food,food
consumption,consumption
and,and
mental,mental
health,health
in,in
a,a
national,national
sample,sample
of,of
iranian,irani
children,children
and,and
adolescents,adolescents
the,the
caspian,caspi
iv,iv
study,study
publik,publik
dikejutkan,kejut
pemberitaan,pemberita
dugaan,duga
kekerasan,keras
seksual,seksual
melibatkan,libat
peserta,serta
program,program
pendidikan,pendidi
dokter,dokter
spesialis,spesialis
ppds,ppds
salah,salah
rumah,rumah
sakit,sakit
pendidikan,pendidi
ternama,ternama
indonesia,indonesia
terlepas,terlepas
proses,proses
hukum,hukum
berjalan,berjal
asas,asas
praduga,praduga
bersalah,bersa
dijunjung,junjung
menyentuh,menyentuh
titik,titik
hubungan,hubung
pelaku,pela
korban,korban
menyibak,menyibak
lapisan,lapis
lapisan,lapis
gelap,gelap
sistem,sistem
pendidikan,pendidi
kedokteran,dokter
spesialis,spesialis
dibiarkan,biar
berjalan,berjal
hierarki,hierarki
kaku,kaku
minim,minim
pengawasan,pengawas
rapuh,rapuh
perlindungan,perlindung
hukum,hukum
masyarakat,masyarakat
mendambakan,mendamba
dokter,dokter
spesialis,spesialis
unggul,unggul
cerdas,cerdas
sigap,sigap
penuh,penuh
empati,empati
proses,proses
mencetak,mencetak
dokter,dokter
diliputi,liput
krisis,krisis
mengkhawatirkan,mengkhawatir
survei,survei
kementerian,menteri
kesehatan,sehat
maret,maret
2024,2024
22,22
4,4
peserta,serta
ppds,ppds
mengalami,mengalam
gejala,gejala
depresi,depresi
3,3
3,3
mengaku,menga
memiliki,milik
pikiran,pikir
hidup,hidup
angka,angka
sinyal,sinyal
bahaya,bahaya
serius,serius
layanan,layan
kesehatan,sehat
negeri,negeri
mahasiswa,mahasiswa
pekerja,kerja
ppds,ppds
residen,residen
praktiknya,praktik
status,status
hukum,hukum
belajar,belajar
mahasiswa,mahasiswa
pengertian,pengerti
konvensional,konvensional
duduk,duduk
ruang,ruang
kuliah,kuliah
laboratorium,laboratorium
tenaga,tenaga
medis,medis
diakui,aku
struktural,struktural
sistem,sistem
kepegawaian,pegawai
rumah,rumah
sakit,sakit
undang,undang
undang,undang
nomor,nomor
20,20
2013,2013
pendidikan,pendidi
kedokteran,dokter
pendidikan,pendidi
profesi,profesi
spesialis,spesialis
pendidikan,pendidi
akademik,akademik
bertujuan,bertuju
membentuk,membentuk
kompetensi,kompetensi
dokter,dokter
celah,celah
muncul,muncul
pendidikan,pendidi
praktik,praktik
lapangan,lapang
residen,residen
menjalani,menjalan
tugas,tugas
tugas,tugas
klinis,klinis
kali,kali
berat,berat
esensial,esensial
operasionalisasi,operasionalisasi
rumah,rumah
sakit,sakit
perlindungan,perlindung
hukum,hukum
selayaknya,layak
tenaga,tenaga
kerja,kerja
jaminan,jamin
sosial,sosial
etika,etika
kedokteran,dokter
buku,buku
praktik,praktik
bangku,bangku
kuliah,kuliah
mahasiswa,mahasiswa
kedokteran,dokter
diajarkan,ajar
kode,kode
etik,etik
profesi,profesi
kode,kode
etik,etik
kedokteran,dokter
indonesia,indonesia
kodeki,kodek
tertulis,tertulis
dokter,dokter
wajib,wajib
menjunjung,menjunjung
martabat,martabat
kemanusiaan,manusia
menghormati,menghormat
hak,hak
pasien,pasien
sejawat,jawat
bertindak,bertindak
berdasarkan,berdasar
integritas,integritas
moral,moral
realitas,realitas
sistem,sistem
ppds,ppds
prinsip,prinsip
prinsip,prinsip
kerap,kerap
dibenturkan,bentur
kultur,kultur
mengakar,mengakar
seniorisme,seniorisme
tekanan,kanan
akademik,akademik
pembiaran,pembiar
kekerasan,keras
simbolik,simbolik
fisik,fisik
nama,nama
pendidikan,pendidi
etika,etika
profesi,profesi
berhenti,berhent
teks,teks
praktik,praktik
dijalani,jalan
uu,uu
nomor,nomor
29,29
2004,2004
praktik,praktik
kedokteran,dokter
tenaga,tenaga
medis,medis
dokter,dokter
menempuh,menempuh
pendidikan,pendidi
tunduk,tunduk
prinsip,prinsip
etik,etik
bertanggung,bertanggung
tindakannya,tinda
kekerasan,keras
kekerasan,keras
seksual,seksual
ditoleransi,ditolerans
bentuk,bentuk
alasan,alas
institusi,institusi
pendidikan,pendidi
kedokteran,dokter
relasi,relasi
kuasa,kuasa
kesehatan,sehat
mental,mental
pengawasan,pengawas
mengkhawatirkan,mengkhawatir
sistem,sistem
relasi,relasi
kuasa,kuasa
timpang,timpang
residen,residen
pembimbing,pembimbing
residen,residen
senior,senior
yunior,yunior
kondisi,kondisi
pengawasan,pengawas
lemah,lemah
institusi,institusi
kedokteran,dokter
memiliki,milik
mekanisme,mekanisme
pelaporan,lapor
kekerasan,keras
pelecehan,leceh
aman,aman
berpihak,berpihak
korban,korban
kalah,kalah
kesehatan,sehat
mental,mental
tekanan,kanan
akademik,akademik
beban,beban
kerja,kerja
klinis,klinis
isolasi,isolasi
sosial,sosial
dialami,alam
peserta,serta
ppds,ppds
pemicu,pemicu
stres,stres
kronis,kronis
kecemasan,cemas
gangguan,ganggu
perilaku,perilaku
sayangnya,sayang
sistem,sistem
menjadikan,menjadi
asesmen,asesmen
kesehatan,sehat
mental,mental
standar,standar
wajib,wajib
seleksi,seleksi
evaluasi,evaluasi
berkala,berkala
residen,residen
alat,alat
minnesota,minnesota
multiphasic,multiphasic
personality,personality
inventory,inventory
mmpi,mmp
luas,luas
dunia,dunia
psikologi,psikologi
klinis,klinis
seleksi,seleksi
pekerjaan,kerja
berisiko,risiko
membantu,membantu
mengidentifikasi,mengidentifikas
potensi,potensi
psikologis,psikologis
gangguan,ganggu
kepribadian,pribadi
kecenderungan,cenderung
agresif,agresif
tersembunyi,tersembuny
diterapkan,terap
bijak,bijak
tes,tes
pagar,pagar
mencegah,mencegah
orang,orang
orang,orang
risiko,risiko
masuk,masuk
sistem,sistem
pendidikan,pendidi
menuntut,menuntut
stabilitas,stabilitas
emosi,emosi
kemampuan,mampu
relasi,relasi
interpersonal,interpersonal
solusi,solusi
saran,saran
reformasi,reformasi
sistem,sistem
ppds,ppds
keharusan,harus
opsi,opsi
pemerintah,pemerin
kementerian,menteri
kesehatan,sehat
kementerian,menteri
pendidikan,pendidi
sains,sains
teknologi,teknologi
langkah,langkah
konkret,konkret
berulang,berulang
sistem,sistem
berpihak,berpihak
keselamatan,selamat
pertumbuhan,pertumbuh
peserta,serta
didik,didik
langkah,langkah
konkret,konkret
diterapkan,terap
1,1
penegasan,penegas
status,status
hukum,hukum
ppds,ppds
pemerintah,pemerin
menetapkan,menetap
status,status
hukum,hukum
ppds,ppds
dibiarkan,biar
mengambang,mengambang
mahasiswa,mahasiswa
tenaga,tenaga
kerja,kerja
status,status
hak,hak
perlindungan,perlindung
batasan,batas
kewajiban,wajib
adil,adil
hukum,hukum
2,2
mekanisme,mekanisme
pelaporan,lapor
aman,aman
independent,independent
rumah,rumah
sakit,sakit
pendidikan,pendidi
institusi,institusi
kedokteran,dokter
wajib,wajib
memiliki,milik
unit,unit
pengaduan,pengadu
independen,independen
berpihak,berpihak
korban,korban
memiliki,milik
kekuatan,kuat
mengintervensi,mengintervens
anonimitas,anonimitas
keamanan,aman
pelapor,lapor
tindakan,tinda
responsif,responsif
standar,standar
3,3
tes,tes
kejiwaan,jiwa
konseling,konseling
psikologis,psikologis
berkala,berkala
asesmen,asesmen
psikologis,psikologis
mmpi,mmp
syarat,syarat
wajib,wajib
proses,proses
seleksi,seleksi
calon,calon
residen,residen
situ,situ
pendampingan,pendamping
psikologis,psikologis
berkala,berkala
pendidikan,pendidi
diinstitusikan,institusi
dianggap,anggap
beban,beban
tujuannya,tuju
mencari,mencar
cari,cari
kelemahan,lemah
mental,mental
membantu,membantu
peserta,serta
didik,didik
memahami,memaham
batas,batas
stresnya,stres
mengenali,mengenal
emosi,emosi
memproses,memproses
tekanan,kanan
sehat,sehat
konseling,konseling
tanda,tanda
lemah,lemah
pelatihan,latih
dokter,dokter
utuh,utuh
disebabkan,sebab
merawat,rawat
orang,orang
dirawat,rawat
menanamkan,menanam
etika,etika
hierarki,hierarki
toksik,toksik
salah,salah
akar,akar
terbesar,terbesar
sistem,sistem
pendidikan,pendidi
dokter,dokter
spesialis,spesialis
indonesia,indonesia
budaya,budaya
senioritas,senioritas
jarang,jarang
berubah,rubah
kekuasaan,kuasa
etika,etika
tumbuh,tumbuh
takut,takut
peneladanan,peneladan
dialog,dialog
sehat,sehat
membangun,membangun
model,model
relasi,relasi
berdasarkan,berdasar
hierarki,hierarki
prinsip,prinsip
dasar,dasar
1,1
respect,respect
takut,takut
muda,muda
menghormati,menghormat
tua,tua
takut,takut
dibentak,bentak
diintimidasi,diintimidas
menghargai,mengharga
ilmu,ilmu
pengalaman,pengalam
dedikasi,dedikasi
tua,tua
pembimbing,pembimbing
kaka,kaka
kelas,kelas
sadar,sadar
hormat,hormat
dipaksa,paksa
ditumbuhkan,tumbuh
keteladanan,teladan
kebaikan,kebai
keadilan,adil
2,2
sistem,sistem
mentoring,mentoring
formal,formal
senioritas,senioritas
digantikan,ganti
mentoring,mentoring
peserta,serta
didik,didik
menjalani,menjalan
pendidikan,pendidi
diarahkan,arah
mentor,mentor
penguasa,penguasa
informal,informal
dibekali,bekal
pelatihan,latih
komunikasi,komunikasi
etika,etika
tanggung,tanggung
pembina,pembina
karakter,karakter
penjaga,penjaga
tradisi,tradisi
keras,keras
3,3
evaluasi,evaluasi
etika,etika
budaya,budaya
semester,semester
ujian,uji
akademik,akademik
evaluasi,evaluasi
iklim,iklim
etik,etik
psikososial,psikososial
lingkungan,lingkung
pendidikan,pendidi
spesialis,spesialis
berkala,berkala
peserta,serta
aman,aman
nilai,nilai
menghargai,mengharga
dijalankan,jalan
survei,survei
dijadikan,jadi
dasar,dasar
reformasi,reformasi
internal,internal
berkelanjutan,berkelanjut
mendidik,mendidik
nilai,nilai
ilmu,ilmu
pendidikan,pendidi
kedokteran,dokter
mencetak,mencetak
dokter,dokter
keterampilan,terampil
klinis,klinis
mumpuni,mumpuni
membentuk,membentuk
pribadi,pribadi
mendengar,mendengar
memahami,memaham
merawat,rawat
manusia,manusia
empati,empati
rumah,rumah
sakit,sakit
alat,alat
tercanggih,tercanggih
lulusan,lulus
nilai,nilai
akademik,akademik
terbaik,terbaik
sistemnya,sistem
membiarkan,membiar
kekerasan,keras
membungkam,membungkam
korban,korban
memproduksi,memproduks
dokter,dokter
dokter,dokter
dingin,dingin
moral,moral
gagal,gagal
bangsa,bangsa
mengganti,menggant
kultur,kultur
kekerasan,keras
kultur,kultur
kepedulian,peduli
diterapkan,terap
menghapus,menghapus
nilai,nilai
nilai,nilai
luhur,luhur
hormat,hormat
disiplin,disiplin
pengabdian,pengabdi
menata,menata
ulang,ulang
sistem,sistem
dokter,dokter
profesional,profesional
manusia,manusia
seutuhnya,utuh
sistem,sistem
kesehatan,sehat
indonesia,indonesia
kuat,kuat
investasinya,investasi
didik,didik
berhenti,berhent
menutup,menutup
mata,mata
jas,jas
putih,putih
jiwa,jiwa
diselamatkan,selamat
nilai,nilai
tukar,tukar
rupiah,rupiah
mengalami,mengalam
tekanan,kanan
berat,berat
mendekati,mendekat
rp,rp
17,17
000,000
dollar,dollar
as,as
level,level
krisis,krisis
moneter,moneter
1998,1998
fundamental,fundamental
ekonomi,ekonomi
indonesia,indonesia
pertumbuhan,pertumbuh
ekonomi,ekonomi
5,5
persen,persen
inflasi,inflasi
rendah,rendah
deflasi,deflasi
ditambah,tambah
neraca,neraca
perdagangan,perdagang
surplus,surplus
58,58
nilai,nilai
tukar,tukar
rupiah,rupiah
terkait,terkait
masuk,masuk
keluarnya,keluar
modal,modal
pasar,pasar
keuangan,uang
aliran,alir
modal,modal
pasar,pasar
modal,modal
obligasi,obligasi
menyebabkan,menyebab
indeks,indeks
harga,harga
saham,saham
gabungan,gabung
ihsg,ihsg
bursa,bursa
efek,efek
indonesia,indonesia
anjlok,anjlok
imbal,imbal
hasil,hasil
yield,yield
surat,surat
utang,utang
negara,negara
sun,sun
bertenor,bertenor
sepuluh,puluh
signifikan,signifikan
7,7
persen,persen
kebijakan,kebija
tarif,tarif
bea,bea
masuk,masuk
produk,produk
impor,impor
diterapkan,terap
presiden,presiden
as,as
donald,donald
trump,trump
menyebabkan,menyebab
pelarian,lari
modal,modal
negara,negara
berkembang,berkembang
indonesia,indonesia
internal,internal
realokasi,realokasi
anggaran,anggar
negara,negara
program,program
makan,makan
bergizi,bergiz
gratis,gratis
pemerintahan,pemerintah
prabowo,prabowo
memicu,memicu
kekhawatiran,khawatir
melemahkan,lemah
pertumbuhan,pertumbuh
ekonomi,ekonomi
indonesia,indonesia
pembentukan,pembentu
danantara,danantara
mengalihkan,mengalih
aset,aset
dividen,dividen
bumn,bumn
sovereign,sovereign
wealth,wealth
fund,fund
swf,swf
dikhawatirkan,khawatir
melemahkan,lemah
kinerja,kinerja
bumn,bumn
memunculkan,muncul
potensi,potensi
penyalahgunaan,penyalahguna
bumn,bumn
pemerintah,pemerin
kebijakan,kebija
program,program
ditambah,tambah
hilirisasi,hilirisas
menaikkan,naik
pertumbuhan,pertumbuh
ekonomi,ekonomi
indonesia,indonesia
8,8
persen,persen
meragukan,ragu
presiden,presiden
prabowo,prabowo
khawatir,khawatir
pelemahan,lemah
indeks,indeks
saham,saham
menyebabkan,menyebab
aliran,alir
modal,modal
memicu,memicu
pelemahan,lemah
nilai,nilai
tukar,tukar
rupiah,rupiah
signifikan,signifikan
presiden,presiden
ekonomi,ekonomi
masyarakat,masyarakat
kebanyakan,kebanya
berjalan,berjal
menteri,menteri
ekonomi,ekonomi
mengkhawatirkan,mengkhawatir
fundamental,fundamental
ekonomi,ekonomi
diandalkan,andal
pelemahan,lemah
rupiah,rupiah
berkelanjutan,berkelanjut
ketidakpastian,ketidakpasti
mengganggu,mengganggu
kegiatan,giat
perekonomian,perekonomi
nilai,nilai
mata,mata
uang,uang
harga,harga
relatif,relatif
mata,mata
uang,uang
dollar,dollar
as,as
melemah,lemah
tajam,tajam
stabil,stabil
memengaruhi,memengaruh
fundamental,fundamental
perekonomian,perekonomi
ditambah,tambah
tekanan,kanan
tarif,tarif
as,as
memberatkan,memberat
mengancam,mengancam
neraca,neraca
perdagangan,perdagang
kewibawaan,wibawa
kebijakan,kebija
nilai,nilai
rupiah,rupiah
ditentukan,tentu
penawaran,penawar
permintaan,perminta
persepsi,persepsi
ekspektasi,ekspektas
pelaku,pela
ekonomi,ekonomi
investor,investor
sektor,sektor
keuangan,uang
menentukan,menentu
dominan,dominan
sayangnya,sayang
persepsi,persepsi
rupiah,rupiah
cenderung,cenderung
menganggap,menganggap
rupiah,rupiah
mata,mata
uang,uang
lemah,lemah
diandalkan,andal
ekspektasi,ekspektas
rupiah,rupiah
cenderung,cenderung
mengalami,mengalam
pelemahan,lemah
anggaran,anggar
pemerintah,pemerin
rencana,rencana
bisnis,bisnis
perusahaan,perusaha
nilai,nilai
tukar,tukar
rupiah,rupiah
diproyeksikan,proyeksi
mengalami,mengalam
pelemahan,lemah
bank,bank
indonesia,indonesia
bi,b
meredam,redam
volatilitas,volatilitas
nilai,nilai
rupiah,rupiah
menjaga,menjaga
depresiasi,depresiasi
melebihi,lebih
persentase,persentase
persepsi,persepsi
ekspektasi,ekspektas
negatif,negatif
nilai,nilai
tukar,tukar
melemah,lemah
pelemahan,lemah
fundamental,fundamental
ekonomi,ekonomi
taruhan,taruh
nilai,nilai
tukar,tukar
rupiah,rupiah
dipengaruhi,pengaruh
kewibawaan,wibawa
bi,b
otoritas,otoritas
bertanggung,bertanggung
stabilitas,stabilitas
rupiah,rupiah
bi,b
dinilai,nila
independen,independen
membiayai,membiaya
defisit,defisit
anggaran,anggar
bersifat,bersifat
pandemi,pandemi
berkelanjutan,berkelanjut
era,era
pemerintahan,pemerintah
prabowo,prabowo
26,26
persen,persen
sun,sun
dipegang,pegang
bi,b
24,24
persen,persen
dipegang,pegang
perbankan,perban
kondisi,kondisi
berbeda,berbeda
indonesia,indonesia
berupaya,berupaya
mengatasi,mengatas
krisis,krisis
1998,1998
bi,b
independen,independen
langkah,langkah
rekapitalisasi,rekapitalisasi
perbankan,perban
stabilisasi,stabilisasi
inflasi,inflasi
kredibilitas,kredibilitas
bi,b
bangkit,bangkit
berperan,berper
rupiah,rupiah
menguat,menguat
signifikan,signifikan
presiden,presiden
bj,bj
habibie,habibie
ekonomi,ekonomi
rupiahnya,rupiah
pesawat,pesawat
terbang,terbang
jatuh,jatuh
bebas,bebas
stahl,stahl
distabilkan,stabil
terbang,terbang
menanjak,menanjak
ascend,ascend
menjelajah,menjelajah
cruising,cruising
tujuan,tuju
kredibilitas,kredibilitas
kebijakan,kebija
independensi,independens
bank,bank
sentral,sentral
menentukan,menentu
program,program
stabilisasi,stabilisasi
dana,dana
moneter,moneter
internasional,internasional
imf,imf
berat,berat
konsisten,konsisten
dijalankan,jalan
kredibilitas,kredibilitas
kebijakan,kebija
ekonomi,ekonomi
terpuruk,terpuruk
dibangkitkan,bangkit
rupiah,rupiah
menguat,menguat
rp,rp
16,16
700,700
an,an
rp,rp
6,6
700,700
an,an
dollar,dollar
as,as
tekanan,kanan
politik,politik
pemerintah,pemerin
mendukung,mendukung
kebijakan,kebija
programnya,program
sejalan,sejal
prinsip,prinsip
ekonomi,ekonomi
upaya,upaya
menjaga,menjaga
independensi,independens
bi,b
mengalami,mengalam
kesulitan,sulit
ekonomi,ekonomi
cadangan,cadang
devisa,devisa
meningkat,meningkat
melemah,lemah
kewibawaan,wibawa
efektivitas,efektivitas
kebijakan,kebija
pengenaan,pengena
tarif,tarif
impor,impor
as,as
menambah,menambah
tekanan,kanan
nilai,nilai
tukar,tukar
rupiah,rupiah
perekonomian,perekonomi
menyelaraskan,menyelaras
kebijakan,kebija
bi,b
intervensi,intervensi
pasar,pasar
keuangan,uang
menstabilkan,menstabil
nilai,nilai
tukar,tukar
mata,mata
uang,uang
langkah,langkah
membutuhkan,membutuh
biaya,biaya
menambah,menambah
beban,beban
volume,volume
cadangan,cadang
devisa,devisa
kebijakan,kebija
mewajibkan,wajib
eksportir,eksportir
sumber,sumber
daya,daya
alam,alam
menyimpan,menyimp
devisa,devisa
ekspornya,ekspor
negeri,negeri
mengalami,mengalam
peningkatan,peningkat
kewibawaan,wibawa
otoritas,otoritas
moneter,moneter
menentukan,menentu
stabilitas,stabilitas
rupiah,rupiah
keuangan,uang
kewibawaan,wibawa
ditegakkan,tegak
cadangan,cadang
devisa,devisa
ditingkatkan,tingkat
intervensi,intervensi
pasar,pasar
terukur,terukur
koordinasi,koordinasi
kebijakan,kebija
ekonomi,ekonomi
konstruktif,konstruktif
upaya,upaya
mendorong,mendorong
aliran,alir
modal,modal
negeri,negeri
menghadapi,menghadap
pengenaan,pengena
tarif,tarif
resiprokal,resiprokal
32,32
persen,persen
trump,trump
penerapannya,penerap
ditangguhkan,tangguh
90,90
kemampuan,mampu
diplomasi,diplomasi
indonesia,indonesia
bernegosiasi,bernegosias
krusial,krusial
indonesia,indonesia
posisi,posisi
retaliasi,retalias
tarif,tarif
resiprokal,resiprokal
as,as
balasan,balas
bea,bea
masuk,masuk
persyaratan,persyarat
tingkat,tingkat
komponen,komponen
negeri,negeri
tkdn,tkdn
keharusan,harus
menyimpan,menyimp
penerimaan,penerima
ekspor,ekspor
negeri,negeri
hambatan,hambat
perdagangan,perdagang
diterapkan,terap
indonesia,indonesia
rezim,rezim
internasional,internasional
kuat,kuat
ditegakkan,tegak
negara,negara
negara,negara
bergerak,bergerak
bidang,bidang
antariksa,antariksa
mengulangi,mengulang
kesalahan,salah
era,era
eksplorasi,eksplorasi
imperialisme,imperialisme
okupasi,okupasi
berubah,rubah
era,era
penjelajahan,penjelajah
antariksa,antariksa
supremasisme,supremasisme
mendominasi,mendominas
menguasai,menguasa
mengontrol,mengontrol
entitas,entitas
kelompoknya,kelompok
didukung,dukung
kekuatan,kuat
modal,modal
teknologi,teknologi
mutakhir,mutakhir
hasrat,hasrat
superior,superior
menemukan,menemu
jalan,jalan
eksploitasi,eksploitasi
orbit,orbit
bumi,bumi
tonggak,tonggak
tata,tata
kelola,kelola
antariksa,antariksa
outer,outer
space,space
treaty,treaty
ost,ost
1967,1967
komprehensif,komprehensif
membahas,membahas
okupasi,okupasi
orbit,orbit
perjanjian,perjanji
internasional,internasional
meramalkan,ramal
melarang,larang
penyebaran,penyebar
satelit,satelit
kendali,kendali
mengakibatkan,mengakibat
pendudukan,pendudu
ruang,ruang
orbit,orbit
bumi,bumi
de,de
facto,facto
katalog,katalog
orbit,orbit
satelit,satelit
bumi,bumi
badan,badan
penerbangan,penerbang
antariksa,antariksa
nasa,nasa
amerika,amerika
serikat,serikat
satelit,satelit
diluncurkan,luncur
orbit,orbit
bumi,bumi
rendah,rendah
kian,kian
bertambah,bertambah
satelit,satelit
diluncurkan,luncur
60,60
satelit,satelit
mencapai,mencapa
orbit,orbit
minggu,minggu
amerika,amerika
serikat,serikat
terdepan,terdep
starlink,starlink
dioperasikan,operasi
spacex,spacex
milik,milik
elon,elon
musk,musk
data,data
statistik,statistik
peluncuran,luncur
starlink,starlink
dirangkum,rangkum
februari,februari
2025,2025
7,7
086,086
satelit,satelit
orbit,orbit
42,42
000,000
satelit,satelit
rencana,rencana
megakonstelasinya,megakonstelas
ruang,ruang
orbit,orbit
bumi,bumi
rendah,rendah
ditempati,tempat
satelit,satelit
terbatas,terbatas
fokus,fokus
berbeda,berbeda
visioner,visioner
indonesia,indonesia
negara,negara
negara,negara
khatulistiwa,khatulistiwa
mengeluarkan,mengeluar
deklarasi,deklarasi
bogota,bogota
1976,1976
mendorong,mendorong
pengakuan,pengaku
dunia,dunia
hubungan,hubung
khusus,khusus
orbit,orbit
geostasioner,geostasioner
dominasi,dominasi
ruang,ruang
orbit,orbit
menimbulkan,menimbul
kritik,kritik
protes,protes
keras,keras
negara,negara
negara,negara
lambat,lambat
berpartisipasi,berpartisipas
lawan,lawan
politik,politik
as,as
sekutunya,sekutu
china,china
melayangkan,layang
keluhan,keluh
perserikatan,perserikat
bangsa,bangsa
bangsa,bangsa
gangguan,ganggu
operasi,operasi
satelit,satelit
rencana,rencana
tindakan,tinda
balasan,balas
china,china
ancaman,ancam
rusia,rusia
satelit,satelit
komunikasi,komunikasi
starlink,starlink
dipakai,dipaka
ukraina,ukraina
garis,garis
kolonialisme,kolonialisme
kontemporer,kontemporer
berbahaya,berbahaya
klaim,klaim
kepemilikan,kepemili
de,de
facto,facto
pernyataan,pernyata
kepemilikannya,kepemili
bersifat,bersifat
pasif,pasif
berkembang,berkembang
ambiguitas,ambiguitas
hukum,hukum
mekanisme,mekanisme
penegakan,penega
hukum,hukum
penulis,penulis
setuju,tuju
gagasan,gagas
moriba,moriba
jah,jah
aiaa,aiaa
2023,2023
mengartikan,mengarti
okupasi,okupasi
pasif,pasif
diam,diam
diam,diam
bentuk,bentuk
klaim,klaim
kepemilikan,kepemili
pengelolaan,pengelola
pendudukan,pendudu
orbit,orbit
terbuka,terbuka
memiliki,milik
prioritas,prioritas
operasional,operasional
ruang,ruang
duduki,duduk
arti,arti
mengklaim,mengklaim
hak,hak
tindakan,tinda
hukum,hukum
okupasi,okupasi
ruang,ruang
orbit,orbit
implisit,implisit
klaim,klaim
ruang,ruang
penegasan,penegas
kepemilikan,kepemili
diam,diam
diam,diam
paradoks,paradoks
warisan,waris
umat,umat
manusia,manusia
tanggapan,tanggap
keras,keras
dominasi,dominasi
ruang,ruang
orbit,orbit
bernasib,bernasib
deklarasi,deklarasi
bogota,bogota
berbeda,berbeda
perjanjian,perjanji
1979,1979
ditolak,tolak
memunculkan,muncul
ketentuan,tentu
sumber,sumber
daya,daya
benda,benda
benda,benda
langit,langit
warisan,waris
umat,umat
manusia,manusia
perjanjian,perjanji
gagal,gagal
kurangnya,kurang
dukungan,dukung
spacefaring,spacefaring
nations,nations
isu,isu
isu,isu
utama,utama
kekhawatiran,khawatir
pembatasan,pembatas
hak,hak
milik,milik
pribadi,pribadi
komersialisasi,komersialisasi
ruang,ruang
angkasa,angkasa
menyebabkan,menyebab
negara,negara
enggan,enggan
menandatangani,menandatangan
perjanjian,perjanji
kritikus,kritikus
barat,barat
ketentuan,tentu
pasal,pasal
11,11
ayat,ayat
1,1
perjanjian,perjanji
dipandang,pandang
jalan,jalan
sosialisasi,sosialisasi
timothy,timothy
nelson,nelson
2011,2011
ironi,ironi
melekatkan,lekat
konotasi,konotasi
sosialis,sosialis
dugaan,duga
rumusan,rumus
diciptakan,cipta
blok,blok
soviet,soviet
sejatinya,sejati
rumusan,rumus
pasal,pasal
mencerminkan,mencermin
konsep,konsep
wilayah,wilayah
menguntungkan,menguntung
mencakup,mencakup
enjoyment,enjoyment
keuntungan,untung
penerimaan,penerima
hasil,hasil
paradoks,paradoks
pengaturan,pengatur
ruang,ruang
angkasa,angkasa
prinsip,prinsip
first,first
come,come
first,first
served,served
melingkupi,lingkup
kebiasaan,biasa
internasional,internasional
bidang,bidang
keantariksaan,antariksa
prinsip,prinsip
berkembang,berkembang
konsep,konsep
res,res
nullius,nullius
mengakui,mengaku
okupasi,okupasi
metode,metode
orisinal,orisinal
memperoleh,memperoleh
kepemilikan,kepemili
properti,properti
pemilik,milik
ost,ost
1967,1967
hakikatnya,hakikat
menetapkan,menetap
ruang,ruang
angkasa,angkasa
wilayah,wilayah
ekstra,ekstra
yurisdiksi,yurisdiksi
negara,negara
melaksanakan,laksana
hak,hak
kedaulatan,daulat
wilayah,wilayah
hukum,hukum
antariksa,antariksa
mengakui,mengaku
ruang,ruang
angkasa,angkasa
res,res
communis,communis
omnium,omnium
dimiliki,milik
masyarakat,masyarakat
konsep,konsep
konservatif,konservatif
mendahului,mendahulu
konsep,konsep
konsep,konsep
terkini,terkin
milik,milik
prinsip,prinsip
common,common
heritage,heritage
of,of
mankind,mankind
muncul,muncul
perjanjian,perjanji
khusus,khusus
negara,negara
negara,negara
berkembang,berkembang
menafsirkan,menafsir
konsep,konsep
mewujudkan,wujud
prinsip,prinsip
sumber,sumber
daya,daya
antariksa,antariksa
milik,milik
negara,negara
dibutuhkan,butuh
kendali,kendali
internasional,internasional
sumber,sumber
daya,daya
antariksa,antariksa
tujuan,tuju
mendistribusikan,mendistribusi
kekayaan,kaya
teknologi,teknologi
negara,negara
negara,negara
rezim,rezim
internasional,internasional
lambat,lambat
beradaptasi,beradaptas
negara,negara
swasta,swasta
komersialisasi,komersialisasi
ruang,ruang
angkasa,angkasa
menciptakan,mencipta
peluang,peluang
sisi,sisi
mengatalisasi,mengatalisas
organisasi,organisasi
multilateral,multilateral
memecah,memecah
dunia,dunia
rezim,rezim
regulasi,regulasi
terpisah,terpisah
terkoordinasi,terkoordinas
sempurna,sempurna
pembentukan,pembentu
artemis,artemis
accords,accords
2020,2020
digagas,gagas
dipimpin,pimpin
as,as
program,program
kemitraan,mitra
berisi,beris
serangkaian,rangkai
norma,norma
upaya,upaya
as,as
membangun,membangun
sekutu,sekutu
dominasi,dominasi
aktivitas,aktivitas
antariksa,antariksa
program,program
artemis,artemis
dipandang,pandang
berpusat,berpusat
as,as
kepentingan,penting
komersial,komersial
negara,negara
bergabung,bergabung
memilih,memilih
mematuhi,mematuh
perjanjian,perjanji
1979,1979
perjanjian,perjanji
komprehensif,komprehensif
kesepakatan,sepakat
disusun,susun
perjanjian,perjanji
bilateral,bilateral
menarik,menarik
negara,negara
dibandingkan,banding
perjanjian,perjanji
multilateral,multilateral
melibatkan,libat
konsensus,konsensus
kerja,kerja
internasional,internasional
luas,luas
sayangnya,sayang
kerangka,kerangka
regulasi,regulasi
internasional,internasional
cepat,cepat
beradaptasi,beradaptas
perkembangan,perkembang
aktivitas,aktivitas
antariksa,antariksa
melaju,laju
cepat,cepat
proliferasi,proliferasi
aktivitas,aktivitas
antariksa,antariksa
komersial,komersial
menuntut,menuntut
koordinasi,koordinasi
pengawasan,pengawas
kuat,kuat
meminimalkan,minimal
kecelakaan,celaka
teknis,teknis
dampak,dampak
negatif,negatif
lingkungan,lingkung
ketegangan,tegang
politik,politik
hukum,hukum
internasional,internasional
menjaga,menjaga
akuntabilitas,akuntabilitas
mengatur,mengatur
aktivitas,aktivitas
komersial,komersial
pemanfaatan,manfaat
ruang,ruang
angkasa,angkasa
adil,adil
berkesinambungan,berkesinambung
komunitas,komunitas
internasional,internasional
bergantung,bergantung
perjanjian,perjanji
mengatur,mengatur
mengorganisasikan,mengorganisasi
aktivitas,aktivitas
antariksa,antariksa
ost,ost
1967,1967
space,space
liability,liability
convention,convention
1972,1972
disayangkan,sayang
pedoman,pedoman
perilaku,perilaku
bertanggung,bertanggung
aktor,aktor
negara,negara
tata,tata
kelola,kelola
global,global
aktivitas,aktivitas
antariksa,antariksa
sepenuhnya,sepenuh
mengatur,mengatur
aktor,aktor
nonnegara,nonnegara
salah,salah
diharapkan,harap
dominasi,dominasi
swasta,swasta
berpotensi,berpotens
monopoli,monopoli
sumber,sumber
daya,daya
antariksa,antariksa
kepentingan,penting
komersial,komersial
melemahkan,lemah
kolaborasi,kolaborasi
eksplorasi,eksplorasi
mengutamakan,mengutama
keuntungan,untung
tujuan,tuju
ilmiah,ilmiah
semangat,semangat
perjanjian,perjanji
internasional,internasional
berkembangnya,berkembang
peran,peran
aktor,aktor
nonnegara,nonnegara
menantang,menantang
kapasitas,kapasitas
negara,negara
negara,negara
komunitas,komunitas
internasional,internasional
mengkaji,mengkaj
ulang,ulang
ost,ost
dipikirkan,pikir
traktat,traktat
antariksa,antariksa
komprehensif,komprehensif
tantangan,tantang
dibutuhkan,butuh
kerangka,kerangka
regulasi,regulasi
adil,adil
spesifik,spesifik
terkait,terkait
kepemilikan,kepemili
penggunaan,pengguna
sumber,sumber
daya,daya
antariksa,antariksa
tanggung,tanggung
sosial,sosial
lingkungan,lingkung
mekanisme,mekanisme
penegakan,penega
hukum,hukum
kuat,kuat
kompromi,kompromi
dibutuhkan,butuh
regulasi,regulasi
diterima,terima
kepentingan,penting
mendukung,mendukung
tata,tata
kelola,kelola
berkelanjutan,berkelanjut
pembentukan,pembentu
forum,forum
internasional,internasional
konferensi,konferensi
rutin,rutin
lintas,lintas
sektoral,sektoral
kepentingan,penting
keharusan,harus
dialog,dialog
terbuka,terbuka
dibutuhkan,butuh
membahas,membahas
memperbarui,memperbaru
protokol,protokol
protokol,protokol
sesuai,sesuai
perkembangan,perkembang
teknologi,teknologi
aktivitas,aktivitas
ilmiah,ilmiah
komersial,komersial
ruang,ruang
angkasa,angkasa
diatur,atur
bertanggung,bertanggung
mendesak,mendesak
ketegangan,tegang
meningkat,meningkat
isu,isu
berkembang,berkembang
pertikaian,pertikai
diplomatik,diplomatik
ketegangan,tegang
geopolitik,geopolitik
skenario,skenario
terburuk,terburuk
berujung,berujung
konflik,konflik
terbuka,terbuka
menteri,menteri
pendidikan,pendidi
dasar,dasar
menengah,menengah
abdul,abdul
mu,mu
ti,t
rapat,rapat
kerja,kerja
komisi,komisi
x,x
dpr,dpr
rabu,rabu
6,6
11,11
2024,2024
memaparkan,memapar
enam,enam
program,program
prioritas,prioritas
sektor,sektor
pendidikan,pendidi
dasar,dasar
menengah,menengah
program,program
program,program
bertujuan,bertuju
meningkatkan,meningkat
kualitas,kualitas
pendidikan,pendidi
meratakan,rata
akses,akses
anak,anak
bangsa,bangsa
mengacu,mengacu
undang,undang
undang,undang
nomor,nomor
20,20
2003,2003
sistem,sistem
pendidikan,pendidi
nasional,nasional
visi,visi
diusung,usung
pendidikan,pendidi
bermutu,bermutu
program,program
penguatan,penguat
pendidikan,pendidi
karakter,karakter
menekankan,menekan
akhlak,akhlak
kesehatan,sehat
siswa,siswa
dasar,dasar
pembentukan,pembentu
karakter,karakter
bangsa,bangsa
wajib,wajib
belajar,belajar
13,13
berfokus,berfokus
perluasan,perluas
akses,akses
pendidikan,pendidi
dukungan,dukung
pendidikan,pendidi
anak,anak
usia,usia
paud,paud
melibatkan,libat
sukarelawan,sukarelaw
pendidikan,pendidi
ketiga,tiga
peningkatan,peningkat
kualifikasi,kualifikasi
guru,guru
pelatihan,latih
peningkatan,peningkat
kesejahteraan,sejahtera
guru,guru
tujuan,tuju
mencetak,mencetak
tenaga,tenaga
pendidik,pendidik
berkualitas,berkualitas
keempat,empat
pendidikan,pendidi
literasi,literas
sains,sains
meningkatkan,meningkat
keterampilan,terampil
teknologi,teknologi
siswa,siswa
perbaikan,perbai
sarana,sarana
prasarana,prasarana
mencakup,mencakup
renovasi,renovasi
sekolah,sekolah
menciptakan,mencipta
lingkungan,lingkung
belajar,belajar
layak,layak
pembangunan,pembangun
bahasa,bahasa
sastra,sastra
melestarikan,lestari
bahasa,bahasa
daerah,daerah
meningkatkan,meningkat
literasi,literas
bahasa,bahasa
indonesia,indonesia
semangat,semangat
diusung,usung
mendikdasmen,mendikdasmen
relevan,relevan
cita,cita
cita,cita
keadilan,adil
sosial,sosial
terkandung,terkandung
pancasila,pancasila
uud,uud
1945,1945
pendidikan,pendidi
berkualitas,berkualitas
diakses,akses
rakyat,rakyat
indonesia,indonesia
daerah,daerah
terpencil,terpencil
luasnya,luas
wilayah,wilayah
indonesia,indonesia
disertai,serta
tantangan,tantang
geografis,geografis
akses,akses
pendidikan,pendidi
adil,adil
prioritas,prioritas
tantangan,tantang
ketimpangan,timpang
infrastruktur,infrastruktur
pendidikan,pendidi
daerah,daerah
daerah,daerah
terpencil,terpencil
diatasi,atas
menciptakan,mencipta
pemerataan,rata
pendidikan,pendidi
sesuai,sesuai
amanat,amanat
konstitusi,konstitusi
mencerdaskan,mencerdas
kehidupan,hidup
bangsa,bangsa
kesenjangan,senjang
kualitas,kualitas
pendidikan,pendidi
daerah,daerah
perkotaan,perkota
terpencil,terpencil
permasalahan,permasalah
serius,serius
indonesia,indonesia
pasal,pasal
31,31
uud,uud
1945,1945
warga,warga
negara,negara
berhak,berhak
pendidikan,pendidi
layak,layak
realitasnya,realitas
hak,hak
sepenuhnya,sepenuh
terpenuhi,terpenuh
daerah,daerah
terpencil,terpencil
sekolah,sekolah
sekolah,sekolah
wilayah,wilayah
kali,kali
kekurangan,kurang
tenaga,tenaga
pengajar,pengajar
fasilitas,fasilitas
pendukung,pendukung
berdampak,berdampak
kualitas,kualitas
pendidikan,pendidi
diterima,terima
siswa,siswa
bertentangan,bertentang
prinsip,prinsip
keadilan,adil
penyediaan,penyedia
akses,akses
pendidikan,pendidi
pemerintah,pemerin
meluncurkan,luncur
program,program
guru,guru
garis,garis
ggd,ggd
program,program
indonesia,indonesia
mengajar,mengajar
bertujuan,bertuju
mendistribusikan,mendistribusi
guru,guru
berkualitas,berkualitas
daerah,daerah
terpencil,terpencil
tantangan,tantang
dihadapi,hadap
kualitas,kualitas
pendidikan,pendidi
daerah,daerah
perhatian,perhati
terkait,terkait
peningkatan,peningkat
anggaran,anggar
pelatihan,latih
berkelanjutan,berkelanjut
guru,guru
kebijakan,kebija
inklusif,inklusif
langkah,langkah
siswa,siswa
indonesia,indonesia
kota,kota
pelosok,pelosok
menikmati,nikmat
hak,hak
pendidikan,pendidi
setara,tara
guru,guru
berkualitas,berkualitas
kunci,kunci
utama,utama
menentukan,menentu
keberhasilan,keberhasil
siswa,siswa
materi,materi
kurikulum,kurikulum
bertindak,bertindak
pembimbing,pembimbing
motivator,motivator
sumber,sumber
inspirasi,inspirasi
siswa,siswa
keberadaan,keberada
guru,guru
kompeten,kompeten
terlatih,terlatih
berpengalaman,berpengalam
meningkatkan,meningkat
hasil,hasil
belajar,belajar
siswa,siswa
signifikan,signifikan
penelitian,peneliti
guru,guru
kemampuan,mampu
mengajar,mengajar
mendorong,mendorong
prestasi,prestasi
akademik,akademik
siswa,siswa
tingkat,tingkat
studi,studi
sanders,sanders
rivers,rivers
1996,1996
menemukan,menemu
siswa,siswa
diajar,ajar
guru,guru
berkualitas,berkualitas
mengalami,mengalam
peningkatan,peningkat
prestasi,prestasi
akademik,akademik
dibandingkan,banding
siswa,siswa
belajar,belajar
guru,guru
kompetensi,kompetensi
rendah,rendah
mengajarkan,mengajar
pelajaran,pelajar
kelas,kelas
guru,guru
berkualitas,berkualitas
memanfaatkan,manfaat
metode,metode
pembelajaran,pembelajar
kreatif,kreatif
inovatif,inovatif
fokus,fokus
pencapaian,pencapai
akademis,akademis
pengembangan,pengembang
karakter,karakter
keterampilan,terampil
sosial,sosial
siswa,siswa
metode,metode
pembelajaran,pembelajar
efektif,efektif
interaktif,interaktif
proses,proses
belajar,belajar
menyenangkan,menyenang
meningkatkan,meningkat
motivasi,motivasi
belajar,belajar
siswa,siswa
daerah,daerah
indonesia,indonesia
memiliki,milik
akses,akses
guru,guru
berkualitas,berkualitas
daerah,daerah
terpencil,terpencil
tantangan,tantang
pengajaran,pengajar
bermutu,bermutu
guru,guru
ditempatkan,tempat
wilayah,wilayah
kali,kali
menghadapi,menghadap
keterbatasan,keterbatas
minimnya,minim
akses,akses
pelatihan,latih
profesional,profesional
kurangnya,kurang
sarana,sarana
pendukung,pendukung
dukungan,dukung
pemerintah,pemerin
terkadang,terkadang
memadai,mada
kualitas,kualitas
pengajaran,pengajar
rendah,rendah
salah,salah
terbesar,terbesar
distribusi,distribusi
guru,guru
merata,rata
guru,guru
guru,guru
berkualitas,berkualitas
cenderung,cenderung
mengajar,mengajar
daerah,daerah
perkotaan,perkota
memiliki,milik
fasilitas,fasilitas
akibatnya,akibat
sekolah,sekolah
daerah,daerah
terpencil,terpencil
kali,kali
kekurangan,kurang
guru,guru
kompeten,kompeten
ketimpangan,timpang
kualitas,kualitas
pendidikan,pendidi
faktor,faktor
motivasi,motivasi
kesejahteraan,sejahtera
guru,guru
hambatan,hambat
tersendiri,tersendir
kurangnya,kurang
insentif,insentif
tunjangan,tunjang
khusus,khusus
guru,guru
bertugas,bertugas
daerah,daerah
terpencil,terpencil
enggan,enggan
mengabdi,mengabd
wilayah,wilayah
dibutuhkan,butuh
solusi,solusi
komprehensif,komprehensif
meningkatkan,meningkat
motivasi,motivasi
guru,guru
daerah,daerah
terpencil,terpencil
mengatasinya,mengatas
strategi,strategi
diimplementasikan,implementasi
salah,salah
satunya,satu
meningkatkan,meningkat
kompetensi,kompetensi
guru,guru
pelatihan,latih
sertifikasi,sertifikasi
berkala,berkala
bertugas,bertugas
daerah,daerah
sulit,sulit
dijangkau,jangkau
penggunaan,pengguna
teknologi,teknologi
e,e
learning,learning
solusi,solusi
pelatihan,latih
jarak,jarak
guru,guru
mengembangkan,mengembang
kemampuan,mampu
meninggalkan,meninggal
tugas,tugas
peningkatan,peningkat
kompetensi,kompetensi
insentif,insentif
khusus,khusus
guru,guru
bersedia,bersedia
mengajar,mengajar
daerah,daerah
terpencil,terpencil
pemerintah,pemerin
tunjangan,tunjang
daerah,daerah
terpencil,terpencil
kenaikan,kenai
gaji,gaji
fasilitas,fasilitas
perumahan,rumah
layak,layak
kolaborasi,kolaborasi
sektor,sektor
lembaga,lembaga
swadaya,swadaya
masyarakat,masyarakat
sektor,sektor
swasta,swasta
lembaga,lembaga
pendidikan,pendidi
membantu,membantu
menyediakan,menyedia
sumber,sumber
daya,daya
tambahan,tambah
perusahaan,perusaha
teknologi,teknologi
menyediakan,menyedia
perangkat,perangkat
digital,digital
akses,akses
internet,internet
universitas,universitas
mengirim,mengirim
mahasiswa,mahasiswa
pendidikan,pendidi
magang,magang
asisten,asisten
guru,guru
sekolah,sekolah
sekolah,sekolah
langkah,langkah
inovatif,inovatif
mengatasi,mengatas
kekurangan,kurang
guru,guru
daerah,daerah
terpencil,terpencil
lulusan,lulus
akademi,akademi
militer,militer
akmil,akmil
dilibatkan,libat
tenaga,tenaga
pengajar,pengajar
individu,individu
individu,individu
pilihan,pilih
kecakapan,cakap
akademik,akademik
kedisiplinan,disiplin
lulus,lulus
seleksi,seleksi
ketat,ketat
segi,segi
akademik,akademik
fisik,fisik
sma,sma
latar,latar
pendidikan,pendidi
berfokus,berfokus
pertahanan,pertahan
keamanan,aman
konsep,konsep
pertahanan,pertahan
diinterpretasikan,interpretasi
luas,luas
pendekatan,pendekat
memberdayakan,memberdaya
masyarakat,masyarakat
sektor,sektor
pendidikan,pendidi
lulusan,lulus
akmil,akmil
efektif,efektif
mengajar,mengajar
pelatihan,latih
tambahan,tambah
pedagogi,pedagogi
penguasaan,penguasa
kurikulum,kurikulum
sd,sd
smp,smp
sma,sma
keterampilan,terampil
mendidik,mendidik
siswa,siswa
wilayah,wilayah
sulit,sulit
dijangkau,jangkau
guru,guru
profesional,profesional
langkah,langkah
mengatasi,mengatas
kekosongan,kosong
tenaga,tenaga
pengajar,pengajar
memperkuat,memperkuat
kehadiran,hadir
negara,negara
pemerataan,rata
pendidikan,pendidi
mengaitkan,mengait
gagasan,gagas
sistem,sistem
pertahanan,pertahan
keamanan,aman
rakyat,rakyat
semesta,semesta
sishankamrata,sishankamrata
memperluas,memperluas
makna,makna
pertahanan,pertahan
negara,negara
pendidikan,pendidi
sishankamrata,sishankamrata
melibatkan,libat
warga,warga
negara,negara
sumber,sumber
daya,daya
nasional,nasional
menjaga,menjaga
kedaulatan,daulat
penugasan,penugas
lulusan,lulus
akmil,akmil
memperkuat,memperkuat
fondasi,fondasi
pertahanan,pertahan
bangsa,bangsa
jangka,jangka
menempatkan,menempat
sekolah,sekolah
sekolah,sekolah
terpencil,terpencil
membantu,membantu
mencerdaskan,mencerdas
bangsa,bangsa
menumbuhkan,menumbuh
cinta,cinta
tanah,tanah
air,air
semangat,semangat
bela,bela
negara,negara
kesimpulannya,simpul
kualitas,kualitas
guru,guru
menentukan,menentu
keberhasilan,keberhasil
siswa,siswa
guru,guru
berkualitas,berkualitas
membentuk,membentuk
lingkungan,lingkung
belajar,belajar
kondusif,kondusif
meningkatkan,meningkat
prestasi,prestasi
akademik,akademik
karakter,karakter
siswa,siswa
peningkatan,peningkat
kualitas,kualitas
guru,guru
daerah,daerah
terpencil,terpencil
investasi,investasi
jangka,jangka
indonesia,indonesia
mewujudkan,wujud
pendidikan,pendidi
merata,rata
sesuai,sesuai
amanat,amanat
konstitusi,konstitusi
komitmen,komitmen
pemerintah,pemerin
kebijakan,kebija
inklusif,inklusif
dukungan,dukung
berkelanjutan,berkelanjut
pendidikan,pendidi
berkualitas,berkualitas
dinikmati,nikmat
anak,anak
bangsa,bangsa
membangun,membangun
generasi,generasi
cerdas,cerdas
kompeten,kompeten
menghadapi,menghadap
tantangan,tantang
global,global
dinamika,dinamika
global,global
bergerak,bergerak
diwarnai,warna
ketegangan,tegang
politik,politik
rivalitas,rivalitas
antarnegara,antarnegara
ancaman,ancam
bencana,bencana
alam,alam
diabaikan,abai
dampaknya,dampak
kalah,kalah
destruktif,destruktif
cincin,cincin
api,api
pasifik,pasifik
indonesia,indonesia
rentan,rentan
bencana,bencana
alam,alam
letusan,letus
gunung,gunung
berapi,rap
gempa,gempa
bumi,bumi
tsunami,tsunami
bencana,bencana
hidrometeorologi,hidrometeorologi
banjir,banjir
puting,puting
beliung,beliung
kekeringan,kering
meningkat,meningkat
situasi,situasi
geografis,geografis
dampak,dampak
perubahan,rubah
iklim,iklim
mengharuskan,mengharus
indonesia,indonesia
memiliki,milik
tingkat,tingkat
kesiapan,kesiap
menghadapi,menghadap
bencana,bencana
meningkatkan,meningkat
kesiapsiagaan,kesiapsiaga
memperkuat,memperkuat
respons,respons
bencana,bencana
mendorong,mendorong
keamanan,aman
inklusif,inklusif
kawasan,kawasan
tni,tn
angkatan,angkat
udara,udara
tni,tn
au,au
menggelar,menggelar
regional,regional
air,air
and,and
space,space
power,power
forum,forum
kali,kali
nusa,nusa
bali,bal
forum,forum
bertujuan,bertuju
membahas,membahas
perkembangan,perkembang
teknologi,teknologi
dirgantara,dirgantara
terkini,terkin
relevan,relevan
operasi,operasi
bantuan,bantu
kemanusiaan,manusia
penanggulangan,penanggulang
bencana,bencana
humanitarian,humanitari
assistance,assistance
and,and
disaster,disaster
relief,relief
hadr,hadr
teknologi,teknologi
berfokus,berfokus
pengembangan,pengembang
unmanned,unmanned
aerial,aerial
vehicle,vehicle
uav,uav
platform,platform
mobilitas,mobilitas
udara,udara
intelligence,intelligence
surveillance,surveillance
and,and
reconnaissance,reconnaissance
isr,isr
teknologi,teknologi
satelit,satelit
bencana,bencana
alam,alam
mengenal,mengenal
batas,batas
negara,negara
kolaborasi,kolaborasi
internasional,internasional
hadr,hadr
kolaborasi,kolaborasi
jembatan,jembatan
antarnegara,antarnegara
terlepas,terlepas
perbedaan,perbeda
politik,politik
nilai,nilai
nilai,nilai
kemanusiaan,manusia
tni,tn
pilar,pilar
pertahanan,pertahan
negara,negara
sesuai,sesuai
undang,undang
undang,undang
nomor,nomor
34,34
2004,2004
berperan,berper
operasi,operasi
militer,militer
perang,perang
operasi,operasi
hadr,hadr
upaya,upaya
meningkatkan,meningkat
kesiapsiagaan,kesiapsiaga
respons,respons
bencana,bencana
kemampuannya,mampu
bergerak,bergerak
cepat,cepat
wilayah,wilayah
kekuatan,kuat
udara,udara
tni,tn
au,au
respons,respons
luas,luas
efisien,efisien
tni,tn
au,au
kemampuan,mampu
membantu,membantu
penanggulangan,penanggulang
bencana,bencana
contoh,contoh
mei,mei
2024,2024
komando,komando
pasukan,pasu
gerak,gerak
cepat,cepat
kopasgat,kopasgat
tni,tn
au,au
mengevakuasi,mengevakuas
100,100
warga,warga
kabupaten,kabupaten
luwu,luwu
sulawesi,sulawes
selatan,selatan
terdampak,terdampak
banjir,banjir
tanah,tanah
longsor,longsor
berkat,berkat
dukungan,dukung
aset,aset
udara,udara
kopasgat,kopasgat
menembus,menembus
daerah,daerah
terisolasi,terisolas
menyelamatkan,menyelamat
nyawa,nyawa
bantuan,bantu
medis,medis
korban,korban
mendukung,mendukung
evakuasi,evakuasi
tni,tn
au,au
berperan,berper
operasi,operasi
pemadaman,madam
kebakaran,bakar
hutan,hutan
sumatera,sumatera
kalimantan,kalimant
pesawat,pesawat
helikopter,helikopter
tni,tn
au,au
kerap,kerap
mencegah,mencegah
kebakaran,bakar
hutan,hutan
teknologi,teknologi
modifikasi,modifikasi
cuaca,cuaca
tmc,tmc
memadamkan,madam
api,api
menyalurkan,menyalur
bantuan,bantu
helikopter,helikopter
tni,tn
au,au
h225m,h225m
caracal,caracal
membantu,membantu
badan,badan
nasional,nasional
penanggulangan,penanggulang
bencana,bencana
bnpb,bnpb
memadamkan,madam
api,api
membantu,membantu
evakuasi,evakuasi
menyalurkan,menyalur
bantuan,bantu
pesawat,pesawat
tni,tn
au,au
c,c
130j,130j
hercules,hercules
mengangkut,mengangkut
bantuan,bantu
berperan,berper
misi,misi
misi,misi
bantuan,bantu
berskala,berskala
c,c
130j,130j
peran,peran
kunci,kunci
misi,misi
air,air
drop,drop
bantuan,bantu
kemanusiaan,manusia
gaza,gaza
palestina,palestina
penggunaan,pengguna
teknologi,teknologi
satelit,satelit
kian,kian
meningkat,meningkat
operasi,operasi
hadr,hadr
pemantauan,pemantau
jarak,jarak
komunikasi,komunikasi
satelit,satelit
synthetic,synthetic
aperture,aperture
radar,radar
sar,sar
gambaran,gambar
akurat,akurat
kondisi,kondisi
visual,visual
cuaca,cuaca
buruk,buruk
malam,malam
teknologi,teknologi
satelit,satelit
mendukung,mendukung
komunikasi,komunikasi
infrastruktur,infrastruktur
komunikasi,komunikasi
darat,darat
rusak,rusak
akibat,akibat
bencana,bencana
gempa,gempa
bumi,bumi
tsunami,tsunami
palu,palu
2018,2018
satelit,satelit
lapan,lap
a2,a2
menjaga,menjaga
komunikasi,komunikasi
daerah,daerah
terdampak,terdampak
warga,warga
berkomunikasi,berkomunikas
perkembangan,perkembang
kalah,kalah
teknologi,teknologi
dirgantara,dirgantara
operasi,operasi
hadr,hadr
penggunaan,pengguna
uav,uav
drone,drone
uav,uav
efektif,efektif
operasi,operasi
tanggap,tanggap
darurat,darurat
penggunaannya,pengguna
terbatas,terbatas
medan,medan
perang,perang
bermanfaat,bermanfaat
operasi,operasi
kemanusiaan,manusia
contohnya,contoh
gempa,gempa
bumi,bumi
nepal,nepal
2021,2021
pemerintah,pemerin
nepal,nepal
uav,uav
memetakan,meta
daerah,daerah
bencana,bencana
menilai,nila
kondisi,kondisi
wilayah,wilayah
sulit,sulit
diakses,akses
penggunaan,pengguna
uav,uav
mempercepat,mempercepat
proses,proses
penilaian,nilai
kerusakan,rusa
respons,respons
cepat,cepat
kebutuhan,butuh
lapangan,lapang
uav,uav
terbukti,terbukt
berguna,berguna
operasi,operasi
pencarian,pencari
penyelamatan,penyelamat
kecelakaan,celaka
helikopter,helikopter
melibatkan,libat
presiden,presiden
iran,ir
ebrahim,ebrahim
raisi,rais
uav,uav
bayraktar,bayraktar
akinci,akinc
turki,turk
menemukan,menemu
lokasi,lokasi
kecelakaan,celaka
efektivitas,efektivitas
uav,uav
meningkatkan,meningkat
kesadaran,sadar
situasional,situasional
membantu,membantu
pencarian,pencari
wilayah,wilayah
sulit,sulit
diakses,akses
teknologi,teknologi
kolaborasi,kolaborasi
internasional,internasional
elemen,elemen
operasi,operasi
hadr,hadr
bencana,bencana
lintas,lintas
batas,batas
kompleksitas,kompleksitas
operasi,operasi
hadr,hadr
membutuhkan,membutuh
beragam,ragam
jenis,jenis
kemampuan,mampu
disediakan,sedia
negara,negara
peran,peran
kolaborasi,kolaborasi
internasional,internasional
indonesia,indonesia
memiliki,milik
pengalaman,pengalam
negara,negara
negara,negara
sahabat,sahabat
salah,salah
satunya,satu
operasi,operasi
pencarian,pencari
penyelamatan,penyelamat
pascatsunami,pascatsunam
aceh,aceh
2004,2004
bantuan,bantu
internasional,internasional
memainkan,main
peran,peran
evakuasi,evakuasi
korban,korban
upaya,upaya
pemulihan,pemulih
kehadiran,hadir
mitra,mitra
internasional,internasional
tersedianya,tersedia
sumber,sumber
daya,daya
kemampuan,mampu
mobilitas,mobilitas
udara,udara
krusial,krusial
mengirim,mengirim
bantuan,bantu
wilayah,wilayah
terisolasi,terisolas
akibat,akibat
kerusakan,rusa
infrastruktur,infrastruktur
kolaborasi,kolaborasi
tecermin,cermin
operasi,operasi
penanggulangan,penanggulang
bencana,bencana
pascagempa,pascagempa
bumi,bumi
tsunami,tsunami
palu,palu
2018,2018
kerja,kerja
internasional,internasional
operasi,operasi
hadr,hadr
berbagi,berbag
sumber,sumber
daya,daya
berbagi,berbag
pengetahuan,pengetahu
pengalaman,pengalam
jangka,jangka
kerja,kerja
meningkatkan,meningkat
kesiapsiagaan,kesiapsiaga
global,global
menghadapi,menghadap
bencana,bencana
memperkuat,memperkuat
kapasitas,kapasitas
kolektif,kolektif
merespons,respons
situasi,situasi
darurat,darurat
bencana,bencana
alam,alam
ancaman,ancam
global,global
melintasi,lintas
batas,batas
negara,negara
meningkatkan,meningkat
kesiapsiagaan,kesiapsiaga
efektivitas,efektivitas
respons,respons
negara,negara
negara,negara
memanfaatkan,manfaat
teknologi,teknologi
terbaru,terbaru
bidang,bidang
kedirgantaraan,dirgantara
antariksa,antariksa
uav,uav
satelit,satelit
kolaborasi,kolaborasi
internasional,internasional
kunci,kunci
keberhasilan,keberhasil
operasi,operasi
hadr,hadr
negara,negara
menanggulangi,menanggulang
bencana,bencana
kerja,kerja
negara,negara
negara,negara
berbagi,berbag
sumber,sumber
daya,daya
pengetahuan,pengetahu
teknologi,teknologi
meminimalkan,minimal
dampak,dampak
bencana,bencana
menyelamatkan,menyelamat
nyawa,nyawa
situasi,situasi
darurat,darurat
menit,menit
berharga,berharga
sinergi,sinergi
teknologi,teknologi
kolaborasi,kolaborasi
lintas,lintas
negara,negara
solusi,solusi
terbaik,terbaik
meningkatkan,meningkat
keamanan,aman
kesejahteraan,sejahtera
global,global
berdasarkan,berdasar
nilai,nilai
nilai,nilai
kemanusiaan,manusia
china,china
memperingatkan,memperingat
membalas,membalas
negara,negara
negara,negara
as,as
membahayakan,membahaya
kepentingan,penting
beijing,beijing
perang,perang
dagang,dagang
ekonomi,ekonomi
terbesar,terbesar
dunia,dunia
mengancam,mengancam
melibatkan,libat
negara,negara
negara,negara
dikutip,kutip
cnbc,cnbc
senin,senin
21,21
4,4
2025,2025
peringatan,peringat
china,china
muncul,muncul
pemerintahan,pemerintah
presiden,presiden
as,as
donald,donald
trump,trump
dilaporkan,lapor
berencana,rencana
negosiasi,negosiasi
tarif,tarif
menekan,mene
mitra,mitra
mitra,mitra
as,as
membatasi,membatas
transaksi,transaksi
perdagangan,perdagang
china,china
trump,trump
menunda,menunda
kenaikan,kenai
tarif,tarif
utama,utama
negara,negara
negara,negara
90,90
menaikkan,naik
bea,bea
barang,barang
barang,barang
china,china
145,145
persen,persen
china,china
menentang,menentang
mencapai,mencapa
kesepakatan,sepakat
mengorbankan,mengorban
kepentingan,penting
china,china
china,china
menerimanya,menerima
mengambil,mengambil
tindakan,tinda
balasan,balas
timbal,timbal
kementerian,menteri
perdagangan,perdagang
china,china
kementerian,menteri
memperingatkan,memperingat
risiko,risiko
negara,negara
perdagangan,perdagang
internasional,internasional
hukum,hukum
rimba,rimba
pernyataan,pernyata
berusaha,berusaha
menggambarkan,menggambar
china,china
bersedia,bersedia
mempertahankan,mempertahan
keadilan,adil
kewajaran,wajar
internasional,internasional
kementerian,menteri
perdagangan,perdagang
china,china
menggambarkan,menggambar
tindakan,tinda
as,as
penyalahgunaan,penyalahguna
tarif,tarif
perundungan,rundung
china,china
membalas,membalas
tarif,tarif
as,as
mengenakan,mengena
pungutan,pungut
125,125
persen,persen
impor,impor
barang,barang
barang,barang
as,as
beijing,beijing
membatasi,membatas
ekspor,ekspor
mineral,mineral
memasukkan,masuk
perusahaan,perusaha
as,as
daftar,daftar
hitam,hitam
membatasi,membatas
kemampuan,mampu
perusahaan,perusaha
perusahaan,perusaha
china,china
analis,analis
as,as
china,china
mencapai,mencapa
kesepakatan,sepakat
trump,trump
pekan,pekan
kesepakatan,sepakat
dicapai,capa
minggu,minggu
presiden,presiden
china,china
xi,x
jinping,jinping
minggu,minggu
mengunjungi,mengunjung
vietnam,vietnam
malaysia,malaysia
kamboja,kamboja
perjalanan,perjalan
negeri,negeri
pertamanya,pertama
2025,2025
pernyataan,pernyata
resmi,resmi
china,china
pertemuannya,pertemu
pemimpin,pemimpin
ketiga,tiga
negara,negara
xi,x
menyerukan,menyeru
upaya,upaya
menentang,menentang
tarif,tarif
perundungan,rundung
trump,trump
mengenakan,mengena
tarif,tarif
impor,impor
china,china
jabatan,jabat
pertamanya,pertama
china,china
meningkatkan,meningkat
perdagangannya,perdagang
asia,asia
tenggara,tenggara
mitra,mitra
dagang,dagang
terbesar,terbesar
china,china
tingkat,tingkat
regional,regional
as,as
mitra,mitra
dagang,dagang
terbesar,terbesar
china,china
tingkat,tingkat
negara,negara
minggu,minggu
kementerian,menteri
perdagangan,perdagang
china,china
mengganti,menggant
negosiator,negosiator
perdagangan,perdagang
internasional,internasional
utamanya,utama
li,l
chenggang,chenggang
wakil,wakil
menteri,menteri
duta,duta
negara,negara
organisasi,organisasi
perdagangan,perdagang
dunia,dunia
wto,wto
china,china
mengajukan,mengaju
gugatan,gugat
as,as
wto,wto
kenaikan,kenai
tarif,tarif
terbaru,terbaru
trump,trump
nilai,nilai
tukar,tukar
rupiah,rupiah
mengalami,mengalam
tekanan,kanan
berat,berat
mendekati,mendekat
rp,rp
17,17
000,000
dollar,dollar
as,as
level,level
krisis,krisis
moneter,moneter
1998,1998
fundamental,fundamental
ekonomi,ekonomi
indonesia,indonesia
pertumbuhan,pertumbuh
ekonomi,ekonomi
5,5
persen,persen
inflasi,inflasi
rendah,rendah
deflasi,deflasi
ditambah,tambah
neraca,neraca
perdagangan,perdagang
surplus,surplus
58,58
nilai,nilai
tukar,tukar
rupiah,rupiah
terkait,terkait
masuk,masuk
keluarnya,keluar
modal,modal
pasar,pasar
keuangan,uang
aliran,alir
modal,modal
pasar,pasar
modal,modal
obligasi,obligasi
menyebabkan,menyebab
indeks,indeks
harga,harga
saham,saham
gabungan,gabung
ihsg,ihsg
bursa,bursa
efek,efek
indonesia,indonesia
anjlok,anjlok
imbal,imbal
hasil,hasil
yield,yield
surat,surat
utang,utang
negara,negara
sun,sun
bertenor,bertenor
sepuluh,puluh
signifikan,signifikan
7,7
persen,persen
kebijakan,kebija
tarif,tarif
bea,bea
masuk,masuk
produk,produk
impor,impor
diterapkan,terap
presiden,presiden
as,as
donald,donald
trump,trump
menyebabkan,menyebab
pelarian,lari
modal,modal
negara,negara
berkembang,berkembang
indonesia,indonesia
internal,internal
realokasi,realokasi
anggaran,anggar
negara,negara
program,program
makan,makan
bergizi,bergiz
gratis,gratis
pemerintahan,pemerintah
prabowo,prabowo
memicu,memicu
kekhawatiran,khawatir
melemahkan,lemah
pertumbuhan,pertumbuh
ekonomi,ekonomi
indonesia,indonesia
pembentukan,pembentu
danantara,danantara
mengalihkan,mengalih
aset,aset
dividen,dividen
bumn,bumn
sovereign,sovereign
wealth,wealth
fund,fund
swf,swf
dikhawatirkan,khawatir
melemahkan,lemah
kinerja,kinerja
bumn,bumn
memunculkan,muncul
potensi,potensi
penyalahgunaan,penyalahguna
bumn,bumn
pemerintah,pemerin
kebijakan,kebija
program,program
ditambah,tambah
hilirisasi,hilirisas
menaikkan,naik
pertumbuhan,pertumbuh
ekonomi,ekonomi
indonesia,indonesia
8,8
persen,persen
meragukan,ragu
presiden,presiden
prabowo,prabowo
khawatir,khawatir
pelemahan,lemah
indeks,indeks
saham,saham
menyebabkan,menyebab
aliran,alir
modal,modal
memicu,memicu
pelemahan,lemah
nilai,nilai
tukar,tukar
rupiah,rupiah
signifikan,signifikan
presiden,presiden
ekonomi,ekonomi
masyarakat,masyarakat
kebanyakan,kebanya
berjalan,berjal
menteri,menteri
ekonomi,ekonomi
mengkhawatirkan,mengkhawatir
fundamental,fundamental
ekonomi,ekonomi
diandalkan,andal
pelemahan,lemah
rupiah,rupiah
berkelanjutan,berkelanjut
ketidakpastian,ketidakpasti
mengganggu,mengganggu
kegiatan,giat
perekonomian,perekonomi
nilai,nilai
mata,mata
uang,uang
harga,harga
relatif,relatif
mata,mata
uang,uang
dollar,dollar
as,as
melemah,lemah
tajam,tajam
stabil,stabil
memengaruhi,memengaruh
fundamental,fundamental
perekonomian,perekonomi
ditambah,tambah
tekanan,kanan
tarif,tarif
as,as
memberatkan,memberat
mengancam,mengancam
neraca,neraca
perdagangan,perdagang
kewibawaan,wibawa
kebijakan,kebija
nilai,nilai
rupiah,rupiah
ditentukan,tentu
penawaran,penawar
permintaan,perminta
persepsi,persepsi
ekspektasi,ekspektas
pelaku,pela
ekonomi,ekonomi
investor,investor
sektor,sektor
keuangan,uang
menentukan,menentu
dominan,dominan
sayangnya,sayang
persepsi,persepsi
rupiah,rupiah
cenderung,cenderung
menganggap,menganggap
rupiah,rupiah
mata,mata
uang,uang
lemah,lemah
diandalkan,andal
ekspektasi,ekspektas
rupiah,rupiah
cenderung,cenderung
mengalami,mengalam
pelemahan,lemah
anggaran,anggar
pemerintah,pemerin
rencana,rencana
bisnis,bisnis
perusahaan,perusaha
nilai,nilai
tukar,tukar
rupiah,rupiah
diproyeksikan,proyeksi
mengalami,mengalam
pelemahan,lemah
bank,bank
indonesia,indonesia
bi,b
meredam,redam
volatilitas,volatilitas
nilai,nilai
rupiah,rupiah
menjaga,menjaga
depresiasi,depresiasi
melebihi,lebih
persentase,persentase
persepsi,persepsi
ekspektasi,ekspektas
negatif,negatif
nilai,nilai
tukar,tukar
melemah,lemah
pelemahan,lemah
fundamental,fundamental
ekonomi,ekonomi
taruhan,taruh
nilai,nilai
tukar,tukar
rupiah,rupiah
dipengaruhi,pengaruh
kewibawaan,wibawa
bi,b
otoritas,otoritas
bertanggung,bertanggung
stabilitas,stabilitas
rupiah,rupiah
bi,b
dinilai,nila
independen,independen
membiayai,membiaya
defisit,defisit
anggaran,anggar
bersifat,bersifat
pandemi,pandemi
berkelanjutan,berkelanjut
era,era
pemerintahan,pemerintah
prabowo,prabowo
26,26
persen,persen
sun,sun
dipegang,pegang
bi,b
24,24
persen,persen
dipegang,pegang
perbankan,perban
kondisi,kondisi
berbeda,berbeda
indonesia,indonesia
berupaya,berupaya
mengatasi,mengatas
krisis,krisis
1998,1998
bi,b
independen,independen
langkah,langkah
rekapitalisasi,rekapitalisasi
perbankan,perban
stabilisasi,stabilisasi
inflasi,inflasi
kredibilitas,kredibilitas
bi,b
bangkit,bangkit
berperan,berper
rupiah,rupiah
menguat,menguat
signifikan,signifikan
presiden,presiden
bj,bj
habibie,habibie
ekonomi,ekonomi
rupiahnya,rupiah
pesawat,pesawat
terbang,terbang
jatuh,jatuh
bebas,bebas
stahl,stahl
distabilkan,stabil
terbang,terbang
menanjak,menanjak
ascend,ascend
menjelajah,menjelajah
cruising,cruising
tujuan,tuju
kredibilitas,kredibilitas
kebijakan,kebija
independensi,independens
bank,bank
sentral,sentral
menentukan,menentu
program,program
stabilisasi,stabilisasi
dana,dana
moneter,moneter
internasional,internasional
imf,imf
berat,berat
konsisten,konsisten
dijalankan,jalan
kredibilitas,kredibilitas
kebijakan,kebija
ekonomi,ekonomi
terpuruk,terpuruk
dibangkitkan,bangkit
rupiah,rupiah
menguat,menguat
rp,rp
16,16
700,700
an,an
rp,rp
6,6
700,700
an,an
dollar,dollar
as,as
tekanan,kanan
politik,politik
pemerintah,pemerin
mendukung,mendukung
kebijakan,kebija
programnya,program
sejalan,sejal
prinsip,prinsip
ekonomi,ekonomi
upaya,upaya
menjaga,menjaga
independensi,independens
bi,b
mengalami,mengalam
kesulitan,sulit
ekonomi,ekonomi
cadangan,cadang
devisa,devisa
meningkat,meningkat
melemah,lemah
kewibawaan,wibawa
efektivitas,efektivitas
kebijakan,kebija
pengenaan,pengena
tarif,tarif
impor,impor
as,as
menambah,menambah
tekanan,kanan
nilai,nilai
tukar,tukar
rupiah,rupiah
perekonomian,perekonomi
menyelaraskan,menyelaras
kebijakan,kebija
bi,b
intervensi,intervensi
pasar,pasar
keuangan,uang
menstabilkan,menstabil
nilai,nilai
tukar,tukar
mata,mata
uang,uang
langkah,langkah
membutuhkan,membutuh
biaya,biaya
menambah,menambah
beban,beban
volume,volume
cadangan,cadang
devisa,devisa
kebijakan,kebija
mewajibkan,wajib
eksportir,eksportir
sumber,sumber
daya,daya
alam,alam
menyimpan,menyimp
devisa,devisa
ekspornya,ekspor
negeri,negeri
mengalami,mengalam
peningkatan,peningkat
kewibawaan,wibawa
otoritas,otoritas
moneter,moneter
menentukan,menentu
stabilitas,stabilitas
rupiah,rupiah
keuangan,uang
kewibawaan,wibawa
ditegakkan,tegak
cadangan,cadang
devisa,devisa
ditingkatkan,tingkat
intervensi,intervensi
pasar,pasar
terukur,terukur
koordinasi,koordinasi
kebijakan,kebija
ekonomi,ekonomi
konstruktif,konstruktif
upaya,upaya
mendorong,mendorong
aliran,alir
modal,modal
negeri,negeri
menghadapi,menghadap
pengenaan,pengena
tarif,tarif
resiprokal,resiprokal
32,32
persen,persen
trump,trump
penerapannya,penerap
ditangguhkan,tangguh
90,90
kemampuan,mampu
diplomasi,diplomasi
indonesia,indonesia
bernegosiasi,bernegosias
krusial,krusial
indonesia,indonesia
posisi,posisi
retaliasi,retalias
tarif,tarif
resiprokal,resiprokal
as,as
balasan,balas
bea,bea
masuk,masuk
persyaratan,persyarat
tingkat,tingkat
komponen,komponen
negeri,negeri
tkdn,tkdn
keharusan,harus
menyimpan,menyimp
penerimaan,penerima
ekspor,ekspor
negeri,negeri
hambatan,hambat
perdagangan,perdagang
diterapkan,terap
indonesia,indonesia
umar,umar
juoro,juoro
senior,senior
fellow,fellow
the,the
habibie,habibie
center,center
kejaksaan,jaksa
banten,banten
menahan,menah
kepala,kepala
dinas,dinas
lingkungan,lingkung
hidup,hidup
kota,kota
tangerang,tangerang
selatan,selatan
wahyunoto,wahyunoto
lukman,lukm
selasa,selasa
15,15
4,4
2025,2025
wahyunoto,wahyunoto
tersangka,tersangka
dugaan,duga
korupsi,korupsi
pengelolaan,pengelola
sampah,sampah
anggaran,anggar
2024,2024
senilai,nila
rp,rp
75,75
9,9
miliar,miliar
penahanannya,penahan
menyusul,menyusul
penahanan,penahan
direktur,direktur
utama,utama
pt,pt
ella,ella
pratama,pratama
perkasa,perkasa
syukron,syukron
yuliadi,yuliad
mufti,mufti
kejaksaan,jaksa
mengungkap,mengungkap
pt,pt
ella,ella
pratama,pratama
perkasa,perkasa
memiliki,milik
fasilitas,fasilitas
kapasitas,kapasitas
kompetensi,kompetensi
pengelolaan,pengelola
sampah,sampah
rekayasa,rekayasa
tender,tender
tersangka,tersangka
komisi,komisi
pemberantasan,pemberantas
korupsi,korupsi
menahan,menah
wali,wali
kota,kota
semarang,semarang
hevearita,hevearita
gunaryanti,gunaryant
rahayu,rahayu
beserta,serta
suaminya,suami
alwin,alwin
basri,basr
rabu,rabu
19,19
2,2
2025,2025
disangka,sangka
terlibat,terlibat
perkara,perkara
korupsi,korupsi
proyek,proyek
pengadaan,pengada
barang,barang
jasa,jasa
lingkungan,lingkung
pemerintah,pemerin
kota,kota
semarang,semarang
jawa,jawa
menerima,menerima
uang,uang
miliaran,miliar
rupiah,rupiah
berita,berita
korupsi,korupsi
menjerat,menjerat
kepala,kepala
daerah,daerah
ujung,ujung
barat,barat
timur,timur
indonesia,indonesia
muncul,muncul
catatan,catat
kompas,kompas
pemilihan,pemilih
kepala,kepala
daerah,daerah
langsung,langsung
2005,2005
2020,2020
144,144
korupsi,korupsi
daerah,daerah
korupsi,korupsi
daerah,daerah
mereda,reda
korupsi,korupsi
pemerintahan,pemerintah
daerah,daerah
halnya,hal
lembaga,lembaga
negara,negara
tingkat,tingkat
pusat,pusat
mengakar,mengakar
membudaya,membudaya
infrastructure,infrastructure
quality,quality
local,local
government,government
spending,spending
and,and
corruption,corruption
2012,2012
laporan,lapor
riset,riset
kerja,kerja
usaid,usaid
kppod,kppod
seadi,sead
korupsi,korupsi
mengurangi,mengurang
biaya,biaya
proyek,proyek
konstruksi,konstruksi
5,5
20,20
persen,persen
total,total
biaya,biaya
proyek,proyek
biaya,biaya
investasi,investasi
pemeliharaan,pemelihara
dikorupsi,dikorups
5,5
persen,persen
keuangan,uang
negara,negara
berkembang,berkembang
diprediksi,diprediks
terbebani,terbeban
18,18
miliar,miliar
dollar,dollar
as,as
laporan,lapor
riset,riset
biaya,biaya
ilegal,ilegal
menurunkan,menurun
kualitas,kualitas
proyek,proyek
pemerintah,pemerin
meningkatkan,meningkat
anggaran,anggar
belanja,belanja
30,30
50,50
persen,persen
negara,negara
berkembang,berkembang
uang,uang
hasil,hasil
korupsi,korupsi
dinikmati,nikmat
pejabat,jabat
pemerintah,pemerin
militer,militer
korupsi,korupsi
menyebabkan,menyebab
berkurangnya,berkurang
meniadakan,meniada
insentif,insentif
swasta,swasta
berkapasitas,berkapasitas
digandeng,gandeng
menjalankan,menjalan
program,program
pelayanan,layan
publik,publik
perkotaan,perkota
pengelolaan,pengelola
sampah,sampah
kunjung,kunjung
teratasi,teratas
warga,warga
pembayar,pembayar
pajak,pajak
korbannya,korban
membangun,membangun
sarana,sarana
prasarana,prasarana
publik,publik
pengolahan,pengolah
sampah,sampah
mudah,mudah
murah,murah
prosesnya,proses
instan,instan
penggunaan,pengguna
anggaran,anggar
daerah,daerah
efisien,efisien
transparan,transparan
menggandeng,menggandeng
ketiga,tiga
berkompeten,berkompeten
negara,negara
maju,maju
mempercepat,mempercepat
terwujudnya,terwujud
fasilitas,fasilitas
dibutuhkan,butuh
kota,kota
publik,publik
elite,elite
pejabat,jabat
korupsi,korupsi
diberantas,berantas
tuntas,tuntas
daerah,daerah
berkubang,berkubang
negara,negara
maju,maju
melanjutkan,lanjut
cita,cita
cita,cita
politik,politik
kartini,kartin
kartini,kartin
mencalonkan,mencalon
pejabat,jabat
publik,publik
mempraktikkan,mempraktik
politik,politik
etis,etis
otentik,otentik
politik,politik
berpihak,berpihak
kaum,kaum
tertindas,tertindas
21,21
april,april
bangsa,bangsa
indonesia,indonesia
memperingati,memperingat
kartini,kartin
momen,momen
reflektif,reflektif
perjuangan,perjuang
emansipasi,emansipasi
perempuan,perempuan
raden,raden
ajeng,ajeng
kartini,kartin
hidup,hidup
rezim,rezim
kolonial,kolonial
hindia,hindia
belanda,belanda
pahlawan,pahlawan
perempuan,perempuan
peletak,letak
dasar,dasar
kesadaran,sadar
kebangsaan,bangsa
keadilan,adil
sosial,sosial
inklusif,inklusif
gagasan,gagas
gagasannya,gagas
pendidikan,pendidi
kebebasan,bebas
berpikir,berpikir
kesetaraan,kesetara
jender,jender
menjadikannya,menjadi
tokoh,tokoh
politik,politik
arti,arti
substantif,substantif
indonesia,indonesia
merdeka,merdeka
surat,surat
suratnya,surat
sahabat,sahabat
pena,pena
belanda,belanda
kartini,kartin
kritik,kritik
tajam,tajam
ketidakadilan,ketidakadil
struktural,struktural
dialami,alam
perempuan,perempuan
pribumi,pribumi
akses,akses
pendidikan,pendidi
partisipasi,partisipasi
sosial,sosial
kartini,kartin
pendidikan,pendidi
alat,alat
mobilitas,mobilitas
sosial,sosial
instrumen,instrumen
transformasi,transformasi
bangsa,bangsa
kartini,kartin
menguasai,menguasa
bahasa,bahasa
belanda,belanda
perancis,perancis
jawa,jawa
membaca,membaca
karya,karya
karya,karya
max,max
havelaar,havelaar
karya,karya
multatuli,multatul
tajam,tajam
mengkritik,mengkritik
kolonialisme,kolonialisme
kecerdasannya,cerdas
membentuk,membentuk
pandangan,pandang
kritis,kritis
ketidakadilan,ketidakadil
sosial,sosial
posisi,posisi
perempuan,perempuan
masyarakat,masyarakat
kolonial,kolonial
penghormatan,penghormat
mendalam,mendalam
kartini,kartin
salah,salah
satunya,satu
pramoedya,pramoedya
ananta,ananta
toer,toer
buku,buku
panggil,panggil
kartini,kartin
buku,buku
setebal,setebal
304,304
halaman,halaman
42,42
persennya,persen
membahas,membahas
kartini,kartin
pemikir,pemikir
politik,politik
progresif,progresif
ikon,ikon
domestik,domestik
simbol,simbol
emansipasi,emansipasi
ala,ala
kolonial,kolonial
surat,surat
surat,surat
kartini,kartin
diterjemahkan,terjemah
42,42
bahasa,bahasa
bukti,bukti
gagasannya,gagas
memiliki,milik
pengaruh,pengaruh
global,global
melampaui,lampau
zamannya,zaman
fondasi,fondasi
bangsa,bangsa
berdaya,berdaya
saing,saing
120,120
surat,surat
surat,surat
kartini,kartin
kali,kali
diterbitkan,terbit
1903,1903
menggugah,menggugah
kesadaran,sadar
orang,orang
indonesia,indonesia
berubah,rubah
perjuangan,perjuang
kesetaraan,kesetara
jender,jender
selesai,selesai
diskriminasi,diskriminasi
ketimpangan,timpang
jumpai,jumpa
lini,lini
kehidupan,hidup
laporan,lapor
global,global
gender,gender
gap,gap
index,index
2023,2023
dirilis,rilis
world,world
economic,economic
forum,forum
menempatkan,menempat
indonesia,indonesia
peringkat,peringkat
87,87
146,146
negara,negara
skor,skor
mengalami,mengalam
perubahan,rubah
2022,2022
0,0
697,697
menandakan,menanda
indonesia,indonesia
mencapai,mencapa
69,69
7,7
persen,persen
kesetaraan,kesetara
jender,jender
konteks,konteks
legislatif,legislatif
keterwakilan,keterwakil
perempuan,perempuan
dpr,dpr
ri,r
hasil,hasil
pemilu,milu
2024,2024
21,21
9,9
persen,persen
tipis,tipis
20,20
5,5
persen,persen
periode,periode
2019,2019
2024,2024
angka,angka
ambang,ambang
batas,batas
afirmatif,afirmatif
30,30
persen,persen
diamanatkan,amanat
undang,undang
undang,undang
uu,uu
no,no
2,2
2008,2008
partai,partai
politik,politik
uu,uu
no,no
7,7
2017,2017
pemilu,milu
18,18
partai,partai
peserta,serta
pemilu,milu
2024,2024
berhasil,berhasil
memenuhi,memenuh
keterwakilan,keterwakil
perempuan,perempuan
proporsional,proporsional
fraksi,fraksi
parlemen,parlemen
menandakan,menanda
sistem,sistem
politik,politik
dibelenggu,belenggu
dominasi,dominasi
struktural,struktural
laki,laki
laki,laki
kultur,kultur
patriarki,patriark
mengakar,mengakar
studi,studi
mckinsey,mckinsey
and,and
company,company
perusahaan,perusaha
keberagaman,keberagam
jender,jender
memiliki,milik
25,25
persen,persen
mengalami,mengalam
profitabilitas,profitabilitas
dibandingkan,banding
rekan,rekan
rekan,rekan
forbes,forbes
2020,2020
partisipasi,partisipasi
perempuan,perempuan
politik,politik
tuntutan,tuntut
representasi,representasi
syarat,syarat
mutlak,mutlak
demokrasi,demokrasi
sehat,sehat
responsif,responsif
buku,buku
panggil,panggil
kartini,kartin
pramoedya,pramoedya
mengutip,mengutip
surat,surat
kartini,kartin
estelle,estelle
zeehandelaar,zeehandelaar
25,25
mei,mei
1899,1899
besaran,saran
mewujudkan,wujud
cita,cita
citaku,cita
menaikkan,naik
derajat,derajat
peradaban,peradab
rakyat,rakyat
pernyataan,pernyata
retorika,retorika
kartini,kartin
perjuangannya,perjuang
perjuangan,perjuang
politik,politik
perjuangan,perjuang
membebaskan,membebas
rakyat,rakyat
belenggu,belenggu
kolonialisme,kolonialisme
feodalisme,feodalisme
pendidikan,pendidi
kesadaran,sadar
kritis,kritis
kartini,kartin
politik,politik
etis,etis
kartini,kartin
mencalonkan,mencalon
pejabat,jabat
publik,publik
mempraktikkan,mempraktik
politik,politik
etis,etis
otentik,otentik
politik,politik
berpihak,berpihak
kaum,kaum
tertindas,tertindas
kepentingan,penting
elektoral,elektoral
mengkritik,mengkritik
sistem,sistem
feodalisme,feodalisme
jawa,jawa
kolonialisme,kolonialisme
belanda,belanda
bersamaan,bersama
kekuatan,kuat
hegemonik,hegemonik
mengunci,mengunc
perempuan,perempuan
penjara,penjara
domestik,domestik
ketidaktahuan,ketidaktahu
perjuangan,perjuang
kartini,kartin
perjuangan,perjuang
kelas,kelas
perjuangan,perjuang
jender,jender
kartini,kartin
hidup,hidup
barangkali,barangkali
bersuara,bersuara
lantang,lantang
minimnya,minim
perempuan,perempuan
kepemimpinan,kepemimpin
strategis,strategis
partai,partai
politik,politik
rendahnya,rendah
anggaran,anggar
responsif,responsif
jender,jender
apbn,apbn
tingginya,tinggi
angka,angka
kekerasan,keras
berbasis,berbasis
jender,jender
data,data
komnas,komnas
perempuan,perempuan
2023,2023
mencatat,mencatat
289,289
111,111
kekerasan,keras
perempuan,perempuan
angka,angka
turun,turun
12,12
persen,persen
dibandingkan,banding
2022,2022
keberpihakan,keberpiha
politik,politik
kuat,kuat
isu,isu
cita,cita
cita,cita
kartini,kartin
terhenti,terhent
upacara,upacara
simbolik,simbolik
tahunan,tahun
kemajuan,maju
diukur,ukur
perempuan,perempuan
duduk,duduk
parlemen,parlemen
terlibat,terlibat
pembuatan,pembuat
keputusan,putus
strategis,strategis
bank,bank
dunia,dunia
mencatat,mencatat
negara,negara
negara,negara
indeks,indeks
kesetaraan,kesetara
jender,jender
cenderung,cenderung
memiliki,milik
pertumbuhan,pertumbuh
ekonomi,ekonomi
stabil,stabil
merata,rata
kebijakan,kebija
publik,publik
dihasilkan,hasil
inklusif,inklusif
berkeadilan,berkeadil
sosial,sosial
tingkat,tingkat
lokal,lokal
keberadaan,keberada
pemimpin,pemimpin
perempuan,perempuan
terbukti,terbukt
berdampak,berdampak
positif,positif
kualitas,kualitas
layanan,layan
publik,publik
studi,studi
un,un
women,women
kepala,kepala
daerah,daerah
perempuan,perempuan
cenderung,cenderung
memperhatikan,memperhati
isu,isu
pendidikan,pendidi
kesehatan,sehat
anak,anak
pemberantasan,pemberantas
kemiskinan,miskin
berbasis,berbasis
komunitas,komunitas
sejalan,sejal
semangat,semangat
kartini,kartin
perempuan,perempuan
obyek,obyek
pembangunan,pembangun
subyek,subyek
membentuk,membentuk
arah,arah
prioritas,prioritas
pembangunan,pembangun
relevan,relevan
memperingati,memperingat
kartini,kartin
sebatas,batas
mengenakan,mengena
kebaya,kebaya
menyanyikan,nyanyi
lagu,lagu
kartini,kartin
instansi,instansi
pemerintah,pemerin
menagih,menagih
janji,janji
konstitusi,konstitusi
warga,warga
negara,negara
diskriminasi,diskriminasi
jender,jender
berhak,berhak
pendidikan,pendidi
pekerjaan,kerja
partisipasi,partisipasi
politik,politik
agenda,agenda
politik,politik
perempuan,perempuan
ditempatkan,tempat
pinggiran,pinggir
arus,arus
utama,utama
pembangunan,pembangun
nasional,nasional
mewujudkan,wujud
cita,cita
cita,cita
kartini,kartin
konteks,konteks
politik,politik
modern,modern
langkah,langkah
konkret,konkret
menyentuh,menyentuh
akar,akar
struktural,struktural
menghambat,menghambat
partisipasi,partisipasi
perempuan,perempuan
langkah,langkah
mendasar,mendasar
mendorong,mendorong
reformasi,reformasi
internal,internal
partai,partai
politik,politik
partai,partai
pintu,pintu
gerbang,gerbang
utama,utama
politik,politik
elektoral,elektoral
berkomitmen,berkomitmen
sistem,sistem
rekrutmen,rekrutmen
kaderisasi,kaderisasi
inklusif,inklusif
gender,gender
partai,partai
menanggalkan,menanggal
praktik,praktik
praktik,praktik
patriarkal,patriarkal
menghambat,menghambat
kemunculan,muncul
pemimpin,pemimpin
perempuan,perempuan
membangun,membangun
ekosistem,ekosistem
politik,politik
mendukung,mendukung
memberdayakan,memberdaya
aman,aman
perempuan,perempuan
sisi,sisi
regulasi,regulasi
penguatan,penguat
afirmasi,afirmasi
keterwakilan,keterwakil
perempuan,perempuan
agenda,agenda
legislatif,legislatif
berkelanjutan,berkelanjut
pemerintah,pemerin
dpr,dpr
serius,serius
mengevaluasi,mengevaluas
implementasi,implementasi
kebijakan,kebija
afirmasi,afirmasi
30,30
persen,persen
keterwakilan,keterwakil
perempuan,perempuan
daftar,daftar
calon,calon
legislatif,legislatif
penguatan,penguat
sanksi,sanksi
bersifat,bersifat
mengikat,mengikat
partai,partai
memenuhi,memenuh
ketentuan,tentu
aspek,aspek
pendanaan,pendana
faktor,faktor
krusial,krusial
meningkatkan,meningkat
partisipasi,partisipasi
politik,politik
perempuan,perempuan
kompetisi,kompetisi
politik,politik
ditentukan,tentu
kekuatan,kuat
modal,modal
negara,negara
hadir,hadir
skema,skema
pendanaan,pendana
kampanye,kampanye
inklusif,inklusif
jender,jender
matching,matching
fund,fund
subsidi,subsidi
kampanye,kampanye
calon,calon
perempuan,perempuan
kalangan,kalang
akar,akar
rumput,rumput
mengurangi,mengurang
ketimpangan,timpang
akses,akses
sumber,sumber
daya,daya
politik,politik
membuka,membuka
ruang,ruang
setara,tara
perempuan,perempuan
bersaing,bersaing
menang,menang
kontestasi,kontestas
elektoral,elektoral
investasi,investasi
pendidikan,pendidi
politik,politik
perempuan,perempuan
muda,muda
investasi,investasi
jangka,jangka
demokrasi,demokrasi
program,program
program,program
pendidikan,pendidi
politik,politik
berbasis,berbasis
komunitas,komunitas
lembaga,lembaga
pendidikan,pendidi
organisasi,organisasi
masyarakat,masyarakat
sipil,sipil
ormas,ormas
keagamaan,agama
diperluas,diperluas
mencetak,mencetak
generasi,generasi
pemimpin,pemimpin
perempuan,perempuan
kartini,kartin
dibekali,bekal
kecakapan,cakap
intelektual,intelektual
keberanian,berani
moral,moral
literasi,literas
digital,digital
ketajaman,tajam
analisis,analisis
kebijakan,kebija
menavigasi,menavigas
kompleksitas,kompleksitas
dunia,dunia
politik,politik
berubah,rubah
upaya,upaya
kesetaraan,kesetara
jender,jender
diwujudkan,wujud
nyata,nyata
anggaran,anggar
responsif,responsif
gender,gender
arg,arg
level,level
pemerintahan,pemerintah
arg,arg
kewajiban,wajib
administratif,administratif
alat,alat
pembangunan,pembangun
memperhatikan,memperhati
kebutuhan,butuh
perempuan,perempuan
adil,adil
perencanaan,rencana
evaluasi,evaluasi
komitmen,komitmen
negara,negara
inpres,inpres
no,no
9,9
2000,2000
mewajibkan,wajib
kementerian,menteri
lembaga,lembaga
memasukkan,masuk
perspektif,perspektif
jender,jender
program,program
daerah,daerah
dipertegas,dipertegas
permendagri,permendagr
no,no
67,67
2011,2011
arg,arg
masuk,masuk
dokumen,dokumen
perencanaan,rencana
nasional,nasional
rpjmn,rpjmn
dijalankan,jalan
instansi,instansi
praktiknya,praktik
pemerintah,pemerin
daerah,daerah
arg,arg
formalitas,formalitas
agenda,agenda
politik,politik
kartini,kartin
simbol,simbol
perlawanan,perlawan
ketertindasan,ketertindas
struktural,struktural
eksklusi,eksklus
sosial,sosial
kartini,kartin
pengingat,pengingat
bangsa,bangsa
merdeka,merdeka
penduduknya,penduduk
disisihkan,sisih
ruang,ruang
publik,publik
pengambilan,pengambil
keputusan,putus
potensi,potensi
perempuan,perempuan
energi,energi
perubahan,rubah
energi,energi
mengalir,mengalir
denyut,denyut
kebijakan,kebija
publik,publik
perempuan,perempuan
pelengkap,lengkap
demokrasi,demokrasi
pilar,pilar
utama,utama
menjaga,menjaga
akal,akal
sehat,sehat
keberagaman,keberagam
indonesia,indonesia
perempuan,perempuan
berdaya,berdaya
slogan,slogan
fondasi,fondasi
indonesia,indonesia
adil,adil
makmur,makmur
merdeka,merdeka
cita,cita
cita,cita
kartini,kartin
perempuan,perempuan
masyarakat,masyarakat
adil,adil
egaliter,egaliter
bermartabat,bermartabat
perempuan,perempuan
ruang,ruang
berkembang,berkembang
demokrasi,demokrasi
hidup,hidup
pembangunan,pembangun
berkeadilan,berkeadil
selamat,selamat
kartini,kartin
tati,tat
noviati,noviat
tenaga,tenaga
ahli,ahli
dpr,dpr
ri,r
termasyhur,termasyhur
cinta,cinta
manusia,manusia
kebenaran,benar
ra,ra
kartini,kartin
surat,surat
abendanon,abendanon
1,1
agustus,agustus
1903,1903
gempuran,gempur
teknologi,teknologi
pergeseran,pergeser
budaya,budaya
digital,digital
kerap,kerap
lupa,lupa
simbol,simbol
simbol,simbol
hadir,hadir
keseharian,kesehari
menghilang,menghilang
salah,salah
satunya,satu
wajah,wajah
ra,ra
kartini,kartin
uang,uang
kertas,kertas
era,era
cashless,cashless
society,society
transaksi,transaksi
qris,qris
e,e
wallet,wallet
mobile,mobile
banking,banking
representasi,representasi
visual,visual
tokoh,tokoh
perempuan,perempuan
melekat,lekat
dompet,dompet
rakyat,rakyat
perlahan,perlahan
lenyap,lenyap
pandangan,pandang
dunia,dunia
digital,digital
cepat,cepat
wajah,wajah
patut,patut
perginya,pergi
simbol,simbol
simbol,simbol
perempuan,perempuan
kartini,kartin
21,21
april,april
bangsa,bangsa
indonesia,indonesia
mengenang,mengenang
ra,ra
kartini,kartin
pelopor,pelopor
emansipasi,emansipasi
perempuan,perempuan
peringatan,peringat
terjebak,terjebak
seremoni,seremoni
lomba,lomba
kebaya,kebaya
unggahan,unggah
bertema,bertema
pastel,pastel
kutipan,kutip
viral,viral
pemikiran,pemikir
kartini,kartin
menulis,menulis
keberanian,berani
kegelisahan,gelisah
menantang,menantang
tatanan,tatanan
mengekang,mengekang
perempuan,perempuan
belajar,belajar
berpikir,berpikir
bebas,bebas
kartini,kartin
perempuan,perempuan
menuntut,menuntut
perubahan,rubah
struktur,struktur
sosial,sosial
keyakinan,yakin
emansipasi,emansipasi
kebebasan,bebas
individual,individual
kebebasan,bebas
kolektif,kolektif
berpikir,berpikir
kartini,kartin
perempuan,perempuan
wajahnya,wajah
muncul,muncul
uang,uang
kertas,kertas
indonesia,indonesia
pecahan,pecah
rp,rp
5,5
1953,1953
rp,rp
10,10
000,000
1985,1985
langkah,langkah
simbolik,simbolik
kuat,kuat
negara,negara
mengakui,mengaku
peran,peran
perempuan,perempuan
narasi,narasi
kebangsaan,bangsa
menyematkannya,menyemat
medium,medium
luas,luas
sirkulasinya,sirkulasi
uang,uang
wajah,wajah
kartini,kartin
tercetak,tercetak
versi,versi
ditertibkan,tertib
perempuan,perempuan
cerdas,cerdas
anggun,anggun
berbakti,berbakt
mengguncang,mengguncang
tatanan,tatanan
wajah,wajah
kartini,kartin
uang,uang
kertas,kertas
representasi,representasi
emansipasi,emansipasi
diterima,terima
berprestasi,berprestas
bingkai,bingkai
sopan,sopan
nasionalis,nasionalis
simbol,simbol
abadi,abadi
uang,uang
fisik,fisik
kartini,kartin
beredar,beredar
koleksi,koleksi
langka,langka
numismatis,numismatis
tokoh,tokoh
perempuan,perempuan
cut,cut
nyak,nyak
dhien,dhien
cut,cut
meutia,meutia
menggantikan,mengganti
proporsi,proporsi
pahlawan,pahlawan
perempuan,perempuan
sejarah,sejarah
uang,uang
indonesia,indonesia
timpang,timpang
total,total
tokoh,tokoh
tampil,tampil
uang,uang
rupiah,rupiah
80,80
persen,persen
laki,laki
laki,laki
ketimpangan,timpang
mencerminkan,mencermin
sempitnya,sempit
ruang,ruang
representasi,representasi
perempuan,perempuan
narasi,narasi
visual,visual
negara,negara
uang,uang
berpindah,berpindah
tangan,tangan
wajah,wajah
kartini,kartin
berpindah,berpindah
menyapa,menyapa
pasar,pasar
perkantoran,perkantor
transaksi,transaksi
digital,digital
wajah,wajah
tokoh,tokoh
perempuan,perempuan
hadir,hadir
interaksi,interaksi
ekonomi,ekonomi
harian,hari
dunia,dunia
digital,digital
menciptakan,mencipta
efisiensi,efisiensi
menghapus,menghapus
jejak,jejak
simbolis,simbolis
menanamkan,menanam
ingatan,ingat
kolektif,kolektif
hilangnya,hilang
uang,uang
fisik,fisik
hilangnya,hilang
kehadiran,hadir
perempuan,perempuan
ruang,ruang
publik,publik
ekonomi,ekonomi
representasi,representasi
muncul,muncul
seremoni,seremoni
tahunan,tahun
makna,makna
perjuangan,perjuang
perempuan,perempuan
realitas,realitas
keseharian,kesehari
menggali,menggal
ulang,ulang
sejarah,sejarah
kartini,kartin
simbol,simbol
pemikir,pemikir
gelisah,gelisah
tajam,tajam
progresif,progresif
membentuk,membentuk
ulang,ulang
ingatan,ingat
kolektif,kolektif
perjuangan,perjuang
perempuan,perempuan
festival,festival
tahunan,tahun
figur,figur
museum,museum
menciptakan,mencipta
ruang,ruang
ruang,ruang
pemikiran,pemikir
kartini,kartin
pendidikan,pendidi
media,media
kebijakan,kebija
publik,publik
representasi,representasi
perempuan,perempuan
dunia,dunia
digital,digital
diperluas,diperluas
tokoh,tokoh
perempuan,perempuan
kontemporer,kontemporer
tampil,tampil
konten,konten
visual,visual
kepemimpinan,kepemimpin
teknologi,teknologi
budaya,budaya
populer,populer
kritis,kritis
dipilih,pilih
negara,negara
mewakili,wakil
perempuan,perempuan
sejarah,sejarah
visual,visual
tokoh,tokoh
ditampilkan,tampil
kartini,kartin
dulunya,dulu
radikal,radikal
dijadikan,jadi
simbol,simbol
netral,netral
surat,surat
surat,surat
kartini,kartin
penuh,penuh
kegelisahan,gelisah
ketimpangan,timpang
relevan,relevan
dunia,dunia
digital,digital
serba,serba
canggih,canggih
terjebak,terjebak
definisi,definisi
dibatasi,batas
layar,layar
algoritma,algoritma
teknologi,teknologi
memudahkan,mudah
akses,akses
informasi,informasi
menimbulkan,menimbul
jarak,jarak
simbol,simbol
makna,makna
sejati,sejati
merawat,rawat
ingatan,ingat
sahih,sahih
melestarikan,lestari
citra,citra
dibakukan,baku
kartini,kartin
tampil,tampil
gambar,gambar
uang,uang
kertas,kertas
kutipan,kutip
kutipan,kutip
bertahan,bertah
sehari,sehar
berkebaya,berkebaya
sehari,sehar
penuh,penuh
perjuangan,perjuang
kartini,kartin
penampilan,penampil
visual,visual
pemikiran,pemikir
kartini,kartin
memprovokasi,memprovokas
berpikir,berpikir
melampaui,lampau
batas,batas
menantang,menantang
ketidakadilan,ketidakadil
tersembunyi,tersembuny
sistem,sistem
tergoyahkan,tergoyah
generasi,generasi
muda,muda
menghidupkan,menghidup
semangat,semangat
kartini,kartin
dunia,dunia
serba,serba
digital,digital
uang,uang
kertas,kertas
ruang,ruang
digital,digital
inklusif,inklusif
suara,suara
kebijakan,kebija
adil,adil
keberanian,berani
mengangkat,mengangkat
suara,suara
perempuan,perempuan
arus,arus
zaman,zaman
berubah,rubah
cepat,cepat
merawat,rawat
pemikiran,pemikir
kartini,kartin
kebun,kebun
nirkertas,nirkertas
menanamnya,menanam
bentuk,bentuk
edukasi,edukasi
luas,luas
budaya,budaya
populer,populer
mencakup,mencakup
identitas,identitas
kebijakan,kebija
memperjuangkan,memperjuang
kesetaraan,kesetara
batas,batas
tiada,tiada
awan,awan
langit,langit
berubah,rubah
hujan,hujan
hilang,hilang
ra,ra
kartini,kartin
surat,surat
stella,stella
27,27
oktober,oktober
1902,1902
semoga,moga
awan,awan
berubah,rubah
hujan,hujan
menyuburkan,menyubur
dunia,dunia
setara,tara
adil,adil
inklusif,inklusif
semangat,semangat
kartini,kartin
hidup,hidup
ruang,ruang
ciptakan,cipta
media,media
massa,massa
memiliki,milik
peran,peran
membentuk,membentuk
opini,opini
publik,publik
sumber,sumber
informasi,informasi
utama,utama
masyarakat,masyarakat
media,media
massa,massa
memiliki,milik
kekuatan,kuat
mempengaruhi,mempengaruh
pandangan,pandang
sikap,sikap
publik,publik
isu,isu
peristiwa,peristiwa
media,media
massa,massa
berperan,berper
sumber,sumber
informasi,informasi
utama,utama
masyarakat,masyarakat
platform,platform
surat,surat
kabar,kabar
majalah,majalah
radio,radio
televisi,televisi
internet,internet
media,media
massa,massa
berita,berita
informasi,informasi
topik,topik
politik,politik
ekonomi,ekonomi
sosial,sosial
budaya,budaya
masyarakat,masyarakat
mengandalkan,mengandal
media,media
massa,massa
berita,berita
terkini,terkin
mendalam,mendalam
isu,isu
isu,isu
terkait,terkait
kehidupan,hidup
informasi,informasi
disajikan,saji
media,media
massa,massa
membentuk,membentuk
persepsi,persepsi
pemahaman,pemaham
masyarakat,masyarakat
media,media
massa,massa
memiliki,milik
peran,peran
membentuk,membentuk
agenda,agenda
publik,publik
menentukan,menentu
isu,isu
isu,isu
dianggap,anggap
dibahas,bahas
masyarakat,masyarakat
media,media
massa,massa
memilih,memilih
liputan,liput
luas,luas
isu,isu
mempengaruhi,mempengaruh
perhatian,perhati
perbincangan,perbincang
publik,publik
media,media
massa,massa
membantu,membantu
menentukan,menentu
isu,isu
isu,isu
dianggap,anggap
relevan,relevan
mendesak,mendesak
masyarakat,masyarakat
mempengaruhi,mempengaruh
agenda,agenda
kebijakan,kebija
publik,publik
media,media
massa,massa
kali,kali
platform,platform
diskusi,diskusi
debat,debat
isu,isu
isu,isu
kontroversial,kontroversial
surat,surat
kabar,kabar
acara,acara
televisi,televisi
media,media
sosial,sosial
media,media
massa,massa
ruang,ruang
pandangan,pandang
pendapat,pendapat
berbeda,berbeda
masyarakat,masyarakat
mendengar,mendengar
sudut,sudut
pandang,pandang
debat,debat
berkelanjutan,berkelanjut
diskusi,diskusi
membantu,membantu
membentuk,membentuk
opini,opini
publik,publik
ruang,ruang
pendapat,pendapat
pemikiran,pemikir
media,media
massa,massa
berperan,berper
pengawasan,pengawas
pemerintah,pemerin
institusi,institusi
investigasi,investigasi
jurnalistik,jurnalistik
melaporkan,lapor
pelanggaran,langgar
korupsi,korupsi
ketidakadilan,ketidakadil
media,media
massa,massa
kontrol,kontrol
publik,publik
pemerintah,pemerin
institusi,institusi
media,media
massa,massa
membantu,membantu
membentuk,membentuk
opini,opini
publik,publik
fakta,fakta
mengkritisi,mengkritis
kebijakan,kebija
tindakan,tinda
dianggap,anggap
sesuai,sesuai
kepentingan,penting
masyarakat,masyarakat
media,media
massa,massa
memiliki,milik
kemampuan,mampu
membentuk,membentuk
sikap,sikap
perilaku,perilaku
masyarakat,masyarakat
pemaparan,pemapar
nilai,nilai
nilai,nilai
norma,norma
budaya,budaya
kontennya,konten
menghadapi,menghadap
isu,isu
sosial,sosial
keadilan,adil
kesetaraan,kesetara
lingkungan,lingkung
media,media
massa,massa
mempengaruhi,mempengaruh
persepsi,persepsi
tindakan,tinda
masyarakat,masyarakat
narasi,narasi
dibangun,bangun
pemberitaan,pemberita
program,program
program,program
hiburan,hibur
informasi,informasi
media,media
massa,massa
memiliki,milik
peran,peran
mengedukasi,mengedukas
masyarakat,masyarakat
program,program
pendidikan,pendidi
dokumenter,dokumenter
artikel,artikel
mendalam,mendalam
media,media
massa,massa
membantu,membantu
meningkatkan,meningkat
pengetahuan,pengetahu
pemahaman,pemaham
publik,publik
isu,isu
kompleks,kompleks
informasi,informasi
akurat,akurat
terpercaya,terpercaya
media,media
massa,massa
membantu,membantu
membentuk,membentuk
opini,opini
publik,publik
berbasis,berbasis
pengetahuan,pengetahu
pemahaman,pemaham
media,media
massa,massa
mendorong,mendorong
partisipasi,partisipasi
publik,publik
proses,proses
pengambilan,pengambil
keputusan,putus
tindakan,tinda
sosial,sosial
liputan,liput
luas,luas
isu,isu
isu,isu
partisipatif,partisipatif
pemilihan,pemilih
kampanye,kampanye
sosial,sosial
isu,isu
lingkungan,lingkung
media,media
massa,massa
mengajak,mengajak
masyarakat,masyarakat
terlibat,terlibat
aktif,aktif
mempengaruhi,mempengaruh
kebijakan,kebija
perubahan,rubah
membantu,membantu
membentuk,membentuk
opini,opini
publik,publik
berorientasi,berorientas
partisipasi,partisipasi
keterlibatan,keterlibat
aktif,aktif
kehidupan,hidup
publik,publik
media,media
massa,massa
memiliki,milik
peran,peran
mempromosikan,mempromosi
kesadaran,sadar
pemahaman,pemaham
keragaman,ragam
budaya,budaya
nilai,nilai
nilai,nilai
multikultural,multikultural
liputan,liput
inklusif,inklusif
representatif,representatif
media,media
massa,massa
memperluas,memperluas
wawasan,wawas
masyarakat,masyarakat
kelompok,kelompok
etnis,etnis
agama,agama
budaya,budaya
membantu,membantu
membentuk,membentuk
opini,opini
publik,publik
toleran,toleran
menghargai,mengharga
perbedaan,perbeda
berupaya,berupaya
membangun,membangun
harmoni,harmoni
sosial,sosial
era,era
informasi,informasi
digital,digital
media,media
massa,massa
berperan,berper
mempromosikan,mempromosi
keterbukaan,keterbuka
transparansi,transparansi
pemerintahan,pemerintah
institusi,institusi
mempublikasikan,mempublikasi
informasi,informasi
terkait,terkait
kebijakan,kebija
publik,publik
penggunaan,pengguna
anggaran,anggar
tindakan,tinda
institusi,institusi
media,media
massa,massa
membantu,membantu
mengawasi,mengawas
tindakan,tinda
pemerintah,pemerin
institusi,institusi
bertanggung,bertanggung
publik,publik
membantu,membantu
membentuk,membentuk
opini,opini
publik,publik
berbasis,berbasis
akses,akses
informasi,informasi
transparan,transparan
akuntabel,akuntabel
media,media
massa,massa
mengemban,mengemb
tanggung,tanggung
mengikuti,mengikut
prinsip,prinsip
etika,etika
jurnalistik,jurnalistik
informasi,informasi
membentuk,membentuk
opini,opini
publik,publik
media,media
massa,massa
keakuratan,akurat
keseimbangan,keseimbang
keadilan,adil
pemberitaannya,pemberita
menghindari,menghindar
sensationalisme,sensationalisme
diskriminasi,diskriminasi
manipulasi,manipulasi
informasi,informasi
prinsip,prinsip
ditegakkan,tegak
media,media
massa,massa
media,media
massa,massa
membangun,membangun
kepercayaan,percaya
publik,publik
memainkan,main
peran,peran
konstruktif,konstruktif
membentuk,membentuk
opini,opini
publik,publik
media,media
massa,massa
memiliki,milik
peran,peran
membentuk,membentuk
opini,opini
publik,publik
penyediaan,penyedia
informasi,informasi
pembentukan,pembentu
agenda,agenda
publik,publik
pencetus,pencetus
diskusi,diskusi
debat,debat
pengawasan,pengawas
pemerintah,pemerin
institusi,institusi
pembentukan,pembentu
sikap,sikap
perilaku,perilaku
pengedukasian,pengedukasi
masyarakat,masyarakat
mendorong,mendorong
partisipasi,partisipasi
publik,publik
mendorong,mendorong
kesadaran,sadar
multikultural,multikultural
mempromosikan,mempromosi
keterbukaan,keterbuka
transparansi,transparansi
menjalankan,menjalan
tanggung,tanggung
etika,etika
jurnalistik,jurnalistik
era,era
terhubung,terhubung
digital,digital
peran,peran
media,media
massa,massa
membentuk,membentuk
opini,opini
publik,publik
berdampak,berdampak
luas,luas
media,media
massa,massa
memiliki,milik
kekurangan,kurang
risiko,risiko
bias,bias
media,media
mempengaruhi,mempengaruh
pandang,pandang
publik,publik
isu,isu
media,media
massa,massa
cenderung,cenderung
memiliki,milik
kepentingan,penting
penyebaran,penyebar
berita,berita
palsu,palsu
hoaks,hoaks
informasi,informasi
terverifikasi,terverifikas
merusak,rusak
kepercayaan,percaya
masyarakat,masyarakat
media,media
massa,massa
masyarakat,masyarakat
mengembangkan,mengembang
literasi,literas
media,media
kemampuan,mampu
menganalisis,menganalisis
mengevaluasi,mengevaluas
memahami,memaham
informasi,informasi
diterima,terima
media,media
massa,massa
memahami,memaham
sumber,sumber
informasi,informasi
kredibel,kredibel
memeriksa,memeriksa
fakta,fakta
mempertimbangkan,mempertimbang
sudut,sudut
pandang,pandang
berbeda,berbeda
masyarakat,masyarakat
mengembangkan,mengembang
pemahaman,pemaham
opini,opini
berlandaskan,berlandas
informasi,informasi
akurat,akurat
konteks,konteks
demokrasi,demokrasi
media,media
massa,massa
memiliki,milik
tanggung,tanggung
ruang,ruang
sudut,sudut
pandang,pandang
pendapat,pendapat
berbeda,berbeda
adil,adil
seimbang,imbang
masyarakat,masyarakat
informasi,informasi
komprehensif,komprehensif
membangun,membangun
opini,opini
era,era
digital,digital
peran,peran
media,media
massa,massa
kompleks,kompleks
beragam,ragam
platform,platform
media,media
sosial,sosial
perkembangan,perkembang
teknologi,teknologi
individu,individu
memiliki,milik
peran,peran
membentuk,membentuk
opini,opini
publik,publik
berbagi,berbag
informasi,informasi
pandangan,pandang
pengalaman,pengalam
media,media
massa,massa
masyarakat,masyarakat
menghasilkan,menghasil
informasi,informasi
akurat,akurat
berimbang,berimbang
mempromosikan,mempromosi
diskusi,diskusi
sehat,sehat
media,media
massa,massa
memainkan,main
peran,peran
signifikan,signifikan
membentuk,membentuk
opini,opini
publik,publik
penyediaan,penyedia
informasi,informasi
pembentukan,pembentu
agenda,agenda
publik,publik
mendorong,mendorong
diskusi,diskusi
pengawasan,pengawas
pemerintah,pemerin
pembentukan,pembentu
sikap,sikap
perilaku,perilaku
pengedukasian,pengedukasi
masyarakat,masyarakat
media,media
massa,massa
membentuk,membentuk
pandangan,pandang
sikap,sikap
publik,publik
isu,isu
literasi,literas
media,media
penggunaan,pengguna
informasi,informasi
kritis,kritis
masyarakat,masyarakat
membentuk,membentuk
opini,opini
berlandaskan,berlandas
pemahaman,pemaham
akurat,akurat
seimbang,imbang
mitra,mitra
makan,makan
bergizi,bergiz
gratis,gratis
mengeluhkan,mengeluh
bayaran,bayar
kerjanya,kerja
program,program
mbg,mbg
keluhan,keluh
lapangan,lapang
tempo,tempo
co,co
jakarta,jakarta
program,program
makan,makan
bergizi,bergiz
gratis,gratis
mbg,mbg
keluhan,keluh
mitra,mitra
terbaru,terbaru
keluhan,keluh
mitra,mitra
dapur,dapur
kalibata,kalibata
mengaku,menga
bayaran,bayar
yayasan,yayasan
rangkuman,rangkum
keluhan,keluh
mitra,mitra
mbg,mbg
program,program
mitra,mitra
mbg,mbg
kalibata,kalibata
bayaran,bayar
mitra,mitra
dapur,dapur
makan,makan
bergizi,bergiz
gratis,gratis
satuan,satu
pelayanan,layan
pemenuhan,pemenuh
gizi,gizi
sppg,sppg
kalibata,kalibata
jakarta,jakarta
selatan,selatan
mengaku,menga
bayar,bayar
sepeser,peser
beroperasi,beroperas
februari,februari
2025,2025
kuasa,kuasa
hukum,hukum
danna,danna
harly,harly
putra,putra
kliennya,klien
ira,ira
mesra,mesra
rela,rela
menjual,menjual
aset,aset
modal,modal
mitra,mitra
program,program
menyesalkan,menyesal
tindakan,tinda
yayasan,yayasan
mbn,mbn
membayarkan,membayar
sepeser,peser
hak,hak
ira,ira
mitra,mitra
dapur,dapur
makan,makan
bergizi,bergiz
gratis,gratis
kalibata,kalibata
harly,harly
konferensi,konferensi
pers,pers
kalibata,kalibata
selasa,selasa
15,15
april,april
2025,2025
harly,harly
total,total
kerugian,rugi
dialami,alam
kliennya,klien
mencapai,mencapa
rp975,rp975
375,375
000,000
kerugian,rugi
dihitung,hitung
berdasarkan,berdasar
65,65
025,025
porsi,porsi
dimasak,masak
ira,ira
mitra,mitra
tahap,tahap
gaji,gaji
staf,staf
sppg,sppg
jawa,jawa
dibayar,bayar
tata,tata
nama,nama
terpaksa,terpaksa
menjual,menjual
motornya,motor
memenuhi,memenuh
kebutuhan,butuh
sehari,sehar
staf,staf
satuan,satu
pelayanan,layan
pemenuhan,pemenuh
gizi,gizi
sppg,sppg
dapur,dapur
produksi,produksi
makan,makan
bergizi,bergiz
gratis,gratis
semenjak,semenjak
program,program
tata,tata
gajinya,gaji
jual,jual
hp,hp
singkat,singkat
diwawancarai,wawancara
senin,senin
24,24
maret,maret
2025,2025
tata,tata
salah,salah
sppg,sppg
jawa,jawa
kerjanya,kerja
kadang,kadang
mengurusi,mengurus
dapur,dapur
larut,larut
malam,malam
tata,tata
pembicaraan,pembicara
terkait,terkait
gaji,gaji
berulang,berulang
kali,kali
bgn,bgn
ketidakpastian,ketidakpasti
sabar,sabar
proses,proses
tata,tata
menirukan,meniru
bgn,bgn
kepala,kepala
badan,badan
gizi,gizi
nasional,nasional
bgn,bgn
dadan,dad
hindayana,hindayana
membantah,memb
terkait,terkait
menunggaknya,menunggak
gaji,gaji
staf,staf
sppg,sppg
berdalih,berdalih
status,status
staf,staf
pegawai,pegawai
pemerintah,pemerin
perjanjian,perjanji
kerja,kerja
pppk,pppk
anggaran,anggar
gaji,gaji
berasal,berasal
apbn,apbn
turun,turun
gaji,gaji
sppg,sppg
apbn,apbn
masuk,masuk
pagu,pagu
pppk,pppk
status,status
pppk,pppk
diambil,ambil
sumber,sumber
dadan,dad
dikonfirmasi,dikonfirmas
aplikasi,aplikasi
perpesanan,perpesan
minggu,minggu
23,23
maret,maret
2025,2025
kepala,kepala
chef,chef
makan,makan
bergizi,bergiz
gratis,gratis
talangi,talang
bahan,bahan
masakan,masakan
kepala,kepala
chef,chef
dapur,dapur
sehat,sehat
anak,anak
bangsa,bangsa
jonie,jonie
kusuma,kusuma
hadi,had
memimpin,memimpin
satuan,satu
pelayanan,layan
pemenuhan,pemenuh
gizi,gizi
sppg,sppg
lapangan,lapang
udara,udara
halim,halim
perdana,perdana
kusuma,kusuma
bercerita,bercerita
sistem,sistem
pembayaran,pembayar
modal,modal
pelaksanaan,laksana
program,program
makan,makan
bergizi,bergiz
gratis,gratis
mbg,mbg
jonie,jonie
restoran,restoran
mitra,mitra
menalangi,menalang
biaya,biaya
produksi,produksi
memperoleh,memperoleh
bahan,bahan
bahan,bahan
menu,menu
mbg,mbg
reimburse,reimburse
badan,badan
gizi,gizi
nasional,nasional
minggu,minggu
jonie,jonie
menyebut,menyebut
sistem,sistem
permodalan,permodal
mbg,mbg
ditemui,temu
sd,sd
angkasa,angkasa
5,5
halim,halim
jakarta,jakarta
timur,timur
senin,senin
6,6
januari,januari
2025,2025
lomba,lomba
lari,lari
maraton,maraton
beijing,beijing
diikuti,ikut
robot,robot
robot,robot
kegigihan,gigih
china,china
unggul,unggul
bidang,bidang
teknologi,teknologi
ajang,ajang
lari,lari
maraton,maraton
half,half
marathon,marathon
yuzhuang,yuzhuang
beijing,beijing
china,china
sabtu,sabtu
19,19
4,4
2025,2025
berbeda,berbeda
ajang,ajang
lari,lari
12,12
000,000
manusia,manusia
pesertanya,serta
21,21
robot,robot
ukuran,ukur
robot,robot
peserta,serta
half,half
marathon,marathon
bervariasi,bervarias
tingginya,tinggi
1,1
2,2
meter,meter
memiliki,milik
1,1
8,8
meter,meter
sesuai,sesuai
disyaratkan,syarat
robot,robot
robot,robot
tungkai,tungkai
berlari,berlar
panitia,panitia
memisahkan,memisah
jalur,jalur
lari,lari
manusia,manusia
jalur,jalur
robot,robot
peserta,serta
kategori,kategori
robot,robot
perusahaan,perusaha
perusahaan,perusaha
teknologi,teknologi
bidang,bidang
robotik,robotik
china,china
mengikuti,mengikut
lomba,lomba
ubahnya,ubah
menguji,menguj
produk,produk
robot,robot
dilaporkan,lapor
media,media
cnn,cnn
wired,wired
robot,robot
peserta,serta
gagal,gagal
finis,finis
berputar,berputar
putar,putar
karuan,karuan
roboh,roboh
robot,robot
terjatuh,terjatuh
garis,garis
start,start
lomba,lomba
robot,robot
didampingi,damping
manusia,manusia
bertugas,bertugas
mengendalikan,mengendali
robot,robot
kadang,kadang
kadang,kadang
memeganginya,memegang
baterai,baterai
diganti,digant
lomba,lomba
robot,robot
peserta,serta
diganti,digant
penalti,penalti
tambahan,tambah
tempuh,tempuh
10,10
menit,menit
kategori,kategori
robot,robot
pemenangnya,menang
tiangong,tiangong
ultra,ultra
beijing,beijing
innovation,innovation
center,center
of,of
human,human
robotics,robotics
menyelesaikan,menyelesai
jarak,jarak
21,21
kilometer,kilometer
tiangong,tiangong
ultra,ultra
2,2
jam,jam
40,40
menit,menit
ketimbang,ketimbang
kebanyakan,kebanya
manusia,manusia
atlet,atlet
kategori,kategori
manusia,manusia
pria,pria
catatan,catat
pemenang,menang
yuzhuang,yuzhuang
half,half
marathon,marathon
1,1
jam,jam
2,2
menit,menit
keikutsertaan,keikutserta
robot,robot
lomba,lomba
lari,lari
menyuguhkan,menyuguh
tantangan,tantang
ringan,ringan
problem,problem
pengembangan,pengembang
robot,robot
humanoid,humanoid
menyerupai,menyerupa
manusia,manusia
memastikannya,memasti
bergerak,bergerak
mengalami,mengalam
kerusakan,rusa
hardware,hardware
manusia,manusia
urusan,urus
berlari,berlar
berjam,berjam
jam,jam
robot,robot
sulit,sulit
dilakoni,lakon
komponen,komponen
robot,robot
rusak,rusak
akibat,akibat
gerakan,gera
berulang,berulang
ulang,ulang
isu,isu
kestabilan,stabil
kemampuan,mampu
menjaga,menjaga
arah,arah
gerakan,gera
mengikuti,mengikut
lomba,lomba
lari,lari
perusahaan,perusaha
teknologi,teknologi
mengatasi,mengatas
isu,isu
isu,isu
china,china
gigih,gigih
membangun,membangun
kemampuan,mampu
teknologinya,teknologi
pendidikan,pendidi
berkualitas,berkualitas
bidang,bidang
sains,sains
matematika,matematika
rekayasa,rekayasa
fondasi,fondasi
posisinya,posisi
negara,negara
manufaktur,manufaktur
terbesar,terbesar
dunia,dunia
dilengkapi,lengkap
kemampuan,mampu
teknologinya,teknologi
menyaingi,menyaing
amerika,amerika
serikat,serikat
china,china
dipandang,pandang
as,as
ancaman,ancam
washington,washington
membatasi,membatas
penjualan,penjual
cip,cip
canggih,canggih
negara,negara
penampilan,penampil
robot,robot
humanoid,humanoid
ajang,ajang
half,half
marathon,marathon
barulah,baru
permulaan,permula
robotik,robotik
kian,kian
maju,maju
terintegrasi,terintegras
teknologi,teknologi
kecerdasan,cerdas
buatan,buat
canggih,canggih
era,era
robot,robot
nan,nan
cerdas,cerdas
asosiasi,asosiasi
usaha,usaha
pengamat,pengamat
mengkhawatirkan,mengkhawatir
relaksasi,relaksasi
regulasi,regulasi
tingkat,tingkat
komponen,komponen
negeri,negeri
tkdn,tkdn
mengancam,mengancam
industri,industri
negeri,negeri
memicu,memicu
hengkangnya,hengkang
industri,industri
diperlakukan,diperlaku
setara,tara
kompas,kompas
21,21
4,4
2025,2025
tkdn,tkdn
instrumen,instrumen
nontarif,nontarif
melindungi,lindung
industri,industri
negeri,negeri
as,as
dianggap,anggap
membatasi,membatas
akses,akses
perusahaan,perusaha
as,as
pasar,pasar
indonesia,indonesia
tkdn,tkdn
pro,pro
kontra,kontra
rencana,rencana
penghapusan,penghapus
kuota,kuota
impor,impor
kebijakan,kebija
liberalisasi,liberalisasi
impor,impor
dikhawatirkan,khawatir
indonesia,indonesia
kian,kian
dibanjiri,banjir
barang,barang
impor,impor
memukul,memukul
petani,tani
lokal,lokal
mengancam,mengancam
swasembada,swasembada
pangan,pangan
kebijakan,kebija
berlaku,berla
as,as
negara,negara
komitmen,komitmen
perlindungan,perlindung
industri,industri
negeri,negeri
pemerintah,pemerin
kalangan,kalang
pelaku,pela
usaha,usaha
pengamat,pengamat
berharap,berharap
pemerintah,pemerin
gampang,gampang
menyerah,menyerah
tekanan,kanan
negara,negara
salah,salah
misi,misi
terpenting,terpenting
delegasi,delegasi
ri,r
negosiasi,negosiasi
as,as
kesepakatan,sepakat
penurunan,penurun
tarif,tarif
resiprokal,resiprokal
32,32
persen,persen
as,as
melunakkan,lunak
kubu,kubu
as,as
indonesia,indonesia
menawarkan,menawar
menambah,menambah
volume,volume
impor,impor
as,as
melonggarkan,longgar
tkdn,tkdn
menghapus,menghapus
kuota,kuota
impor,impor
kemudahan,mudah
perusahaan,perusaha
as,as
investasi,investasi
indonesia,indonesia
total,total
16,16
poin,poin
kebijakan,kebija
indonesia,indonesia
dinilai,nila
merugikan,rugi
as,as
as,as
daya,daya
tawar,tawar
kuat,kuat
mencoba,mencoba
memaksakan,memaksa
syarat,syarat
syarat,syarat
menguntungkan,menguntung
pemerintah,pemerin
dihadapkan,hadap
tantangan,tantang
komitmen,komitmen
penurunan,penurun
tarif,tarif
resiprokal,resiprokal
dicapai,capa
mencederai,mencedera
industri,industri
pasar,pasar
ekonomi,ekonomi
negeri,negeri
pelonggaran,longgar
tkdn,tkdn
membuka,membuka
akses,akses
investasi,investasi
memfasilitasi,memfasilitas
perdagangan,perdagang
bilateral,bilateral
penghapusan,penghapus
kuota,kuota
impor,impor
menekan,mene
permainan,permain
rente,rente
membantu,membantu
stabilisasi,stabilisasi
harga,harga
pangan,pangan
langkah,langkah
kesiapan,kesiap
industri,industri
negeri,negeri
berbasis,berbasis
strategi,strategi
industrialisasi,industrialisas
nasional,nasional
jangka,jangka
mitigasi,mitigas
dampak,dampak
kesepakatan,sepakat
dicapai,capa
disiapkan,siap
mengamankan,mengaman
pasar,pasar
negeri,negeri
serbuan,serbu
produk,produk
dumping,dumping
negara,negara
negara,negara
terdampak,terdampak
kebijakan,kebija
tarif,tarif
trump,trump
negosiasi,negosiasi
as,as
menghasilkan,menghasil
formula,formula
perjanjian,perjanji
perdagangan,perdagang
bilateral,bilateral
menguntungkan,menguntung
indonesia,indonesia
salah,salah
langkah,langkah
kebijakan,kebija
menyelamatkan,menyelamat
industri,industri
negeri,negeri
memacu,memacu
cepat,cepat
deindustrialisasi,deindustrialisas
pelaku,pela
negeri,negeri
kian,kian
terdesak,terdesak
produk,produk
impor,impor
pelaku,pela
industri,industri
beralih,beralih
importir,importir
dianggap,anggap
menguntungkan,menguntung
kebijakan,kebija
tarif,tarif
trump,trump
momentum,momentum
indonesia,indonesia
membenahi,membenah
iklim,iklim
investasi,investasi
ekosistem,ekosistem
kebijakan,kebija
penguatan,penguat
daya,daya
saing,saing
industri,industri
negeri,negeri
resilien,resilien
menghadapi,menghadap
perubahan,rubah
kebijakan,kebija
negara,negara
mitra,mitra
dagang,dagang
rezim,rezim
perdagangan,perdagang
global,global
ramah,ramah
kementerian,menteri
komunikasi,komunikasi
informatika,informatika
kominfo,kominfo
merilis,rilis
laporan,lapor
indonesia,indonesia
membutuhkan,membutuh
500,500
000,000
talenta,talenta
digital,digital
menutup,menutup
kesenjangan,senjang
3,3
juta,juta
talenta,talenta
digital,digital
2030,2030
anak,anak
indonesia,indonesia
menghadapi,menghadap
kesulitan,sulit
menguasai,menguasa
salah,salah
fondasi,fondasi
pendidikan,pendidi
science,science
technology,technology
engineering,engineering
mathematics,mathematics
stem,stem
matematika,matematika
berdasarkan,berdasar
survei,survei
programme,programme
for,for
international,international
student,student
assessment,assessment
pisa,pisa
2018,2018
kemampuan,mampu
matematika,matematika
siswa,siswa
indonesia,indonesia
peringkat,peringkat
75,75
81,81
negara,negara
71,71
persen,persen
siswa,siswa
mencapai,mencapa
kompetensi,kompetensi
minimum,minimum
ketakutan,takut
matematika,matematika
kali,kali
disebabkan,sebab
kurangnya,kurang
pemahaman,pemaham
dasar,dasar
minimnya,minim
metode,metode
pembelajaran,pembelajar
menyenangkan,menyenang
efektif,efektif
sekolah,sekolah
rumah,rumah
pendidikan,pendidi
stem,stem
anak,anak
memahami,memaham
teknologi,teknologi
mengasah,mengasah
kemampuan,mampu
berpikir,berpikir
kritis,kritis
logis,logis
kreatif,kreatif
taufiq,taufiq
wisnu,wisnu
coo,coo
algorithmics,algorithmics
indonesia,indonesia
pendidikan,pendidi
stem,stem
fondasi,fondasi
kuat,kuat
anak,anak
anak,anak
berkembang,berkembang
dunia,dunia
digital,digital
algorithmics,algorithmics
menyediakan,menyedia
program,program
program,program
dirancang,rancang
membangun,membangun
kemampuan,mampu
pendekatan,pendekat
interaktif,interaktif
menyenangkan,menyenang
taufiq,taufiq
wisnu,wisnu
keterangan,terang
tertulis,tertulis
senin,senin
2,2
12,12
2024,2024
algorithmics,algorithmics
hadir,hadir
kursus,kursus
matematika,matematika
inovatif,inovatif
anak,anak
anak,anak
usia,usia
6,6
7,7
10,10
12,12
program,program
bertujuan,bertuju
menghadapi,menghadap
tantangan,tantang
akademik,akademik
sekolah,sekolah
memperkenalkan,memperkenal
dasar,dasar
dasar,dasar
matematika,matematika
menyenangkan,menyenang
efektif,efektif
keunggulan,unggul
kursus,kursus
pengembangan,pengembang
keterampilan,terampil
berpikir,berpikir
kursus,kursus
dirancang,rancang
mengasah,mengasah
kemampuan,mampu
berpikir,berpikir
logis,logis
kritis,kritis
spasial,spasial
analitis,analitis
anak,anak
anak,anak
diajarkan,ajar
menyelesaikan,menyelesai
kompleks,kompleks
tingkat,tingkat
olimpiade,olimpiade
meraih,raih
keunggulan,unggul
kompetisi,kompetisi
akademik,akademik
baca,baca
metode,metode
pengajaran,pengajar
matematika,matematika
paud,paud
jawabannya,jawab
keunggulan,unggul
metode,metode
pembelajaran,pembelajar
inovatif,inovatif
sesi,sesi
pelajaran,pelajar
dirancang,rancang
menciptakan,mencipta
pengalaman,pengalam
belajar,belajar
menarik,menarik
efektif,efektif
metodenya,metode
meliputi,liput
warm,warm
up,up
permainan,permain
logika,logika
menstimulus,menstimulus
minat,minat
belajar,belajar
pengenalan,pengenal
topik,topik
sederhana,sederhana
menarik,menarik
materi,materi
mudah,mudah
dipahami,paham
latihan,latih
interaktif,interaktif
platform,platform
digital,digital
meningkatkan,meningkat
pemahaman,pemaham
materi,materi
diikuti,ikut
revisi,revisi
materi,materi
memperkuat,memperkuat
daya,daya
diskusi,diskusi
hasil,hasil
belajar,belajar
arahan,arah
mendukung,mendukung
kemajuan,maju
belajar,belajar
siswa,siswa
akses,akses
belajar,belajar
fleksibel,fleksibel
anak,anak
anak,anak
memiliki,milik
akses,akses
24,24
7,7
platform,platform
online,online
meninjau,meninjau
materi,materi
latihan,latih
tambahan,tambah
belajar,belajar
sesuai,sesuai
kecepatan,cepat
kebutuhan,butuh
kursus,kursus
membangun,membangun
cinta,cinta
matematika,matematika
pendekatan,pendekat
berbasis,berbasis
permainan,permain
math,math
battles,battles
teka,teka
teki,teki
analitis,analitis
kuis,kuis
interaktif,interaktif
anak,anak
anak,anak
termotivasi,termotivas
menikmati,nikmat
proses,proses
belajar,belajar
mengajarkan,mengajar
anak,anak
anak,anak
menghitung,menghitung
mengembangkan,mengembang
keterampilan,terampil
berpikir,berpikir
kritis,kritis
analitis,analitis
tujuan,tuju
membangun,membangun
generasi,generasi
takut,takut
matematika,matematika
mencintainya,mencinta
memahami,memaham
relevansinya,relevansi
kehidupan,hidup
sehari,sehar
imbuh,imbuh
taufiq,taufiq
algorithmics,algorithmics
berkomitmen,berkomitmen
mendukung,mendukung
visi,visi
indonesia,indonesia
negara,negara
unggul,unggul
bidang,bidang
teknologi,teknologi
inovasi,inovasi
mencetak,mencetak
generasi,generasi
muda,muda
menguasai,menguasa
coding,coding
memiliki,milik
keterampilan,terampil
berpikir,berpikir
kritis,kritis
analitis,analitis
matematika,matematika
pendekatan,pendekat
pembelajaran,pembelajar
interaktif,interaktif
menyenangkan,menyenang
berbasis,berbasis
teknologi,teknologi
algorithmics,algorithmics
berusaha,berusaha
anak,anak
anak,anak
indonesia,indonesia
menghadapi,menghadap
tantangan,tantang
era,era
digital,digital
berkembang,berkembang
indonesia,indonesia
memiliki,milik
potensi,potensi
pemimpin,pemimpin
bidang,bidang
digital,digital
teknologi,teknologi
anak,anak
anak,anak
pendidikan,pendidi
stem,stem
inovatif,inovatif
mempercepat,mempercepat
tercapainya,tercapa
visi,visi
tutup,tutup
taufiq,taufiq
